iata,city,country_code,country,continent,lat,lon,elevation_m,population,annual_sunshine_hours,rainy_days_per_year,climate,destination_type,best_month,sunshine_score_year,sunshine_score_jan,sunshine_score_feb,sunshine_score_mar,sunshine_score_apr,sunshine_score_may,sunshine_score_jun,sunshine_score_jul,sunshine_score_aug,sunshine_score_sep,sunshine_score_oct,sunshine_score_nov,sunshine_score_dec
ADD,"Addis Ababa",ET,"Ethiopia","Africa",8.9779,38.7993,2325,3860000,2891,94,"highland","major city break",January,83,94,91,86,80,80,75,69,69,70,90,93,94
AKL,"Auckland",NZ,"New Zealand","Oceania",-37.012,174.7863,5,1547200,2003,196,"oceanic / maritime","city break",January,57,80,79,77,69,46,35,29,30,44,50,67,76
AMS,"Amsterdam",NL,"Netherlands","Europe",52.3086,4.7639,6,1031000,1779,185,"oceanic / maritime","city break",July,30,0,0,0,20,46,64,74,72,57,31,0,0
ATH,"Athens",GR,"Greece","Europe",37.9364,23.9445,81,3242000,2759,66,"Mediterranean","major coastal city",August,68,21,28,50,75,91,92,93,94,90,86,62,33
ATL,"Atlanta",US,"United States","North America",33.6367,-84.4281,302,4506000,2738,113,"humid subtropical","major city break",October,60,13,31,55,77,78,75,73,77,78,80,58,24
AUH,"Abu Dhabi",AE,"United Arab Emirates","Asia",24.441,54.6492,19,1807000,3460,10,"hot desert","coastal city break",February,83,98,99,97,99,89,69,50,50,59,90,99,98
BCN,"Barcelona",ES,"Spain","Europe",41.2971,2.0785,2,4920000,2591,120,"Mediterranean","major coastal city",June,67,29,37,58,78,85,89,89,87,83,81,56,37
BER,"Berlin",DE,"Germany","Europe",52.3617,13.5023,42,3426354,1626,163,"oceanic / maritime","major city break",September,38,0,0,0,41,72,78,73,77,79,33,0,0
BKK,"Bangkok",TH,"Thailand","Asia",13.6811,100.747,3,6704000,2624,122,"tropical — wet & dry seasons","major city break",December,75,91,82,77,65,67,67,67,67,67,67,85,93
BLR,"Bengaluru",IN,"India","Asia",13.1979,77.7063,901,8495492,2409,50,"tropical — wet & dry seasons","major city break",January,75,93,92,63,50,66,79,75,72,65,67,83,90
BNE,"Brisbane",AU,"Australia","Oceania",-27.3842,153.117,6,5638830,2968,123,"humid subtropical","major coastal city",July,80,71,69,72,81,83,80,90,88,90,82,80,73
BOG,"Bogota",CO,"Colombia","South America",4.7016,-74.1469,2547,7772000,1328,185,"highland","major city break",February,58,71,73,57,54,49,49,56,61,67,54,49,56
BOM,"Mumbai",IN,"India","Asia",19.0887,72.8679,6,18978000,2584,75,"tropical monsoon","major coastal city",January,68,94,75,47,28,45,67,67,67,67,75,91,93
BOS,"Boston",US,"United States","North America",42.362,-71.0079,2,4467000,2634,124,"hot-summer continental","major city break",September,40,0,0,0,31,71,74,77,77,78,54,13,0
BRU,"Brussels",BE,"Belgium","Europe",50.9014,4.4844,36,1743000,1595,197,"oceanic / maritime","city break",September,40,0,0,13,47,64,76,74,73,78,44,6,0
CAI,"Cairo",EG,"Egypt","Africa",30.1115,31.3967,119,11893000,3542,16,"hot desert","major city break",February,81,74,99,99,98,90,60,40,50,80,99,97,90
CAN,"Guangzhou (Huadu)",CN,"China","Asia",23.3924,113.299,15,16096724,1628,157,"humid subtropical","major city break",December,67,70,78,64,60,60,60,60,60,60,78,78,81
CDG,"Paris (Roissy-en-France, Val-d'Oise)",FR,"France","Europe",49.009,2.5541,103,9904000,1662,174,"oceanic / maritime","major city break",September,44,0,0,26,54,70,77,78,77,80,52,13,0
CLT,"Charlotte",US,"United States","North America",35.214,-80.9431,216,995000,2821,111,"humid subtropical","city break",October,60,13,27,58,79,77,76,68,76,78,81,60,25
CMN,"Casablanca",MA,"Morocco","Africa",33.3675,-7.59,196,3665954,2891,64,"Mediterranean","major city break",June,79,50,58,72,89,92,96,96,96,89,87,72,56
CPH,"Copenhagen",DK,"Denmark","Europe",55.6179,12.656,3,1153615,1912,166,"oceanic / maritime","city break",July,28,0,0,0,7,41,59,77,75,53,19,0,0
CUN,"Cancún",MX,"Mexico","North America",21.0408,-86.8735,8,888797,2497,100,"tropical — wet & dry seasons","coastal city break",March,76,82,84,87,86,77,66,77,73,66,66,71,81
DEL,"New Delhi",IN,"India","Asia",28.5556,77.0952,227,15926000,2716,35,"semi-arid","major city break",November,63,92,91,92,37,0,8,34,54,69,93,94,94
DEN,"Denver",US,"United States","North America",39.86,-104.6738,1633,2313000,3107,89,"semi-arid","major city break",September,52,0,0,31,67,86,89,88,89,91,69,16,0
DFW,"Dallas-Fort Worth",US,"United States","North America",32.8968,-97.038,186,4798000,2803,78,"humid subtropical","major city break",September,63,35,49,79,80,74,62,51,50,81,77,78,42
DOH,"Doha",QA,"Qatar","Asia",25.2731,51.6081,7,1450000,3416,15,"hot desert","coastal city break",May,88,98,98,98,98,99,80,60,60,70,99,97,97
DTW,"Detroit",US,"United States","North America",42.2138,-83.3538,194,4101000,2436,135,"hot-summer continental","major city break",September,36,0,0,0,20,57,77,77,78,79,47,0,0
DUB,"Dublin",IE,"Ireland","Europe",53.4287,-6.2621,65,1059000,1453,188,"oceanic / maritime","city break",July,26,0,0,6,19,37,49,60,58,49,28,11,0
DXB,"Dubai",AE,"United Arab Emirates","Asia",25.2498,55.371,3,3790000,3509,12,"hot desert","major coastal city",November,57,97,98,97,79,30,0,0,0,20,70,99,98
EDI,"Edinburgh",GB,"United Kingdom","Europe",55.9501,-3.3723,29,514990,1427,203,"oceanic / maritime","city break",July,21,0,0,0,13,32,48,52,51,44,17,0,0
EZE,"Buenos Aires (Ezeiza)",AR,"Argentina","South America",-34.8222,-58.5358,18,12795000,2525,92,"humid subtropical","major city break",December,68,75,72,72,76,67,50,41,61,73,74,75,77
FCO,"Rome",IT,"Italy","Europe",41.8045,12.252,1,3339000,2473,131,"Mediterranean","major coastal city",July,63,20,26,47,76,83,87,89,89,81,78,54,26
FRA,"Frankfurt am Main",DE,"Germany","Europe",50.0267,8.5584,108,2895000,1447,169,"oceanic / maritime","major city break",September,40,0,0,13,46,74,76,75,75,78,45,0,0
GIG,"Rio De Janeiro",BR,"Brazil","South America",-22.81,-43.2506,9,11748000,2187,172,"tropical monsoon","major coastal city",August,73,64,64,64,73,79,83,83,84,79,72,64,64
GRU,"São Paulo",BR,"Brazil","South America",-23.4313,-46.47,743,18845000,1894,193,"humid subtropical","major city break",August,71,62,62,62,73,77,80,78,83,77,70,62,62
HAN,"Hanoi (Soc Son)",VN,"Vietnam","Asia",21.2212,105.807,13,8053663,1488,152,"humid subtropical","major city break",February,69,81,83,78,73,54,54,60,60,60,64,78,82
HEL,"Helsinki (Vantaa)",FI,"Finland","Europe",60.3184,24.9633,48,1115000,1858,194,"continental","city break",August,26,0,0,0,0,47,63,76,77,46,0,0,0
HKG,"Hong Kong",HK,"Hong Kong SAR China","Asia",22.3118,113.9149,6,7396076,1971,142,"humid subtropical","major coastal city",November,71,70,78,78,70,63,63,63,63,63,80,85,79
HKT,"Phuket",TH,"Thailand","Asia",8.1133,98.3174,10,79308,2497,178,"tropical monsoon","beach resort",February,70,79,89,73,67,66,66,66,66,66,66,66,68
HND,"Tokyo",JP,"Japan","Asia",35.5497,139.787,6,35676000,1877,183,"humid subtropical","major coastal city",August,47,6,13,33,59,62,62,62,65,62,62,51,25
IAD,"Washington",US,"United States","North America",38.9445,-77.4558,87,4338000,2453,116,"humid subtropical","major city break",August,47,0,0,26,70,71,72,73,76,73,75,33,0
IAH,"Houston",US,"United States","North America",29.9844,-95.3414,27,4459000,2578,101,"humid subtropical","major city break",March,68,52,68,78,78,72,64,67,57,72,71,77,57
ICN,"Seoul",KR,"South Korea","Asia",37.4691,126.451,5,10349312,2066,98,"humid subtropical","major coastal city",June,34,0,0,0,20,50,72,63,63,67,61,14,0
IST,"Istanbul",TR,"Türkiye","Europe",41.2749,28.7321,78,15701602,2218,126,"Mediterranean","major coastal city",August,45,0,0,7,21,65,85,87,88,80,63,32,6
JED,"Jeddah",SA,"Saudi Arabia","Asia",21.6802,39.1574,7,4697000,3373,6,"hot desert","major coastal city",February,69,98,99,99,79,49,30,30,40,40,69,97,98
JFK,"New York",US,"United States","North America",40.6394,-73.7793,2,19040000,2535,117,"humid subtropical","major coastal city",September,38,0,0,0,25,56,73,73,73,76,53,25,0
JNB,"Johannesburg",ZA,"South Africa","Africa",-26.1401,28.2468,1677,9418183,3124,92,"oceanic / maritime","major city break",August,84,75,83,84,90,95,72,73,96,95,87,81,74
KEF,"Reykjavík",IS,"Iceland","Europe",63.985,-22.6056,48,166212,1326,222,"subpolar / tundra","seaside town",July,4,0,0,0,0,0,12,18,17,5,0,0,0
KIX,"Osaka",JP,"Japan","Asia",34.4273,135.244,1,11294000,1927,187,"humid subtropical","major coastal city",May,44,0,6,30,52,65,62,62,63,62,62,50,19
KUL,"Kuala Lumpur",MY,"Malaysia","Asia",2.7456,101.71,18,1453975,2234,207,"tropical rainforest","coastal city break",February,64,64,66,64,64,64,64,64,64,64,64,64,64
LAS,"Las Vegas",US,"United States","North America",36.0834,-115.1518,641,1823000,3825,27,"hot desert","city break",April,65,48,72,98,99,99,30,10,19,69,98,98,40
LAX,"Los Angeles",US,"United States","North America",33.9425,-118.408,44,12500000,3254,34,"semi-arid","major coastal city",June,87,64,64,83,95,97,98,98,98,98,95,94,65
LHR,"London",GB,"United Kingdom","Europe",51.4707,-0.4599,30,8961989,1633,166,"oceanic / maritime","major city break",June,39,0,0,13,33,58,77,77,76,73,43,12,0
LIM,"Lima",PE,"Peru","South America",-12.0219,-77.1143,18,8012000,1230,12,"hot desert","major coastal city",January,85,85,84,85,85,85,85,85,85,85,85,85,85
MAD,"Madrid",ES,"Spain","Europe",40.4934,-3.5722,601,5567000,2769,122,"Mediterranean","major city break",June,59,7,22,50,71,88,91,75,83,91,83,36,15
MAN,"Manchester",GB,"United Kingdom","Europe",53.3494,-2.2795,68,2230000,1265,196,"oceanic / maritime","major city break",July,33,0,0,6,31,49,64,69,68,59,34,11,0
MCO,"Orlando",US,"United States","North America",28.4294,-81.309,34,1350000,2935,116,"humid subtropical","city break",November,79,85,86,84,86,78,69,69,69,69,80,88,86
MEL,"Melbourne",AU,"Australia","Oceania",-37.6707,144.8379,114,5435590,2363,119,"humid subtropical","major coastal city",January,68,85,84,84,83,63,34,34,40,62,83,80,82
MEX,"Mexico City",MX,"Mexico","North America",19.4358,-99.0703,2223,19028000,2555,106,"highland","major city break",December,82,92,92,91,90,84,69,66,66,67,82,90,93
MIA,"Miami",US,"United States","North America",25.796,-80.2898,2,5585000,3154,130,"tropical — wet & dry seasons","major coastal city",January,79,90,89,88,84,73,70,70,70,70,75,86,88
MNL,"Manila (Pasay)",PH,"Philippines","Asia",14.5086,121.02,13,11100000,2103,146,"tropical rainforest","major coastal city",March,64,64,64,69,65,57,64,64,64,64,64,64,64
MSP,"Minneapolis",US,"United States","North America",44.8801,-93.2217,251,2616000,2711,115,"hot-summer continental","major city break",September,38,0,0,0,33,75,71,78,75,79,41,0,0
MUC,"Munich",DE,"Germany","Europe",48.3538,11.7861,453,1505005,1533,182,"oceanic / maritime","city break",July,33,0,0,0,39,58,69,70,69,62,32,0,0
MXP,"Milan",IT,"Italy","Europe",45.6306,8.7281,221,2945000,1883,147,"humid subtropical","major city break",July,43,0,0,26,55,69,75,77,74,75,54,11,0
ORD,"Chicago",US,"United States","North America",41.9786,-87.9048,213,8990000,2508,126,"hot-summer continental","major city break",September,40,0,0,0,44,72,73,75,74,78,58,7,0
OSL,"Oslo (Gardermoen)",NO,"Norway","Europe",60.1939,11.1004,227,1082575,1668,184,"continental","city break",July,20,0,0,0,0,30,53,68,54,35,0,0,0
PER,"Perth",AU,"Australia","Oceania",-31.9403,115.967,16,2384371,3230,104,"Mediterranean","major coastal city",December,79,75,76,95,92,85,61,52,60,71,92,94,96
PHL,"Philadelphia",US,"United States","North America",39.8719,-75.2411,2,5492000,2498,116,"humid subtropical","major city break",May,44,0,0,13,57,76,71,71,71,75,67,26,0
PKX,"Beijing",CN,"China","Asia",39.5013,116.414,22,18960744,2671,72,"semi-arid","major city break",April,51,0,0,39,90,88,81,61,75,84,82,8,0
PTY,"Panama City",PA,"Panama","North America",9.0714,-79.3835,12,1281000,2146,181,"tropical — wet & dry seasons","coastal city break",February,71,88,90,88,72,64,64,64,64,64,64,64,71
PUJ,"Punta Cana",DO,"Dominican Republic","North America",18.5671,-68.3646,10,100023,2978,176,"semi-arid","beach resort",February,87,90,92,92,88,83,87,87,84,83,84,82,88
PVG,"Shanghai (Pudong)",CN,"China","Asia",31.1434,121.805,3,24874500,1776,150,"humid subtropical","major coastal city",October,43,0,0,18,48,69,61,62,61,64,75,50,13
SCL,"Santiago",CL,"Chile","South America",-33.393,-70.7858,474,5720000,2808,39,"semi-arid","major city break",January,77,94,94,94,93,66,42,36,51,70,93,94,94
SEA,"Seattle",US,"United States","North America",47.4479,-122.3103,118,3074000,2170,149,"Mediterranean","major city break",July,42,0,0,17,37,66,82,88,86,81,40,11,0
SFO,"San Francisco",US,"United States","North America",37.6198,-122.3748,1,3450000,3062,64,"oceanic / maritime","major city break",September,64,41,41,49,53,63,72,81,89,96,85,65,38
SGN,"Ho Chi Minh City",VN,"Vietnam","Asia",10.8188,106.652,8,14002598,2489,147,"tropical — wet & dry seasons","major city break",December,65,82,65,46,43,53,66,66,66,66,66,75,88
SIN,"Singapore",SG,"Singapore","Asia",1.3502,103.994,4,5638700,2022,175,"tropical rainforest","major coastal city",February,64,63,72,63,63,63,63,63,63,63,63,63,63
SVO,"Moscow",RU,"Russia","Europe",55.9769,37.4112,189,10452000,1901,191,"continental","major city break",August,30,0,0,0,13,68,74,73,76,58,0,0,0
SYD,"Sydney (Mascot)",AU,"Australia","Oceania",-33.9461,151.177,5,5638830,2468,131,"humid subtropical","major coastal city",October,72,78,69,74,80,77,52,57,64,78,82,78,80
SZX,"Shenzhen",CN,"China","Asia",22.6395,113.8033,3,17494398,1883,146,"humid subtropical","major coastal city",December,72,76,84,77,70,62,62,62,62,62,80,84,86
TFU,"Chengdu (Jianyang)",CN,"China","Asia",30.3125,104.4413,449,13568357,1073,164,"humid subtropical","major city break",October,55,14,41,72,73,67,61,57,57,61,74,60,21
TPE,"Taoyuan",TW,"Taiwan","Asia",25.0777,121.233,30,500000,1404,203,"humid subtropical","coastal city break",October,61,52,65,63,64,59,59,59,59,59,67,67,63
VIE,"Vienna",AT,"Austria","Europe",48.1103,16.5697,182,2400000,2048,146,"humid subtropical","major city break",May,42,0,0,7,56,78,77,78,78,78,48,0,0
WAW,"Warsaw",PL,"Poland","Europe",52.1657,20.9671,105,1707000,1997,161,"continental","city break",August,37,0,0,0,41,70,78,76,79,74,27,0,0
YUL,"Montréal",CA,"Canada","North America",45.4678,-73.7423,30,3678000,2051,154,"continental","major city break",September,33,0,0,0,12,61,71,73,73,75,29,0,0
YVR,"Vancouver",CA,"Canada","North America",49.1939,-123.184,1,2313328,1938,170,"Mediterranean","major city break",July,32,0,0,0,19,46,68,85,84,64,21,0,0
YYC,"Calgary",CA,"Canada","North America",51.1188,-114.0099,1079,1306784,2396,100,"continental","alpine / mountain city",July,31,0,0,0,14,54,73,82,82,63,7,0,0
YYZ,"Toronto",CA,"Canada","North America",43.6759,-79.6294,183,5213000,2066,127,"continental","major city break",August,30,0,0,0,0,32,71,77,80,72,26,0,0
ZRH,"Zurich",CH,"Switzerland","Europe",47.4581,8.5481,420,1108000,1566,182,"oceanic / maritime","city break",June,31,0,0,6,35,51,62,61,61,57,35,0,0
ABJ,"Abidjan",CI,"Côte d’Ivoire","Africa",5.2614,-3.9263,4,6321017,2296,136,"tropical — wet & dry seasons","major coastal city",January,74,87,81,68,65,65,65,74,84,74,65,72,83
ABV,"Abuja",NG,"Nigeria","Africa",9.0068,7.2632,340,2690000,2497,83,"tropical — wet & dry seasons","major city break",November,67,75,55,45,62,69,67,66,66,66,72,83,75
ABZ,"Aberdeen",GB,"United Kingdom","Europe",57.2019,-2.1978,60,198590,1631,211,"oceanic / maritime","seaside town",July,21,0,0,0,6,32,42,53,52,45,17,0,0
ACC,"Accra",GH,"Ghana","Africa",5.6052,-0.1668,61,2121000,2432,138,"tropical — wet & dry seasons","major coastal city",January,77,89,85,74,69,66,66,76,86,74,66,81,89
ACE,"Lanzarote",ES,"Spain","Africa",28.9455,-13.6052,8,18517,2759,23,"hot desert","beach resort",May,91,85,77,86,94,95,95,95,95,95,92,92,92
ADB,"Gaziemir",TR,"Türkiye","Asia",38.2924,27.157,120,137553,3066,96,"Mediterranean","beach resort",July,68,12,26,50,74,92,94,97,97,94,88,62,26
ADL,"Adelaide",AU,"Australia","Oceania",-34.9475,138.5334,4,1469163,2765,86,"Mediterranean","coastal city break",January,76,93,92,91,89,71,42,42,50,72,91,91,91
AER,"Sochi",RU,"Russia","Europe",43.4499,39.9566,24,327608,2178,152,"humid subtropical","beach resort",August,44,0,0,12,44,75,76,76,80,70,61,29,6
AGA,"Agadir (Temsia)",MA,"Morocco","Africa",30.3225,-9.412,68,825467,2978,37,"semi-arid","city break",June,86,77,83,90,93,94,96,77,77,95,92,85,75
AGP,"Málaga",ES,"Spain","Europe",36.6749,-4.4991,11,592346,2842,106,"Mediterranean","coastal city break",July,71,43,43,48,65,84,95,96,95,90,85,61,41
AHO,"Alghero",IT,"Italy","Europe",40.6321,8.2908,21,34261,2497,115,"Mediterranean","beach resort",July,61,27,21,35,49,72,90,92,91,86,81,50,33
AJA,"Ajaccio",FR,"France","Europe",41.9236,8.8029,2,54364,2584,111,"Mediterranean","beach resort",July,55,13,13,26,48,76,90,92,91,84,69,35,19
ALA,"Almaty",KZ,"Kazakhstan","Asia",43.3543,77.0428,678,1977011,2356,111,"hot-summer continental","city break",September,47,0,0,21,59,81,84,87,88,89,57,0,0
ALC,"Alicante",ES,"Spain","Europe",38.2822,-0.5582,26,348901,2851,104,"semi-arid","beach resort",June,78,53,62,75,89,91,94,86,84,88,89,74,52
ALG,"Algiers",DZ,"Algeria","Africa",36.6939,3.2145,18,3354000,2847,87,"Mediterranean","major coastal city",June,70,40,42,62,84,87,93,66,75,89,85,66,47
AMD,"Ahmedabad",IN,"India","Asia",23.0772,72.6347,56,6357693,3066,31,"semi-arid","major city break",January,64,97,97,48,10,0,24,63,70,75,86,96,97
AMM,"Amman",JO,"Jordan","Asia",31.7226,35.9932,720,1275857,3290,40,"cold desert","city break",May,78,31,46,87,97,98,89,79,79,98,98,88,47
ANU,"Osbourn",AG,"Antigua & Barbuda","North America",17.1367,-61.7927,13,51737,2759,188,"tropical — wet & dry seasons","beach resort",February,79,88,90,89,86,79,78,74,70,69,68,71,82
ARN,"Stockholm",SE,"Sweden","Europe",59.6485,17.9288,39,1515017,1803,165,"continental","city break",July,27,0,0,0,0,40,69,76,76,53,6,0,0
AUA,"Oranjestad",AW,"Aruba","North America",12.5011,-70.0143,8,28658,2978,76,"semi-arid","beach resort",March,90,91,94,95,95,93,93,92,92,87,79,80,86
AUS,"Austin",US,"United States","North America",30.1975,-97.662,149,1161000,2644,84,"humid subtropical","city break",November,70,49,72,82,83,75,65,58,50,78,78,84,64
AYT,"Antalya",TR,"Türkiye","Asia",36.8987,30.8005,59,1335002,3022,92,"Mediterranean","coastal city break",June,66,23,33,63,87,89,94,57,58,92,85,74,35
BAH,"Manama",BH,"Bahrain","Asia",26.2673,50.6376,2,563920,3285,27,"hot desert","coastal city break",May,89,96,97,97,97,99,89,69,59,79,98,96,96
BDS,"Brindisi",IT,"Italy","Europe",40.6576,17.947,7,87141,2365,111,"Mediterranean","beach resort",July,59,13,20,34,56,85,87,88,88,80,77,50,26
BEG,"Belgrade",RS,"Serbia","Europe",44.8184,20.3091,100,1273651,2112,130,"humid subtropical","city break",August,48,0,0,27,68,75,75,80,81,80,67,21,0
BES,"Brest",FR,"France","Europe",48.4479,-4.4185,95,144899,1664,209,"oceanic / maritime","seaside town",July,36,6,0,13,26,45,59,72,71,67,41,23,6
BEY,"Beirut",LB,"Lebanon","Asia",33.8198,35.4874,5,1916100,2940,75,"Mediterranean","coastal city break",June,79,38,47,66,92,95,96,96,96,95,92,86,53
BFS,"Belfast",GB,"United Kingdom","Europe",54.6575,-6.2158,68,450406,1430,223,"oceanic / maritime","city break",July,24,0,0,0,19,36,47,57,50,48,22,6,0
BGI,"Bridgetown",BB,"Barbados","North America",13.0747,-59.491,50,98511,2978,158,"tropical — wet & dry seasons","beach resort",February,85,90,93,93,92,87,83,83,79,79,72,77,88
BGO,"Bergen",NO,"Norway","Europe",60.2934,5.2181,44,294029,1613,280,"oceanic / maritime","seaside town",July,13,0,0,0,0,17,32,41,40,25,5,0,0
BGW,"Baghdad",IQ,"Iraq","Asia",33.2625,44.2346,33,7216000,3241,31,"hot desert","major city break",April,52,53,77,93,94,49,0,0,0,20,87,93,62
BGY,"Bergamo",IT,"Italy","Europe",45.6694,9.7089,239,200000,1883,148,"oceanic / maritime","regional city",July,38,0,0,13,37,60,75,77,74,75,43,0,0
BHX,"Birmingham",GB,"United Kingdom","Europe",52.4539,-1.748,95,2285000,1459,181,"oceanic / maritime","major city break",July,34,0,0,6,33,50,68,74,74,64,30,6,0
BIA,"Bastia",FR,"France","Europe",42.5527,9.4837,6,41001,2321,122,"Mediterranean","beach resort",July,55,7,14,27,56,84,88,90,89,83,71,37,13
BIO,"Bilbao",ES,"Spain","Africa",43.3011,-2.9106,39,875552,1533,181,"Mediterranean","coastal city break",July,43,11,12,18,30,44,64,81,81,78,58,25,16
BIQ,"Biarritz",FR,"France","Europe",43.4684,-1.5232,69,33188,1840,180,"oceanic / maritime","seaside town",July,52,11,18,37,55,73,76,80,80,77,72,31,17
BJV,"Bodrum",TR,"Türkiye","Asia",37.2493,27.664,2,39317,3154,99,"Mediterranean","beach resort",June,71,29,32,50,75,93,97,97,97,94,89,67,35
BKI,"Kota Kinabalu",MY,"Malaysia","Asia",5.9327,116.0493,2,527671,2409,215,"tropical rainforest","coastal city break",February,67,65,75,70,68,65,65,65,65,65,65,65,65
BLL,"Billund",DK,"Denmark","Europe",55.7403,9.157,68,6725,1764,184,"oceanic / maritime","small town",July,25,0,0,0,7,39,56,68,66,50,18,0,0
BLQ,"Bologna",IT,"Italy","Europe",44.5354,11.2887,35,488172,1927,127,"humid subtropical","city break",July,49,0,0,27,60,79,81,83,83,79,70,25,0
BNA,"Nashville",US,"United States","North America",36.1245,-86.6782,173,877000,2510,118,"humid subtropical","city break",September,51,0,12,42,70,70,75,71,75,77,75,44,6
BOD,"Bordeaux",FR,"France","Europe",44.8287,-0.7154,47,803000,1971,171,"oceanic / maritime","city break",July,53,6,13,39,60,78,80,83,82,82,71,31,13
BOH,"Bournemouth",GB,"United Kingdom","Europe",50.7805,-1.8396,10,426945,1632,163,"oceanic / maritime","city break",July,37,0,0,6,33,52,71,76,75,72,41,12,0
BOJ,"Burgas",BG,"Bulgaria","Europe",42.5699,27.5152,40,210646,2059,75,"Mediterranean","beach resort",August,49,0,0,21,49,82,82,82,86,81,65,34,0
BRI,"Bari",IT,"Italy","Europe",41.1389,16.7606,41,500577,2409,101,"Mediterranean","coastal city break",July,58,14,14,34,56,86,87,88,88,83,80,46,20
BRS,"Bristol",GB,"United Kingdom","Europe",51.3823,-2.7165,182,553528,1489,185,"oceanic / maritime","city break",July,35,0,0,6,32,51,69,74,74,71,36,12,0
BSB,"Brasília",BR,"Brazil","South America",-15.8692,-47.9208,1066,3716996,2368,169,"tropical — wet & dry seasons","major city break",June,77,65,65,65,73,88,92,92,91,87,72,65,65
BSL,"Basel",FR,"France","Europe",47.6007,7.5211,266,830000,1533,176,"oceanic / maritime","city break",September,37,0,0,12,43,60,68,68,67,73,41,6,0
BSZ,"Bishkek",KG,"Kyrgyzstan","Asia",43.0613,74.4776,633,900000,2497,100,"Mediterranean","city break",August,51,0,0,29,69,85,88,90,91,91,65,7,0
BTS,"Bratislava",SK,"Slovakia","Europe",48.1702,17.2127,131,423737,2075,146,"continental","city break",May,40,0,0,0,49,79,79,79,79,79,41,0,0
BUD,"Budapest",HU,"Hungary","Europe",47.4302,19.2624,140,1741041,1988,134,"humid subtropical","city break",September,45,0,0,21,69,78,76,77,79,80,54,7,0
BWI,"Baltimore",US,"United States","North America",39.1754,-76.6683,41,585708,2582,114,"humid subtropical","city break",May,46,0,0,20,64,74,72,73,74,74,69,33,0
BZE,"Belize City",BZ,"Belize","North America",17.54,-88.3036,3,65222,2497,156,"tropical monsoon","beach resort",April,72,72,83,85,87,70,66,66,66,66,66,66,69
CAG,"Cagliari",IT,"Italy","Europe",39.2515,9.0543,2,291511,2726,109,"semi-arid","beach resort",June,71,36,36,59,87,90,93,76,84,89,87,68,43
CCS,"Maiquetía",VE,"Venezuela","South America",10.6022,-66.9912,56,52564,2497,141,"tropical — wet & dry seasons","beach resort",March,81,86,88,91,86,81,78,75,72,77,76,79,80
CCU,"Kolkata",IN,"India","Asia",22.654,88.4476,5,14787000,2108,77,"tropical — wet & dry seasons","major city break",January,64,89,87,51,24,32,57,64,64,64,64,86,89
CEB,"Cebu City/Lapu-Lapu City",PH,"Philippines","Asia",10.3093,123.9797,8,965332,2321,142,"tropical rainforest","coastal city break",April,68,65,74,77,80,69,65,65,65,65,65,65,65
CFU,"Corfu",GR,"Greece","Europe",39.6014,19.9122,0,100854,2409,119,"Mediterranean","beach resort",July,57,12,18,31,55,85,88,90,88,78,72,44,22
CGK,"Jakarta",ID,"Indonesia","Asia",-6.1256,106.656,14,9125000,2983,160,"tropical monsoon","major coastal city",August,74,69,69,69,69,71,79,80,88,85,72,69,69
CGN,"Köln (Cologne)",DE,"Germany","Europe",50.8659,7.1427,75,1742135,1411,188,"oceanic / maritime","city break",September,39,0,0,13,46,69,74,73,72,76,44,6,0
CGO,"Zhengzhou",CN,"China","Asia",34.5265,113.8492,147,4253913,2234,88,"humid subtropical","major city break",April,52,0,7,66,85,80,62,52,66,76,84,43,0
CHC,"Christchurch",NZ,"New Zealand","Oceania",-43.489,172.5321,33,419200,2070,123,"oceanic / maritime","city break",February,53,79,80,80,58,38,19,13,26,40,51,72,77
CHQ,"Chaniá",GR,"Greece","Asia",35.5312,24.1507,139,53910,2672,73,"Mediterranean","beach resort",June,71,32,33,50,68,92,94,94,94,92,85,68,45
CIT,"Shymkent",KZ,"Kazakhstan","Asia",42.365,69.4756,410,1200000,2716,78,"Mediterranean","city break",September,49,0,0,34,76,87,82,56,66,94,81,14,0
CJU,"Jeju City",KR,"South Korea","Asia",33.5121,126.4925,23,488844,2102,135,"humid subtropical","coastal city break",July,32,0,0,0,16,38,53,64,64,64,56,32,0
CKG,"Chongqing",CN,"China","Asia",29.7123,106.6519,407,7457599,983,168,"humid subtropical","major city break",March,52,20,40,66,63,56,56,56,58,58,63,62,27
CLE,"Cleveland",US,"United States","North America",41.4117,-81.8498,236,1890000,2280,151,"hot-summer continental","city break",August,36,0,0,0,19,56,75,75,77,76,45,7,0
CLJ,"Cluj-Napoca",RO,"Romania","Europe",46.786,23.6857,312,316748,1840,148,"continental","regional city",September,40,0,0,7,47,74,72,73,78,80,46,0,0
CLO,"Cali",CO,"Colombia","South America",3.5427,-76.3819,962,2392877,1942,161,"tropical — wet & dry seasons","major city break",August,74,80,77,72,65,70,80,82,83,80,67,62,73
CMB,"Colombo",LK,"Sri Lanka","Asia",7.1808,79.8841,8,648034,2621,126,"tropical rainforest","coastal city break",February,71,80,81,73,67,67,68,76,74,67,67,67,67
CNF,"Belo Horizonte",BR,"Brazil","South America",-19.6357,-43.9669,827,5575000,2425,165,"tropical — wet & dry seasons","major city break",June,78,66,69,66,82,88,92,92,91,86,77,66,66
CNS,"Cairns",AU,"Australia","Oceania",-16.8789,145.7495,2,154225,2718,95,"tropical monsoon","beach resort",August,77,67,67,67,67,76,83,85,89,89,84,79,67
CNX,"Chiang Mai",TH,"Thailand","Asia",18.7668,98.9626,310,397211,2512,122,"tropical — wet & dry seasons","regional city",February,73,91,93,72,49,60,68,66,66,66,71,87,91
COK,"Kochi",IN,"India","Asia",10.151,76.4008,8,1519000,2497,109,"tropical monsoon","coastal city break",January,73,91,89,75,70,66,66,66,66,66,66,66,87
COR,"Cordoba",AR,"Argentina","South America",-31.3123,-64.2083,475,2106734,2534,82,"humid subtropical","major city break",August,80,71,70,73,83,90,84,77,93,88,82,74,73
CPT,"Cape Town",ZA,"South Africa","Africa",-33.974,18.6043,42,4772846,3094,99,"Mediterranean","major city break",February,78,94,95,93,89,77,48,50,50,72,89,89,94
CSX,"Changsha (Changsha)",CN,"China","Asia",28.1892,113.22,63,3093980,1577,160,"humid subtropical","major city break",October,53,12,30,50,60,60,60,60,65,71,75,63,26
CTA,"Catania",IT,"Italy","Europe",37.4668,15.0664,4,674542,2540,70,"Mediterranean","coastal city break",May,68,34,41,63,87,91,91,65,64,84,81,72,46
CTG,"Cartagena",CO,"Colombia","South America",10.4424,-75.513,1,914552,2409,96,"tropical — wet & dry seasons","coastal city break",January,75,93,92,91,82,65,68,65,65,65,65,65,83
CTS,"Sapporo",JP,"Japan","Asia",42.7748,141.6904,21,2544000,1740,232,"continental","major coastal city",June,30,0,0,0,13,49,73,65,61,64,34,0,0
CVG,"Cincinnati / Covington",US,"United States","North America",39.0488,-84.6678,263,1636000,2278,127,"humid subtropical","city break",August,45,0,0,18,60,71,73,73,78,77,69,26,0
CXR,"Nha Trang/nha Trang aiurportCam Ranh",VN,"Vietnam","Asia",11.9982,109.219,9,579000,2015,156,"tropical — wet & dry seasons","coastal city break",February,72,82,88,84,82,67,71,68,66,63,63,63,63
CZL,"Constantine",DZ,"Algeria","Africa",36.276,6.6204,699,605179,2803,94,"Mediterranean","city break",June,63,19,27,48,76,85,92,75,81,85,84,53,26
DAC,"Dhaka",BD,"Bangladesh","Asia",23.8433,90.3978,8,12797394,2435,86,"tropical — wet & dry seasons","major city break",January,71,91,89,67,39,53,66,66,66,66,66,87,90
DAD,"Da Nang",VN,"Vietnam","Asia",16.0439,108.199,8,1276000,2182,139,"tropical monsoon","coastal city break",February,73,77,87,84,83,77,79,73,64,64,64,64,64
DAM,"Damascus",SY,"Syria","Asia",33.4115,36.5156,609,2466000,3066,60,"semi-arid","major city break",September,69,21,36,69,94,96,87,58,58,97,95,76,36
DAR,"Dar es Salaam",TZ,"Tanzania","Africa",-6.8735,39.2073,50,5383728,2815,104,"tropical — wet & dry seasons","major coastal city",July,80,79,81,68,68,68,91,93,93,91,83,72,72
DBV,"Dubrovnik",HR,"Croatia","Europe",42.5622,18.2655,159,26922,2234,130,"Mediterranean","beach resort",July,43,0,0,12,31,59,81,85,85,73,52,27,5
DJE,"Zarzis",TN,"Tunisia","Africa",33.8737,10.7773,5,219517,3154,31,"semi-arid","beach resort",July,84,55,55,70,95,96,97,98,97,93,93,92,61
DLC,"Dalian (Ganjingzi)",CN,"China","Asia",38.9657,121.5385,29,4913879,2672,82,"hot-summer continental","major coastal city",September,38,0,0,0,22,63,82,70,67,85,65,7,0
DLM,"Dalaman",TR,"Türkiye","Asia",36.7131,28.7925,3,19292,3154,99,"Mediterranean","beach resort",July,69,29,31,43,60,93,96,97,97,94,86,65,35
DMM,"Ad Dammam",SA,"Saudi Arabia","Asia",26.4691,49.7982,35,1252523,3285,28,"hot desert","city break",February,69,89,98,98,98,59,30,20,20,39,79,96,97
DPS,"Denpasar",ID,"Indonesia","Asia",-8.7484,115.1671,5,732344,3373,105,"tropical — wet & dry seasons","coastal city break",August,82,72,72,72,77,84,89,92,95,92,89,75,72
DSS,"Dakar",SN,"Senegal","Africa",14.6709,-17.0728,87,2646503,3078,34,"semi-arid","major coastal city",February,85,96,97,87,87,78,84,81,70,70,88,87,97
DTM,"Dortmund",DE,"Germany","Europe",51.5183,7.6122,123,588462,1451,185,"oceanic / maritime","city break",September,37,0,0,6,39,62,74,72,71,75,43,6,0
DUS,"Düsseldorf",DE,"Germany","Europe",51.2895,6.7668,36,1220000,1437,191,"oceanic / maritime","city break",September,39,0,0,13,46,69,74,72,72,75,43,6,0
DYG,"Zhangjiajie (Yongding)",CN,"China","Asia",29.1047,110.4428,207,441804,1445,185,"humid subtropical","city break",October,46,0,19,46,60,59,59,59,60,66,68,48,13
DYU,"Dushanbe",TJ,"Tajikistan","Asia",38.5437,68.823,784,1086244,2628,92,"semi-arid","city break",September,54,0,0,50,85,89,74,56,66,94,92,37,0
EBB,"Entebbe",UG,"Uganda","Africa",0.0424,32.4435,1161,175128,2398,194,"tropical monsoon","regional city",July,73,81,81,66,65,65,81,82,77,71,65,65,72
EBL,"Erbil",IQ,"Iraq","Asia",36.236,43.9466,398,2065597,3110,70,"semi-arid","major city break",May,52,22,45,81,90,95,29,0,0,49,94,84,37
EFL,"Kefallinia",GR,"Greece","Europe",38.1201,20.5005,15,46899,2759,106,"Mediterranean","beach resort",July,57,18,20,27,44,76,92,93,92,82,70,48,23
EIN,"Eindhoven",NL,"Netherlands","Europe",51.4501,5.3745,20,398053,1732,191,"oceanic / maritime","regional city",June,40,0,0,13,47,71,77,75,74,72,45,6,0
EMA,"Nottingham, Leicestershire",GB,"United Kingdom","Europe",52.8311,-1.3281,90,2285000,1383,176,"oceanic / maritime","major city break",July,32,0,0,6,26,50,67,72,72,57,30,6,0
ESB,"Ankara",TR,"Türkiye","Asia",40.1281,32.9951,948,3716000,2450,113,"Mediterranean","major city break",July,49,0,0,14,50,84,85,91,91,90,73,15,0
EVN,"Yerevan",AM,"Armenia","Asia",40.1489,44.3979,855,1144700,2675,95,"semi-arid","city break",September,54,0,0,45,79,84,87,72,73,91,89,30,0
FAO,"Faro",PT,"Portugal","Europe",37.0159,-7.9709,5,70347,3044,79,"Mediterranean","seaside town",July,74,44,51,57,71,91,96,97,96,93,83,60,49
FEZ,"Saïss",MA,"Morocco","Africa",33.9273,-4.978,576,1191905,2803,82,"Mediterranean","city break",June,68,39,47,65,82,89,94,66,56,91,82,62,46
FIH,"Kinshasa",CD,"Congo - Kinshasa","Asia",-4.3857,15.4446,307,16000000,1672,102,"tropical — wet & dry seasons","major city break",July,68,61,61,61,61,61,85,88,84,74,61,61,61
FKB,"Karlsruhe",DE,"Germany","Europe",48.7794,8.0805,123,2944700,1533,172,"oceanic / maritime","major city break",September,40,0,0,13,53,74,75,74,74,78,44,0,0
FLR,"Florence",IT,"Italy","Europe",43.8086,11.2028,38,1500000,2015,132,"humid subtropical","city break",July,51,0,7,33,60,79,82,84,83,78,69,30,6
FMM,"Memmingen",DE,"Germany","Europe",47.9881,10.2382,629,44192,1621,186,"oceanic / maritime","small town",June,30,0,0,0,31,49,65,64,64,60,31,0,0
FNC,"Funchal",PT,"Portugal","Europe",32.6978,-16.7746,57,204767,2146,98,"Mediterranean","beach resort",July,69,49,48,49,57,66,82,90,90,87,84,68,54
FOC,"Fuzhou (Changle)",CN,"China","Asia",25.9293,119.6725,8,3740000,1607,160,"humid subtropical","major coastal city",October,60,45,50,59,62,60,60,60,60,62,79,75,52
FOR,"Fortaleza",BR,"Brazil","South America",-3.7758,-38.5322,20,3602319,2804,239,"tropical — wet & dry seasons","major coastal city",August,78,72,68,68,68,69,79,87,94,85,75,84,81
FUE,"Fuerteventura",ES,"Spain","Africa",28.4527,-13.8638,22,61351,2759,21,"hot desert","beach resort",May,91,85,77,86,94,95,95,95,95,95,93,92,93
FUK,"Fukuoka",JP,"Japan","Asia",33.5859,130.451,5,2792000,1796,203,"humid subtropical","major coastal city",October,48,6,18,34,63,62,62,62,62,62,69,55,19
GCM,"George Town",KY,"Cayman Islands","North America",19.2928,-81.3577,2,29370,2935,145,"tropical — wet & dry seasons","beach resort",February,85,92,94,94,94,84,79,85,82,77,69,80,89
GDL,"Guadalajara",MX,"Mexico","North America",20.5233,-103.3101,1527,4198000,2628,81,"Mediterranean","major city break",April,83,93,91,93,94,80,67,67,67,68,85,92,93
GDN,"Gdańsk",PL,"Poland","Europe",54.3776,18.4662,136,740000,1678,178,"continental","city break",August,22,0,0,0,0,26,52,66,69,45,6,0,0
GLA,"Glasgow",GB,"United Kingdom","Europe",55.8719,-4.4331,5,1160000,1440,224,"oceanic / maritime","city break",July,20,0,0,0,12,29,45,48,46,39,15,0,0
GOA,"Genoa",IT,"Italy","Europe",44.412,8.8407,1,647497,2102,130,"Mediterranean","coastal city break",July,50,0,7,32,58,79,82,85,82,80,67,27,6
GOT,"Göteborg",SE,"Sweden","Europe",57.6628,12.2798,152,608462,1751,162,"oceanic / maritime","city break",July,26,0,0,0,13,44,60,70,63,49,11,0,0
GRO,"Girona",ES,"Spain","Africa",41.9046,2.7618,134,108666,2190,124,"humid subtropical","beach resort",June,61,21,28,48,67,81,85,85,84,82,78,47,21
GUA,"Guatemala City",GT,"Guatemala","North America",14.5829,-90.5275,1487,1024000,2540,194,"oceanic / maritime","city break",January,78,93,93,92,86,66,66,66,66,66,66,86,92
GVA,"Geneva",CH,"Switzerland","Europe",46.2381,6.109,418,1240000,1887,165,"oceanic / maritime","city break",July,34,0,0,0,32,52,71,73,71,69,43,0,0
GYD,"Baku",AZ,"Azerbaijan","Asia",40.4728,50.0509,0,2351300,2059,53,"cold desert","major city break",June,50,0,0,7,37,81,90,90,90,88,79,36,7
HAJ,"Hannover",DE,"Germany","Europe",52.4611,9.6851,52,722490,1605,177,"oceanic / maritime","city break",June,36,0,0,0,40,64,76,74,75,71,32,0,0
HAK,"Haikou (Meilan)",CN,"China","Asia",19.9349,110.459,21,2873358,2102,170,"tropical monsoon","major coastal city",February,73,85,86,82,75,64,64,64,64,64,64,76,82
HAM,"Hamburg",DE,"Germany","Europe",53.6304,9.9882,10,1973896,1631,184,"oceanic / maritime","city break",June,35,0,0,0,34,64,75,73,75,71,32,0,0
HAV,"Havana",CU,"Cuba","North America",22.9892,-82.4091,58,2174000,2891,108,"tropical — wet & dry seasons","major coastal city",March,85,91,91,92,90,84,76,81,76,77,80,88,91
HER,"Heraklion",GR,"Greece","Europe",35.3397,25.1803,24,137154,2779,70,"Mediterranean","beach resort",July,68,26,27,44,61,93,94,95,95,92,87,63,40
HFE,"Hefei",CN,"China","Asia",31.9878,116.9769,63,5050000,2059,121,"humid subtropical","major city break",October,51,0,13,52,74,72,63,63,63,74,81,53,7
HGH,"Hangzhou",CN,"China","Asia",30.2361,120.4289,5,9236032,1883,165,"humid subtropical","major coastal city",October,51,6,18,46,68,65,62,62,62,65,76,62,19
HNL,"Honolulu, Oahu",US,"United States","North America",21.3184,-157.9257,0,786000,3036,108,"tropical — wet & dry seasons","coastal city break",June,85,84,82,80,87,88,90,90,89,88,84,81,80
HRB,"Harbin",CN,"China","Asia",45.6234,126.25,135,5242897,2584,101,"hot-summer continental","major city break",September,37,0,0,0,38,83,75,70,74,84,23,0,0
HRG,"Hurghada",EG,"Egypt","Africa",27.1768,33.7967,13,207132,3767,2,"hot desert","beach resort",February,88,91,100,100,100,100,70,60,60,80,99,100,100
HYD,"Hyderabad",IN,"India","Asia",17.2313,78.4299,604,6993262,2716,49,"semi-arid","major city break",December,68,94,85,46,27,27,69,67,67,67,79,92,95
IAS,"Iaşi",RO,"Romania","Europe",47.1796,27.6214,112,378954,1840,134,"hot-summer continental","regional city",September,42,0,0,7,54,78,74,75,81,82,47,0,0
IBZ,"Ibiza (Eivissa)",ES,"Spain","Europe",38.8729,1.3731,6,49727,2672,110,"semi-arid","beach resort",July,63,29,29,37,51,74,93,94,90,85,84,54,35
IKA,"Tehran",IR,"Iran","Asia",35.4161,51.1522,996,7873000,2826,82,"semi-arid","major city break",May,57,7,22,67,89,93,57,38,57,93,89,51,15
IKT,"Irkutsk",RU,"Russia","Asia",52.2667,104.3956,498,623869,2142,131,"subarctic","city break",June,28,0,0,0,0,56,81,76,76,48,0,0,0
IND,"Indianapolis",US,"United States","North America",39.7173,-86.2944,236,1436000,2440,126,"hot-summer continental","city break",September,42,0,0,13,54,70,68,72,77,78,63,13,0
INN,"Innsbruck",AT,"Austria","Europe",47.2602,11.344,578,132499,2048,185,"continental","alpine / mountain city",July,26,0,0,0,19,37,58,63,63,46,25,0,0
ISB,"Islamabad",PK,"Pakistan","Asia",33.549,72.8257,535,3357612,2891,96,"humid subtropical","major city break",November,67,59,73,80,85,42,15,41,62,81,92,93,84
JAI,"Jaipur",IN,"India","Asia",26.8242,75.8122,382,3046163,2891,31,"semi-arid","major city break",December,67,95,94,94,38,9,17,48,62,76,85,95,96
JER,"St. Peter",JE,"Jersey","Europe",49.2079,-2.1955,83,28000,1752,176,"oceanic / maritime","seaside town",July,27,0,0,0,13,26,47,60,59,54,36,18,6
JJN,"Quanzhou",CN,"China","Asia",24.7959,118.5886,5,1469157,1971,140,"humid subtropical","coastal city break",October,68,66,71,68,65,63,63,63,63,63,82,77,73
JMK,"Mykonos",GR,"Greece","Europe",37.4351,25.3481,122,10134,2978,66,"Mediterranean","beach resort",July,68,33,34,44,53,77,95,96,96,93,88,63,40
JSI,"Skiathos",GR,"Greece","Europe",39.1771,23.5037,9,4897,2759,81,"Mediterranean","beach resort",July,55,7,14,21,45,75,90,92,92,87,71,42,20
JTR,"Santorini",GR,"Greece","Europe",36.4,25.4786,28,,2891,66,"Mediterranean","beach resort",July,71,33,34,51,61,93,95,96,96,93,88,70,47
KGS,"Kos",GR,"Greece","Asia",36.7945,27.0911,120,19244,3110,86,"Mediterranean","beach resort",June,72,30,33,51,68,94,97,97,97,94,90,68,43
KHH,"Kaohsiung (Xiaogang)",TW,"Taiwan","Asia",22.5771,120.35,8,2769072,2015,173,"tropical — wet & dry seasons","major coastal city",February,74,84,86,84,80,63,63,63,63,63,77,81,84
KHI,"Karachi",PK,"Pakistan","Asia",24.9065,67.1608,24,12130000,2950,10,"hot desert","major coastal city",February,92,95,96,96,96,84,84,88,83,93,95,96,95
KHV,"Khabarovsk",RU,"Russia","Asia",48.5283,135.1886,72,618150,2365,128,"hot-summer continental","city break",September,33,0,0,0,14,73,76,68,68,79,14,0,0
KJA,"Krasnoyarsk",RU,"Russia","Asia",56.1757,92.4858,280,1090811,2117,178,"subarctic","city break",August,26,0,0,0,0,40,77,76,78,40,0,0,0
KMG,"Kunming",CN,"China","Asia",25.1103,102.9367,2104,3855346,2190,164,"highland","major city break",March,66,36,60,88,86,77,64,64,65,74,79,66,37
KRK,"Kraków",PL,"Poland","Europe",50.0777,19.7848,238,816614,1319,173,"continental","city break",August,33,0,0,0,32,57,68,67,72,66,31,0,0
KRR,"Krasnodar",RU,"Russia","Asia",45.0345,39.1742,34,899541,2015,137,"humid subtropical","city break",August,45,0,0,13,54,78,77,80,83,79,64,13,0
KTI,"Phnom Penh (Boeng Khyang)",KH,"Cambodia","Asia",11.36,104.9213,6,1573544,2540,128,"tropical — wet & dry seasons","city break",December,66,82,55,44,49,63,66,66,66,66,66,78,89
KTM,"Kathmandu",NP,"Nepal","Asia",27.6966,85.3591,1331,1442271,2015,72,"humid subtropical","city break",March,69,44,73,87,84,74,63,63,63,63,82,75,52
KTW,"Katowice",PL,"Poland","Europe",50.476,19.0807,298,2746000,1476,180,"continental","major city break",August,34,0,0,0,33,59,72,71,74,69,32,0,0
KUF,"Samara",RU,"Russia","Europe",53.5049,50.1643,128,1163399,2130,162,"continental","city break",August,34,0,0,0,14,76,81,81,83,69,0,0,0
KUN,"Kaunas",LT,"Lithuania","Europe",54.964,24.0858,74,374643,1822,174,"continental","regional city",June,31,0,0,0,20,64,75,71,73,59,6,0,0
KUT,"Kutaisi",GE,"Georgia","Asia",42.1774,42.4854,45,186949,1883,156,"humid subtropical","regional city",May,51,0,12,35,70,77,75,76,69,69,67,45,11
KWE,"Guiyang (Nanming)",CN,"China","Asia",26.5418,106.804,1129,3662000,1270,189,"humid subtropical","major city break",April,53,13,41,63,70,58,58,58,61,66,70,59,20
KWI,"Kuwait City",KW,"Kuwait","Asia",29.2245,47.9698,45,60064,3154,26,"hot desert","beach resort",March,61,80,95,97,96,59,10,0,0,29,78,97,96
KZN,"Kazan",RU,"Russia","Asia",55.6062,49.2787,118,1243500,2139,171,"continental","city break",August,32,0,0,0,7,75,79,79,81,61,0,0,0
LBA,"Leeds",GB,"United Kingdom","Europe",53.8659,-1.6606,200,2230000,1388,188,"oceanic / maritime","major city break",July,29,0,0,0,25,43,58,69,61,54,29,6,0
LCA,"Larnaca",CY,"Cyprus","Asia",34.8751,33.6249,0,72000,3154,57,"semi-arid","beach resort",July,78,35,38,62,87,96,97,98,98,97,95,85,49
LED,"St. Petersburg",RU,"Russia","Europe",59.8003,30.2625,21,5351935,1844,190,"continental","major coastal city",July,26,0,0,0,0,46,69,73,73,46,0,0,0
LHE,"Lahore",PK,"Pakistan","Asia",31.5216,74.4036,217,13004135,3034,64,"semi-arid","major city break",November,63,78,91,91,65,9,0,28,44,58,95,96,95
LIL,"Lille",FR,"France","Europe",50.5666,3.1024,44,1044000,1527,190,"oceanic / maritime","city break",June,40,0,0,13,47,64,76,75,74,71,44,12,0
LIR,"Liberia",CR,"Costa Rica","North America",10.5933,-85.5444,78,45380,2278,174,"tropical — wet & dry seasons","beach resort",January,71,91,82,73,61,65,65,65,65,65,65,65,89
LIS,"Lisbon",PT,"Portugal","Europe",38.7813,-9.1359,108,2812000,2806,112,"Mediterranean","major city break",July,76,48,57,63,78,89,93,95,94,91,80,65,56
LJG,"Lijiang",CN,"China","Asia",26.6775,100.2449,2237,211151,2278,148,"highland","highland city",April,60,22,45,66,86,78,68,65,65,66,73,53,30
LJU,"Ljubljana",SI,"Slovenia","Europe",46.2237,14.4576,375,314807,1840,162,"oceanic / maritime","regional city",July,36,0,0,6,38,66,73,74,72,68,35,0,0
LKO,"Lucknow",IN,"India","Asia",26.7606,80.8893,123,2695000,2672,43,"Mediterranean","major city break",November,64,91,91,83,28,0,15,54,67,67,89,94,93
LOS,"Lagos",NG,"Nigeria","Africa",6.5774,3.3212,25,15388000,1845,104,"tropical — wet & dry seasons","major coastal city",January,71,85,83,76,66,62,62,62,68,62,62,76,85
LPA,"Gran Canaria",ES,"Spain","Africa",27.9319,-15.3866,15,383516,2716,24,"hot desert","beach resort",June,87,76,68,77,85,94,95,95,94,93,92,91,82
LPL,"Liverpool",GB,"United Kingdom","Europe",53.3349,-2.8496,23,811000,1461,190,"oceanic / maritime","city break",July,28,0,0,6,19,38,54,65,59,54,29,11,0
LUX,"Luxembourg",LU,"Luxembourg","Europe",49.6268,6.2121,372,76684,1634,181,"oceanic / maritime","small town",September,37,0,0,0,40,63,76,76,75,78,38,0,0
LYS,"Lyon",FR,"France","Europe",45.726,5.0901,240,1423000,1840,158,"oceanic / maritime","city break",September,44,0,0,20,52,74,77,77,77,78,56,12,0
MAA,"Chennai",IN,"India","Asia",12.99,80.1693,12,7163000,2848,55,"tropical — wet & dry seasons","major coastal city",February,65,93,95,65,55,43,50,53,57,62,68,68,73
MAH,"Mahón (Maó)",ES,"Spain","Europe",39.8626,4.2187,88,42631,2540,127,"Mediterranean","beach resort",July,62,35,28,35,49,65,90,91,89,81,79,59,42
MBJ,"Montego Bay",JM,"Jamaica","North America",18.5034,-77.9132,1,82867,2584,128,"tropical — wet & dry seasons","beach resort",February,76,86,88,85,84,67,67,74,67,67,67,70,85
MCI,"Kansas City",US,"United States","North America",39.3017,-94.7139,295,1469000,2810,103,"humid subtropical","city break",September,49,0,0,35,78,71,71,69,72,80,80,30,0
MCT,"Muscat/Seeb",OM,"Oman","Asia",23.6002,58.2853,10,797000,3460,9,"hot desert","coastal city break",November,65,96,97,96,68,30,20,20,29,49,79,98,98
MCX,"Makhachkala",RU,"Russia","Asia",42.8168,47.6523,2,596356,1883,107,"semi-arid","city break",July,43,0,0,0,28,76,84,85,84,84,55,14,0
MDE,"Medellín",CO,"Colombia","South America",6.1645,-75.4231,2124,3297000,1892,198,"highland","major city break",February,63,65,69,62,62,62,62,62,62,62,62,62,62
MED,"Medina",SA,"Saudi Arabia","Asia",24.5534,39.7051,641,1300000,3592,11,"hot desert","city break",February,52,99,100,100,60,20,0,0,0,0,50,99,100
MFM,"Macau",MO,"Macao SAR China","Asia",22.1496,113.592,6,649335,1971,147,"humid subtropical","coastal city break",November,69,62,70,75,70,63,63,63,63,63,78,84,78
MHD,"Mashhad",IR,"Iran","Asia",36.2348,59.6429,991,2469000,2904,73,"semi-arid","major city break",June,63,0,8,52,91,93,96,86,96,96,95,39,0
MLA,"Valletta",MT,"Malta","Europe",35.8459,14.4915,73,6794,3054,80,"Mediterranean","beach resort",July,69,42,36,44,53,78,95,96,95,86,82,73,48
MLE,"Malé",MV,"Maldives","Asia",4.1918,73.5291,0,112927,,,"tropical monsoon","beach resort",February,69,81,84,81,72,63,63,63,63,63,63,63,63
MPL,"Montpellier/Méditerranée",FR,"France","Europe",43.5762,3.963,2,327254,2409,107,"Mediterranean","beach resort",July,56,7,14,35,62,84,87,89,88,84,71,40,14
MRS,"Marseille",FR,"France","Europe",43.4381,5.2125,6,1400000,2628,96,"Mediterranean","coastal city break",July,57,7,15,36,57,87,89,91,91,84,74,33,14
MRU,"Plaine Magnien",MU,"Mauritius","Africa",-20.4302,57.6836,45,10778,2321,179,"tropical — wet & dry seasons","beach resort",August,82,69,72,70,78,84,87,87,88,87,87,86,84
MRV,"Mineralnye Vody",RU,"Russia","Asia",44.2251,43.0819,318,239300,1840,143,"humid subtropical","regional city",September,42,0,0,7,47,76,74,77,80,81,54,7,0
MSQ,"Minsk",BY,"Belarus","Europe",53.8881,28.04,198,1805000,1807,185,"continental","city break",June,32,0,0,0,20,61,74,71,74,67,13,0,0
MTY,"Monterrey",MX,"Mexico","North America",25.7785,-100.107,383,3712000,2239,58,"semi-arid","major city break",February,72,88,89,87,76,57,48,46,49,64,82,87,88
NAN,"Nadi",FJ,"Fiji","Asia",-17.7618,177.4378,6,42284,2409,221,"tropical rainforest","beach resort",July,70,65,65,65,65,71,76,80,79,75,66,65,65
NAP,"Naples",IT,"Italy","Europe",40.886,14.2908,76,2250000,2278,134,"Mediterranean","major coastal city",July,57,13,13,33,61,84,86,88,88,80,78,41,19
NAS,"Nassau",BS,"Bahamas","North America",25.039,-77.4662,2,227940,2847,189,"tropical — wet & dry seasons","beach resort",February,79,89,90,88,85,73,68,72,68,68,74,83,88
NBJ,"Luanda (Ícolo e Bengo)",AO,"Angola","Asia",-9.0507,13.4991,171,5172900,2341,36,"semi-arid","major city break",July,86,87,85,78,75,87,92,93,92,91,87,83,85
NBO,"Nairobi",KE,"Kenya","Africa",-1.3189,36.9282,1620,4397073,2492,120,"Mediterranean","major city break",July,84,86,88,82,73,80,89,91,89,90,84,79,82
NCE,"Nice",FR,"France","Europe",43.6584,7.2159,1,927000,2760,91,"Mediterranean","coastal city break",July,54,14,14,28,42,65,90,92,91,87,66,36,20
NCL,"Newcastle upon Tyne, Tyne and Wear",GB,"United Kingdom","Europe",55.038,-1.6896,73,882000,1558,195,"oceanic / maritime","city break",July,23,0,0,0,13,32,49,59,52,44,24,0,0
NGB,"Ningbo",CN,"China","Asia",29.8267,121.462,3,3731203,1910,166,"humid subtropical","major city break",October,51,6,19,41,70,66,62,65,62,62,73,62,19
NGO,"Tokoname",JP,"Japan","Asia",34.8584,136.805,3,58710,1927,189,"humid subtropical","beach resort",May,43,0,6,28,53,62,62,62,62,62,62,49,13
NKG,"Nanjing",CN,"China","Asia",31.735,118.8659,31,9314685,1927,131,"humid subtropical","major city break",October,50,0,13,43,70,70,62,62,62,71,79,58,7
NNG,"Nanning (Jiangnan)",CN,"China","Asia",22.5981,108.1819,120,3839800,1664,170,"humid subtropical","major city break",February,70,67,83,78,75,62,61,61,61,63,73,80,76
NQZ,"Astana",KZ,"Kazakhstan","Asia",51.027,71.4671,353,1544142,2507,127,"continental","city break",August,37,0,0,0,29,87,86,84,88,75,0,0,0
NTE,"Nantes",FR,"France","Europe",47.1532,-1.6107,24,438537,1840,168,"oceanic / maritime","city break",June,47,6,6,26,47,66,81,81,81,81,56,24,6
NUE,"Nuremberg",DE,"Germany","Europe",49.4987,11.0781,310,515543,1533,175,"oceanic / maritime","city break",September,37,0,0,0,40,67,75,73,74,77,39,0,0
OKA,"Naha",JP,"Japan","Asia",26.1924,127.6398,0,905238,1796,250,"tropical monsoon","coastal city break",December,68,71,73,74,66,62,62,66,62,62,66,74,77
OLB,"Olbia (SS)",IT,"Italy","Europe",40.899,9.5185,7,91895,2497,136,"Mediterranean","beach resort",July,66,27,28,49,71,86,90,92,91,85,83,51,34
ONT,"Ontario",US,"United States","North America",34.056,-117.601,283,175265,3241,32,"semi-arid","regional city",June,85,58,65,92,95,97,98,88,88,97,95,94,58
OOL,"Gold Coast",AU,"Australia","Oceania",-28.166,153.5066,5,640778,2759,130,"humid subtropical","coastal city break",May,74,68,68,68,79,82,70,73,72,82,80,79,70
OPO,"Porto",PT,"Portugal","Europe",41.2481,-8.6814,55,1337000,2468,152,"Mediterranean","city break",July,61,28,31,42,58,76,87,91,89,84,68,45,30
ORK,"Cork",IE,"Ireland","Europe",51.8413,-8.4911,142,224004,1423,210,"oceanic / maritime","seaside town",July,29,0,0,6,24,42,53,63,57,53,32,11,5
ORN,"Es-Sénia",DZ,"Algeria","Africa",35.6206,-0.6225,88,803329,2847,66,"Mediterranean","coastal city break",July,79,49,58,79,84,89,94,95,93,90,87,75,57
OTP,"Bucharest",RO,"Romania","Europe",44.5718,26.1033,92,1942000,1927,119,"humid subtropical","city break",August,46,0,0,21,62,78,75,78,81,80,60,14,0
OVB,"Novosibirsk",RU,"Russia","Europe",55.0198,82.6187,112,1612833,2416,164,"continental","city break",August,31,0,0,0,0,64,83,80,84,57,0,0,0
OVD,"Ranón",ES,"Spain","Europe",43.5636,-6.0346,124,1722,1664,178,"Mediterranean","seaside town",July,51,17,18,30,43,64,78,82,80,80,65,33,23
PDL,"Ponta Delgada",PT,"Portugal","Europe",37.7412,-25.6979,66,20056,1708,200,"Mediterranean","beach resort",July,57,38,39,38,39,54,70,85,84,79,68,51,41
PDX,"Portland",US,"United States","North America",45.5887,-122.598,7,1875000,2341,146,"Mediterranean","city break",July,43,0,0,16,35,65,82,91,89,82,45,11,0
PEN,"Penang",MY,"Malaysia","Asia",5.2963,100.2762,3,2500000,2453,195,"tropical rainforest","major coastal city",February,68,76,82,67,66,66,66,66,66,66,66,66,66
PFO,"Paphos",CY,"Cyprus","Asia",34.718,32.4857,10,35961,3066,70,"Mediterranean","beach resort",July,72,33,36,45,62,87,96,97,96,96,92,81,47
PHX,"Phoenix",US,"United States","North America",33.4353,-112.0059,336,3551000,3872,37,"hot desert","major city break",April,69,78,94,96,99,79,20,19,28,48,97,97,71
PIT,"Pittsburgh",US,"United States","North America",40.4915,-80.2329,346,1838000,2021,155,"hot-summer continental","city break",August,41,0,0,0,50,73,71,74,76,75,56,13,0
PLS,"Providenciales",TC,"Turks & Caicos Islands","Asia",21.7737,-72.2683,2,23769,2540,156,"semi-arid","beach resort",February,86,89,90,90,89,82,86,88,85,81,79,83,88
PMI,"Palma de Mallorca",ES,"Spain","Europe",39.5517,2.7388,4,438234,2584,118,"Mediterranean","coastal city break",June,59,21,22,29,43,73,92,92,90,83,83,46,28
PMO,"Palermo",IT,"Italy","Europe",38.176,13.091,10,863000,2540,90,"Mediterranean","coastal city break",July,66,25,26,47,70,89,91,93,91,83,77,65,38
POA,"Porto Alegre",BR,"Brazil","South America",-29.994,-51.1675,2,3917000,2101,194,"humid subtropical","major city break",April,69,69,72,72,73,70,70,58,70,64,64,71,71
POM,"Port Moresby",PG,"Papua New Guinea","Asia",-9.4434,147.22,38,283733,2463,135,"tropical — wet & dry seasons","beach resort",July,77,66,66,66,68,80,81,89,86,86,76,81,73
POS,"Port of Spain",TT,"Trinidad & Tobago","North America",10.5953,-61.3376,11,49031,2497,208,"tropical monsoon","beach resort",March,72,75,82,84,83,72,66,66,66,68,66,66,66
POZ,"Poznań",PL,"Poland","Europe",52.4216,16.8234,90,623997,1554,161,"oceanic / maritime","city break",September,37,0,0,0,41,71,76,73,76,79,33,0,0
PPT,"Papeete",PF,"French Polynesia","Oceania",-17.5535,-149.6069,3,26357,,,"tropical — wet & dry seasons","beach resort",September,72,63,63,66,69,74,78,81,82,83,75,70,63
PRG,"Prague",CZ,"Czechia","Europe",50.1009,14.2599,362,1165581,1668,157,"continental","city break",June,36,0,0,0,41,63,74,74,73,72,33,0,0
PRN,"Pristina",XK,"Kosovo","Europe",42.5728,21.0358,540,550000,1840,126,"humid subtropical","city break",August,43,0,0,6,45,75,77,80,81,78,57,13,0
PSA,"Pisa (PI)",IT,"Italy","Europe",43.6839,10.3927,0,1500000,2146,130,"Mediterranean","coastal city break",July,53,0,7,33,61,82,85,86,85,79,68,35,13
PSP,"Palm Springs",US,"United States","North America",33.8297,-116.507,131,47371,3329,36,"cold desert","small town",May,70,16,32,65,98,99,99,78,88,98,97,57,8
PSR,"Pescara",IT,"Italy","Europe",42.4311,14.183,10,314789,2102,129,"humid subtropical","beach resort",July,45,0,0,13,33,60,82,84,84,77,58,31,13
PUS,"Busan",KR,"South Korea","Asia",35.1795,128.938,2,3480000,2327,97,"humid subtropical","major coastal city",October,43,0,0,26,45,66,65,65,65,65,79,42,0
PUY,"Pula",HR,"Croatia","Europe",44.8935,13.9222,59,52220,2102,145,"humid subtropical","beach resort",July,45,0,0,19,46,69,79,82,78,70,60,28,6
PVK,"Preveza",GR,"Greece","Europe",38.9255,20.7653,1,17283,2716,107,"Mediterranean","beach resort",July,62,18,26,40,64,88,91,92,91,79,75,53,28
PVR,"Puerto Vallarta",MX,"Mexico","North America",20.6799,-105.2544,4,224166,2584,79,"tropical — wet & dry seasons","beach resort",March,76,91,90,92,75,55,60,67,67,67,70,89,91
QRO,"Querétaro",MX,"Mexico","North America",20.6188,-100.1864,1908,2203,2584,57,"semi-arid","highland town",December,85,92,91,91,91,87,75,71,74,73,85,91,93
RAK,"Marrakesh",MA,"Morocco","Africa",31.6048,-8.0358,466,995871,3131,49,"semi-arid","city break",May,79,68,77,90,93,95,87,39,48,95,93,88,76
RBA,"Rabat",MA,"Morocco","Africa",34.0515,-6.7515,73,1705000,2919,77,"Mediterranean","coastal city break",June,77,49,51,65,82,93,96,96,96,90,86,65,56
RDU,"Raleigh/Durham",US,"United States","North America",35.8787,-78.7873,124,1163515,2584,109,"humid subtropical","city break",October,54,0,20,45,77,76,72,72,71,72,78,45,19
REC,"Recife",BR,"Brazil","South America",-8.1275,-34.923,8,3651000,2536,279,"tropical — wet & dry seasons","major coastal city",November,76,78,77,71,66,66,66,66,73,83,87,89,87
RGN,"Yangon",MM,"Myanmar (Burma)","Asia",16.9073,96.1332,23,4477638,2628,148,"tropical — wet & dry seasons","major city break",January,69,93,66,46,36,57,67,67,67,67,73,91,93
RHO,"Rhodes",GR,"Greece","Asia",36.4054,28.0862,3,127613,2994,82,"Mediterranean","beach resort",June,69,23,32,43,67,93,96,96,96,93,87,66,35
RIX,"Riga",LV,"Latvia","Europe",56.9208,23.9707,8,742572,1754,180,"continental","city break",July,26,0,0,0,0,40,63,76,75,52,6,0,0
RMF,"Marsa Alam",EG,"Egypt","Africa",25.5555,34.5924,67,10000,3958,2,"hot desert","beach resort",January,73,100,100,100,100,60,40,20,20,50,90,100,100
RMO,"Chişinău",MD,"Moldova","Europe",46.9277,28.9317,102,688134,2126,123,"hot-summer continental","city break",August,43,0,0,7,56,82,78,80,85,84,48,0,0
RTM,"Rotterdam",NL,"Netherlands","Europe",51.9569,4.4372,0,1005000,1477,183,"oceanic / maritime","city break",July,32,0,0,0,27,45,63,73,71,62,36,6,0
RUH,"Riyadh",SA,"Saudi Arabia","Asia",24.9576,46.6988,620,4465000,3225,28,"hot desert","major city break",March,59,97,97,98,87,29,0,0,0,29,79,97,97
RVN,"Rovaniemi",FI,"Finland","Europe",66.5633,25.8298,194,65670,1407,211,"subarctic","small town",July,15,0,0,0,0,12,42,64,47,12,0,0,0
SAL,"San Salvador (San Luis Talpa)",SV,"El Salvador","North America",13.4445,-89.0558,31,1433000,2957,165,"tropical — wet & dry seasons","coastal city break",January,78,96,86,76,82,69,69,69,69,69,69,89,95
SAN,"San Diego",US,"United States","North America",32.7336,-117.19,3,2916000,3055,39,"semi-arid","major coastal city",August,78,67,58,61,71,72,77,96,97,96,95,85,66
SAT,"San Antonio",US,"United States","North America",29.5337,-98.4698,238,1526656,2629,82,"humid subtropical","city break",November,73,57,80,83,83,76,65,65,58,77,80,85,65
SCQ,"Santiago de Compostela",ES,"Spain","Europe",42.8963,-8.4151,366,99536,1927,190,"Mediterranean","small town",July,51,11,18,34,49,71,81,84,83,82,58,26,16
SDQ,"Santo Domingo",DO,"Dominican Republic","North America",18.4297,-69.6689,17,2201941,2803,157,"semi-arid","major coastal city",February,86,90,91,91,88,82,87,85,84,83,84,82,88
SDR,"Santander",ES,"Spain","Europe",43.4271,-3.82,2,208763,1664,185,"Mediterranean","seaside town",July,50,16,17,29,37,58,78,82,82,79,64,31,22
SGC,"Surgut",RU,"Russia","Asia",61.3405,73.4058,58,400000,2104,187,"subarctic","city break",July,18,0,0,0,0,13,59,73,52,13,0,0,0
SHE,"Shenyang",CN,"China","Asia",41.6398,123.4837,55,7050000,2540,94,"hot-summer continental","major city break",September,40,0,0,0,57,81,74,66,66,83,56,0,0
SHJ,"Sharjah",AE,"United Arab Emirates","Asia",25.3286,55.5172,25,1800000,3416,12,"hot desert","coastal city break",February,74,95,98,97,98,69,40,30,30,50,89,98,97
SID,"Espargos",CV,"Cape Verde","Africa",16.7414,-22.9494,53,24500,876,11,"hot desert","beach resort",March,79,79,79,82,82,82,82,82,77,74,78,78,77
SJD,"San José del Cabo",MX,"Mexico","North America",23.1519,-109.7207,106,136285,2672,23,"hot desert","beach resort",March,91,93,93,94,94,94,94,91,84,77,90,91,93
SJJ,"Sarajevo",BA,"Bosnia & Herzegovina","Europe",43.8246,18.3315,507,696731,1895,158,"continental","city break",July,34,0,0,0,26,50,75,80,80,63,32,0,0
SJO,"San José (Alajuela)",CR,"Costa Rica","North America",9.9939,-84.2088,909,1284000,2453,201,"tropical — wet & dry seasons","city break",February,74,86,89,88,79,66,66,66,66,66,66,66,80
SJU,"San Juan",PR,"Puerto Rico","North America",18.4394,-66.0018,1,2478905,2964,211,"tropical — wet & dry seasons","major coastal city",February,78,87,88,85,82,73,80,78,73,69,69,71,85
SKG,"Thessaloniki",GR,"Greece","Europe",40.5193,22.97,1,309617,2278,88,"Mediterranean","beach resort",August,57,0,14,35,71,84,85,78,88,84,83,49,7
SKP,"Skopje",MK,"North Macedonia","Europe",41.9581,21.6226,235,494087,1971,112,"humid subtropical","city break",July,49,0,0,27,60,78,78,82,82,81,73,27,0
SLC,"Salt Lake City",US,"United States","North America",40.7889,-111.9799,1286,966000,3029,94,"hot-summer continental","alpine / mountain city",August,46,0,0,7,42,86,91,85,93,90,59,0,0
SMF,"Sacramento",US,"United States","North America",38.6954,-121.591,10,1604000,3608,59,"Mediterranean","city break",June,74,34,48,71,92,97,99,70,80,99,95,75,32
SNN,"Shannon",IE,"Ireland","Europe",52.702,-8.9248,2,10256,1326,221,"oceanic / maritime","small town",July,31,0,0,12,31,42,59,63,63,53,34,11,0
SOF,"Sofia",BG,"Bulgaria","Europe",42.6964,23.4177,529,1185000,2177,89,"oceanic / maritime","city break",September,44,0,0,14,47,77,76,79,81,82,61,14,0
SPU,"Split",HR,"Croatia","Europe",43.5389,16.298,20,214741,2631,144,"Mediterranean","beach resort",July,49,0,0,20,48,77,85,89,87,78,65,30,6
SSA,"Salvador",BR,"Brazil","South America",-12.9086,-38.3225,8,3484000,2443,228,"tropical — wet & dry seasons","major coastal city",December,77,80,80,76,67,66,70,71,79,83,81,82,85
SSH,"Sharm El Sheikh",EG,"Egypt","Asia",27.9773,34.3947,42,207132,3723,6,"hot desert","beach resort",February,91,83,100,99,100,100,80,70,70,90,100,100,100
STL,"St Louis",US,"United States","North America",38.7487,-90.37,162,2199000,2594,111,"humid subtropical","major city break",September,49,0,0,32,73,71,75,76,77,79,77,33,0
STR,"Stuttgart",DE,"Germany","Europe",48.6899,9.222,373,2944700,1577,173,"oceanic / maritime","major city break",June,35,0,0,6,39,58,72,70,71,70,38,0,0
SUB,"Surabaya",ID,"Indonesia","Asia",-7.3798,112.787,2,3018022,3329,94,"tropical — wet & dry seasons","major coastal city",July,72,71,71,71,71,77,86,93,78,57,53,60,71
SUF,"Lamezia Terme (CZ)",IT,"Italy","Europe",38.9062,16.246,8,252026,2365,99,"Mediterranean","beach resort",July,61,23,24,37,61,84,87,89,87,78,76,52,29
SVG,"Stavanger",NO,"Norway","Europe",58.8767,5.6378,7,173132,1486,239,"oceanic / maritime","seaside town",July,15,0,0,0,0,18,35,44,40,30,10,0,0
SVQ,"Seville",ES,"Spain","Europe",37.418,-5.8931,27,686741,3279,104,"Mediterranean","city break",September,69,45,59,80,89,93,78,39,39,94,85,71,51
SVX,"Yekaterinburg",RU,"Russia","Asia",56.7431,60.8027,228,1495066,2185,163,"continental","city break",August,31,0,0,0,7,73,77,76,79,55,0,0,0
SXB,"Strasbourg",FR,"France","Europe",48.5383,7.6282,150,439972,1489,172,"oceanic / maritime","city break",September,40,0,0,13,52,66,74,73,73,77,44,6,0
SXM,"Sint Maarten",SX,"Sint Maarten","North America",18.041,-63.1089,3,8467,2978,200,"semi-arid","beach resort",February,87,93,94,94,92,85,89,87,85,80,77,82,89
SYX,"Sanya (Tianya)",CN,"China","Asia",18.3029,109.412,25,1031396,2146,132,"tropical — wet & dry seasons","coastal city break",February,73,87,89,85,76,58,64,64,64,64,64,71,84
SZG,"Salzburg",AT,"Austria","Europe",47.7933,13.0043,429,206279,1621,184,"oceanic / maritime","regional city",July,29,0,0,0,31,47,60,61,60,56,30,0,0
TAO,"Qingdao (Jiaozhou)",CN,"China","Asia",36.362,120.0882,8,7172451,2490,93,"humid subtropical","major coastal city",October,52,0,0,38,87,82,80,66,66,81,89,29,0
TAS,"Tashkent",UZ,"Uzbekistan","Asia",41.2579,69.2812,424,2184000,2824,82,"Mediterranean","major city break",September,52,0,0,49,85,90,75,47,57,95,91,29,0
TBS,"Tbilisi",GE,"Georgia","Asia",41.6692,44.9547,469,1100000,2046,122,"semi-arid","city break",July,50,0,0,29,61,80,82,86,86,86,70,22,0
TFS,"Tenerife",ES,"Spain","Africa",28.0445,-16.5725,57,336061,2716,46,"semi-arid","beach resort",July,81,68,60,69,70,86,94,95,94,93,90,82,73
TGD,"Podgorica",ME,"Montenegro","Europe",42.3594,19.2519,30,236852,2481,126,"humid subtropical","regional city",July,51,0,6,28,62,77,81,85,77,73,68,38,11
TIA,"Tirana",AL,"Albania","Europe",41.4147,19.7206,36,895350,2321,124,"Mediterranean","coastal city break",June,55,0,13,39,66,81,84,78,79,79,75,48,12
TIV,"Tivat",ME,"Montenegro","Europe",42.4047,18.7233,5,6280,2190,133,"humid subtropical","beach resort",July,44,0,0,17,42,69,79,84,84,70,55,27,0
TJM,"Tyumen",RU,"Russia","Asia",57.179,65.3277,110,768358,2419,147,"continental","city break",August,30,0,0,0,0,62,80,81,83,49,0,0,0
TLL,"Tallinn",EE,"Estonia","Europe",59.4132,24.8326,39,394024,1923,188,"continental","seaside town",July,22,0,0,0,0,27,51,78,70,40,0,0,0
TLS,"Toulouse/Blagnac",FR,"France","Europe",43.6291,1.3638,149,847000,1971,144,"humid subtropical","city break",July,51,0,7,33,57,74,79,81,81,81,78,32,6
TLV,"Tel Aviv",IL,"Israel","Asia",32.0114,34.8867,36,3112000,3311,51,"semi-arid","major coastal city",June,86,48,58,92,95,98,99,99,99,98,96,90,63
TNA,"Jinan (Licheng)",CN,"China","Asia",36.8572,117.216,22,4335989,2584,79,"humid subtropical","major city break",October,51,0,0,54,88,84,63,53,67,83,90,30,0
TNG,"Tangier",MA,"Morocco","Africa",35.7317,-5.9215,8,1035141,2847,89,"Mediterranean","coastal city break",July,75,42,49,62,79,91,95,96,95,92,83,65,48
TOS,"Tromsø",NO,"Norway","Europe",69.6833,18.9189,6,41915,1265,239,"subarctic","small town",July,10,0,0,0,0,0,28,49,38,10,0,0,0
TPA,"Tampa",US,"United States","North America",27.9755,-82.5332,7,2314000,2926,103,"humid subtropical","major coastal city",November,78,77,84,83,85,80,69,69,69,69,84,87,84
TRD,"Trondheim",NO,"Norway","Europe",63.4578,10.924,10,216518,1429,225,"subarctic","seaside town",July,14,0,0,0,0,17,36,52,46,20,0,0,0
TRF,"Sandefjord(Torp)",NO,"Norway","Europe",59.1867,10.2586,84,67062,1776,180,"oceanic / maritime","seaside town",July,19,0,0,0,0,25,50,61,52,36,0,0,0
TRN,"Turin",IT,"Italy","Europe",45.2008,7.6496,292,1652000,1883,138,"oceanic / maritime","city break",July,42,0,0,20,44,67,76,79,79,79,52,12,0
TRS,"Trieste",IT,"Italy","Europe",45.8275,13.4722,11,216035,2015,142,"humid subtropical","beach resort",July,46,0,0,32,64,73,75,76,73,69,64,28,0
TRV,"Thiruvananthapuram",IN,"India","Asia",8.4819,76.92,4,954000,2409,90,"tropical — wet & dry seasons","coastal city break",January,72,90,89,75,70,65,65,65,65,65,65,65,82
TSN,"Tianjin",CN,"China","Asia",39.1244,117.346,1,11090314,2375,74,"hot-summer continental","major city break",April,50,0,0,30,88,86,78,65,69,83,87,15,0
TSR,"Timişoara",RO,"Romania","Europe",45.8099,21.3379,105,315053,1971,128,"humid subtropical","regional city",September,46,0,0,21,61,77,75,78,80,81,61,14,0
TUN,"Tunis",TN,"Tunisia","Africa",36.851,10.2272,4,2412500,2808,90,"Mediterranean","major coastal city",June,73,42,43,63,86,89,92,85,83,84,84,78,49
TZX,"Trabzon",TR,"Türkiye","Asia",40.9951,39.7897,18,764714,1526,142,"oceanic / maritime","coastal city break",July,43,0,0,12,32,64,77,80,80,73,56,35,12
UBN,"Ulaanbaatar (Sergelen)",MN,"Mongolia","Asia",47.6469,106.8198,1364,844818,2792,88,"semi-arid","city break",June,31,0,0,0,0,61,87,84,85,53,0,0,0
UFA,"Ufa",RU,"Russia","Europe",54.5575,55.8744,125,1120547,2164,173,"continental","city break",July,32,0,0,0,7,73,78,82,82,61,0,0,0
UIO,"Quito",EC,"Ecuador","South America",-0.1254,-78.3543,2389,2781641,2238,137,"highland","major city break",August,73,70,70,64,64,70,72,75,85,83,75,72,72
URC,"Ürümqi",CN,"China","Asia",43.9136,87.4794,629,3575000,2523,69,"semi-arid","major city break",September,48,0,0,8,73,87,87,87,88,90,53,0,0
VAR,"Varna",BG,"Bulgaria","Europe",43.2321,27.8251,67,318737,2345,77,"humid subtropical","beach resort",August,42,0,0,0,22,64,83,84,87,83,54,21,0
VCE,"Venice",IT,"Italy","Europe",45.5053,12.3519,1,203725,1883,129,"humid subtropical","beach resort",July,42,0,0,13,45,67,76,78,75,72,55,18,0
VCP,"Campinas",BR,"Brazil","South America",-23.0074,-47.1345,655,2791000,2321,184,"oceanic / maritime","major city break",August,75,65,65,68,79,81,84,84,87,82,73,65,65
VLC,"Valencia",ES,"Spain","Europe",39.4892,-0.481,59,824340,2696,105,"semi-arid","coastal city break",June,74,45,53,73,87,88,91,84,82,86,87,65,44
VNO,"Vilnius",LT,"Lithuania","Europe",54.6341,25.2858,181,542366,1691,182,"continental","city break",June,30,0,0,0,20,63,74,70,73,59,6,0,0
VRN,"Verona",IT,"Italy","Europe",45.395,10.8873,69,347459,2059,109,"humid subtropical","regional city",July,46,0,0,27,58,74,77,78,76,77,63,18,0
VTE,"Vientiane",LA,"Laos","Asia",17.9851,102.5667,170,840940,2497,138,"tropical — wet & dry seasons","city break",January,69,92,82,52,33,46,59,66,66,66,78,91,92
VVO,"Vladivostok",RU,"Russia","Asia",43.3963,132.1482,15,604901,2278,125,"continental","city break",September,36,0,0,0,28,71,76,68,65,79,41,0,0
WNZ,"Wenzhou (Longwan)",CN,"China","Asia",27.9106,120.8535,3,2650000,1796,188,"humid subtropical","major coastal city",October,56,26,37,49,65,62,62,62,62,62,77,68,39
WRO,"Wrocław",PL,"Poland","Europe",51.1037,16.8821,121,672545,1425,158,"continental","city break",August,35,0,0,0,33,62,73,71,74,70,33,0,0
WUH,"Wuhan (Huangpi)",CN,"China","Asia",30.7748,114.2137,34,10392693,1776,141,"humid subtropical","major city break",October,51,0,26,56,67,63,61,55,60,75,76,59,14
WUX,"Wuxi",CN,"China","Asia",31.497,120.4304,4,4396835,1971,148,"humid subtropical","major city break",October,51,0,13,44,73,73,63,63,63,69,78,59,14
XIY,"Xianyang (Weicheng)",CN,"China","Asia",34.4471,108.752,478,9600000,1927,102,"humid subtropical","major city break",April,50,0,7,57,83,77,74,60,69,67,72,35,0
XMN,"Xiamen",CN,"China","Asia",24.5439,118.1275,13,4617251,1853,133,"humid subtropical","major coastal city",October,68,66,72,68,66,62,62,64,62,65,82,78,74
YEG,"Edmonton",CA,"Canada","North America",53.3097,-113.58,715,1058000,2345,120,"continental","city break",August,28,0,0,0,0,47,71,75,82,57,0,0,0
YHZ,"Halifax",CA,"Canada","North America",44.8808,-63.5086,136,471559,1752,151,"continental","city break",July,29,0,0,0,0,37,65,75,74,72,28,0,0
YIH,"Yichang (Xiaoting)",CN,"China","Asia",30.5541,111.4826,195,1350150,1621,148,"humid subtropical","city break",October,52,7,27,63,67,61,60,54,60,68,72,58,21
YOW,"Ottawa",CA,"Canada","North America",45.3225,-75.6692,112,1145000,1971,149,"continental","city break",August,34,0,0,0,19,68,71,72,74,74,30,0,0
YQB,"Quebec",CA,"Canada","North America",46.7911,-71.3933,71,624177,1796,174,"continental","city break",August,28,0,0,0,0,48,68,66,69,63,17,0,0
YWG,"Winnipeg",CA,"Canada","North America",49.91,-97.2399,235,749607,2353,109,"continental","city break",August,32,0,0,0,7,59,76,80,82,68,7,0,0
ZAD,"Zadar",HR,"Croatia","Europe",44.097,15.3536,82,67309,2059,147,"humid subtropical","beach resort",July,46,0,0,19,46,79,81,83,82,72,61,28,0
ZAG,"Zagreb",HR,"Croatia","Europe",45.7429,16.0688,106,722526,1796,154,"humid subtropical","city break",July,42,0,0,19,57,71,73,75,74,68,54,12,0
ZNZ,"Zanzibar",TZ,"Tanzania","Africa",-6.222,39.2249,14,709809,2838,118,"tropical — wet & dry seasons","coastal city break",July,82,84,86,74,68,68,90,93,93,92,84,77,79
ZTH,"Zakynthos",GR,"Greece","Europe",37.7509,20.8843,2,,2803,95,"Mediterranean","beach resort",July,66,31,33,41,59,91,92,94,93,83,77,61,34
AAE,"Annaba",DZ,"Algeria","Africa",36.8268,7.8133,1,503524,2716,99,"Mediterranean","coastal city break",July,70,37,39,54,70,88,93,94,91,86,82,68,43
AAL,"Aalborg",DK,"Denmark","Europe",57.0948,9.8499,1,142937,1911,172,"oceanic / maritime","seaside town",July,27,0,0,0,14,39,56,75,68,51,18,0,0
AAP,"Samarinda",ID,"Indonesia","Asia",-0.3745,117.2501,17,865306,2234,160,"tropical rainforest","city break",August,65,64,64,64,64,64,64,64,70,69,66,64,64
AAQ,"Anapa",RU,"Russia","Europe",45.0021,37.3473,45,241856,2102,126,"humid subtropical","beach resort",August,45,0,0,7,42,82,81,83,85,83,61,13,0
AAR,"Aarhus",DK,"Denmark","Europe",56.3033,10.6183,22,285273,1821,164,"oceanic / maritime","seaside town",July,25,0,0,0,7,33,56,68,67,51,18,0,0
AAT,"Altay",CN,"China","Asia",47.7499,88.0858,759,190064,2803,81,"semi-arid","regional city",May,42,0,0,0,39,92,91,91,92,85,8,0,0
ABA,"Abakan",RU,"Russia","Asia",53.74,91.385,252,184168,2047,124,"continental","regional city",August,31,0,0,0,21,67,78,76,79,55,0,0,0
ABD,"Abadan",IR,"Iran","Asia",30.3679,48.2301,2,370180,2891,38,"hot desert","regional city",February,50,68,94,94,94,19,0,0,0,0,66,92,76
ABE,"Allentown/Bethlehem",US,"United States","North America",40.6518,-75.4428,117,5492000,2365,124,"humid subtropical","major city break",May,41,0,0,6,50,74,70,70,71,71,60,19,0
ABQ,"Albuquerque",US,"United States","North America",35.04,-106.6089,1618,898642,3415,62,"semi-arid","city break",April,64,0,24,65,97,97,88,81,92,93,95,40,0
ACA,"Acapulco",MX,"Mexico","North America",16.7571,-99.7531,4,715584,2584,69,"tropical — wet & dry seasons","coastal city break",February,80,92,93,93,84,76,67,67,67,67,68,89,93
ACF,"Aral",CN,"China","Asia",40.4347,81.2621,1015,535657,2672,35,"cold desert","city break",April,54,0,0,39,94,93,93,74,83,93,78,0,0
ACK,"Nantucket",US,"United States","North America",41.2531,-70.0602,11,7446,2453,128,"oceanic / maritime","seaside town",July,30,0,0,0,0,19,52,80,80,70,42,12,0
ACX,"Xingyi",CN,"China","Asia",25.0834,104.9608,1251,816000,1621,170,"humid subtropical","city break",March,65,42,78,82,78,63,60,60,60,67,73,76,42
ACY,"Atlantic City",US,"United States","North America",39.4562,-74.5775,19,39260,2453,111,"humid subtropical","beach resort",September,40,0,0,0,32,64,74,73,73,77,60,25,0
ADA,"Adana",TR,"Türkiye","Asia",36.9822,35.2804,17,1816750,2935,87,"Mediterranean","city break",October,63,19,34,71,89,89,74,38,48,83,90,85,38
ADE,"Aden",YE,"Yemen","Asia",12.8296,45.03,2,1079670,3154,6,"hot desert","coastal city break",January,79,97,97,97,86,67,57,48,56,65,86,97,96
ADQ,"Kodiak",US,"United States","North America",57.75,-152.494,8,6253,2658,195,"oceanic / maritime","seaside town",July,10,0,0,0,0,0,19,38,36,23,0,0,0
ADZ,"San Andrés",CO,"Colombia","North America",12.5836,-81.7112,6,58257,2365,222,"tropical — wet & dry seasons","beach resort",March,74,85,90,91,88,69,65,65,65,65,65,65,76
AES,"Ålesund",NO,"Norway","Europe",62.5604,6.1108,20,52626,1359,268,"oceanic / maritime","seaside town",July,11,0,0,0,0,11,27,36,34,24,0,0,0
AGS,"Augusta",US,"United States","North America",33.3699,-81.9645,40,43459,2497,108,"humid subtropical","small town",October,62,20,38,63,79,77,71,65,72,77,80,67,31
AGU,"Aguascalientes",MX,"Mexico","North America",21.6996,-102.3184,1861,869000,2672,61,"semi-arid","highland city",April,85,93,92,93,94,90,74,67,71,74,88,92,93
AHB,"Abha",SA,"Saudi Arabia","Asia",18.2404,42.6566,2088,210886,3248,27,"hot desert","highland city",March,97,90,97,98,96,97,98,97,97,98,98,98,98
AJF,"Al-Jawf",SA,"Saudi Arabia","Asia",29.7833,40.1009,669,128332,3679,6,"hot desert","regional city",April,62,57,91,99,100,70,20,0,0,30,100,99,74
AJU,"Aracaju",BR,"Brazil","South America",-10.9839,-37.0729,6,685356,2672,243,"tropical — wet & dry seasons","coastal city break",November,79,84,84,81,73,67,67,68,78,84,86,90,90
AKA,"Ankang (Hanbin)",CN,"China","Asia",32.757,108.8734,370,1100000,1664,127,"humid subtropical","city break",April,48,0,14,62,78,68,66,55,63,61,73,41,0
AKJ,"Asahikawa",JP,"Japan","Asia",43.6708,142.447,209,356612,1621,264,"continental","regional city",June,29,0,0,0,0,50,73,66,60,65,28,0,0
AKU,"Aksu (Onsu)",CN,"China","Asia",41.2625,80.2917,1168,535657,2628,54,"cold desert","city break",May,50,0,0,23,77,91,89,89,88,90,54,0,0
AKX,"Aktobe",KZ,"Kazakhstan","Asia",50.2481,57.2041,219,500757,2259,124,"hot-summer continental","city break",August,41,0,0,0,36,86,87,87,89,89,14,0,0
ALB,"Albany",US,"United States","North America",42.7483,-73.8017,82,870716,2278,134,"hot-summer continental","city break",May,37,0,0,0,38,74,70,71,70,72,46,6,0
ALF,"Alta",NO,"Norway","Europe",69.9761,23.3717,2,15094,1448,209,"subarctic","seaside town",July,7,0,0,0,0,0,17,39,29,0,0,0,0
AMA,"Amarillo",US,"United States","North America",35.2179,-101.7064,1099,198645,3241,70,"semi-arid","regional city",April,64,8,24,69,92,88,86,79,85,89,89,47,8
AMQ,"Ambon",ID,"Indonesia","Asia",-3.7103,128.089,16,355596,2059,201,"tropical rainforest","beach resort",November,65,63,67,63,63,63,63,63,63,63,71,74,64
ANC,"Anchorage",US,"United States","North America",61.179,-149.9926,30,289600,2061,119,"subarctic","seaside town",July,15,0,0,0,0,14,47,57,47,17,0,0,0
ANF,"Antofagasta",CL,"Chile","South America",-23.4453,-70.4452,114,401096,3077,17,"cold desert","city break",January,83,97,97,97,97,81,73,65,65,65,73,89,97
AOI,"Falconara Marittima (AN)",IT,"Italy","Europe",43.6163,13.3623,11,149125,2059,136,"humid subtropical","beach resort",July,51,0,7,26,53,79,82,84,83,76,71,38,7
AOJ,"Aomori",JP,"Japan","Asia",40.7338,140.6895,197,298394,1621,260,"hot-summer continental","regional city",June,31,0,0,0,18,58,70,60,60,61,41,5,0
AOK,"Karpathos",GR,"Greece","Europe",35.4214,27.146,8,7790,3022,78,"Mediterranean","beach resort",July,67,32,27,37,53,78,96,97,97,94,88,64,38
AQP,"Arequipa",PE,"Peru","South America",-16.3408,-71.5695,2553,1195700,3333,42,"cold desert","highland city",April,93,94,92,96,99,91,82,82,91,91,99,99,98
ARH,"Archangelsk",RU,"Russia","Europe",64.6003,40.7167,18,349742,1804,211,"subarctic","regional city",July,19,0,0,0,0,19,55,74,53,24,0,0,0
ARI,"Arica",CL,"Chile","South America",-18.3485,-70.3387,43,241653,2716,24,"hot desert","seaside town",March,81,94,94,95,95,87,71,63,63,63,71,79,95
ASB,"Ashgabat",TM,"Turkmenistan","Asia",37.9868,58.361,211,1030063,2628,68,"cold desert","city break",September,61,8,22,66,89,91,75,56,75,94,93,53,15
ASE,"Aspen",US,"United States","North America",39.2232,-106.869,2360,6882,3066,90,"continental","alpine / mountain town",June,31,0,0,0,0,30,93,89,89,67,7,0,0
ASF,"Astrakhan",RU,"Russia","Asia",46.2828,48.0105,0,533925,2234,82,"semi-arid","city break",August,45,0,0,0,58,87,88,71,90,89,51,0,0
ASJ,"Amami",JP,"Japan","Asia",28.4306,129.713,4,41390,1489,281,"humid subtropical","beach resort",November,58,48,55,49,55,60,60,60,60,60,61,69,59
ASP,"Alice Springs",AU,"Australia","Oceania",-23.8066,133.9034,540,25912,3499,61,"hot desert","small town",August,83,46,65,95,98,98,82,89,99,99,97,75,56
ASR,"Kayseri",TR,"Türkiye","Asia",38.7704,35.4954,1052,1452458,2803,117,"Mediterranean","alpine / mountain city",August,52,0,0,14,51,86,90,93,94,93,75,22,0
ASU,"Asunción",PY,"Paraguay","South America",-25.2402,-57.5192,79,1870000,2803,70,"humid subtropical","city break",August,69,51,55,57,69,69,83,85,89,83,68,61,61
ATQ,"Amritsar",IN,"India","Asia",31.7096,74.7973,230,1212000,2891,54,"semi-arid","city break",November,65,69,90,90,74,19,8,34,55,71,94,95,86
ATW,"Appleton",US,"United States","North America",44.2585,-88.519,267,74139,2365,122,"continental","small town",July,36,0,0,0,26,67,71,76,76,76,39,0,0
AVL,"Asheville",US,"United States","North America",35.4355,-82.5419,653,95056,2540,126,"humid subtropical","small town",May,46,0,0,31,61,72,72,69,72,72,70,31,0
AVP,"Wilkes-Barre/Scranton",US,"United States","North America",41.3371,-75.7242,285,496442,2190,143,"continental","city break",May,37,0,0,0,37,73,69,71,70,70,47,6,0
AWZ,"Ahvaz",IR,"Iran","Asia",31.3364,48.7638,17,996000,2803,44,"hot desert","city break",February,50,67,92,92,92,28,0,0,0,0,66,89,73
AXM,"Armenia",CO,"Colombia","South America",4.4528,-75.7664,1214,315328,1577,178,"tropical rainforest","regional city",January,65,72,69,61,60,60,67,71,71,67,60,60,61
AXT,"Akita",JP,"Japan","Asia",39.6156,140.219,92,320069,1577,263,"humid subtropical","beach resort",June,31,0,0,0,17,51,67,60,60,61,45,15,0
AYP,"Ayacucho",PE,"Peru","South America",-13.1548,-74.2044,2740,166314,2453,111,"semi-arid","highland city",June,84,75,73,77,88,91,92,91,91,89,86,84,74
AZA,"Mesa",US,"United States","North America",33.3078,-111.655,414,1085394,3767,41,"hot desert","city break",April,71,70,86,96,99,89,30,28,38,58,97,97,63
AZD,"Yazd",IR,"Iran","Asia",31.9049,54.2765,1226,477905,3066,26,"hot desert","city break",October,68,40,64,96,96,87,39,29,48,87,97,88,48
AZO,"Kalamazoo",US,"United States","North America",42.2321,-85.5496,262,76041,2278,140,"hot-summer continental","small town",September,40,0,0,0,45,72,75,76,74,77,49,7,0
AZR,"Adrar",DZ,"Algeria","Asia",27.8376,-0.1864,278,68276,3635,5,"hot desert","small town",February,63,83,100,99,99,50,0,0,0,30,99,100,91
BAL,"Batman",TR,"Türkiye","Asia",37.929,41.1166,555,452157,2847,107,"Mediterranean","city break",October,46,0,7,48,82,87,66,10,19,75,88,57,7
BAQ,"Barranquilla",CO,"Colombia","South America",10.8896,-74.7808,21,1798000,2561,76,"tropical — wet & dry seasons","coastal city break",January,78,94,94,93,87,66,74,72,70,66,66,68,87
BAR,"Qionghai (Basuo)",CN,"China","Asia",19.141,110.4528,10,560894,2146,168,"tropical monsoon","coastal city break",February,72,84,86,81,75,64,64,64,64,64,64,72,79
BAV,"Baotou",CN,"China","Asia",40.56,109.997,1007,2150000,2978,63,"semi-arid","major city break",May,46,0,0,0,71,91,88,82,83,87,47,0,0
BAX,"Barnaul",RU,"Russia","Asia",53.3613,83.5397,254,632372,2320,153,"continental","city break",August,33,0,0,0,7,70,83,81,85,64,0,0,0
BBA,"Balmaceda",CL,"Chile","South America",-45.916,-71.6895,516,45787,2234,59,"oceanic / maritime","small town",February,26,65,72,49,21,0,0,0,0,0,14,35,57
BBI,"Bhubaneswar",IN,"India","Asia",20.251,85.8147,42,885363,2453,68,"tropical — wet & dry seasons","city break",January,63,91,90,45,9,22,53,66,66,66,66,89,91
BCD,"Bacolod City",PH,"Philippines","Asia",10.7762,123.0189,25,949354,2321,156,"tropical rainforest","coastal city break",April,69,71,78,80,81,65,65,65,65,65,65,65,65
BCM,"Bacău",RO,"Romania","Europe",46.5219,26.9103,181,199668,1796,133,"continental","regional city",September,40,0,0,0,47,76,71,74,79,81,46,0,0
BDA,"Hamilton",BM,"Bermuda","North America",32.3638,-64.6782,1,902,,,"tropical rainforest","beach resort",April,71,70,63,66,77,73,72,77,68,70,69,75,71
BDJ,"Banjarbaru",ID,"Indonesia","Asia",-3.4401,114.7612,19,293332,2365,147,"tropical rainforest","beach resort",August,68,65,65,65,65,65,65,68,78,77,69,65,65
BDL,"Hartford",US,"United States","North America",41.9386,-72.688,50,913000,2497,126,"hot-summer continental","city break",May,40,0,0,0,37,77,72,75,75,74,53,13,0
BDO,"Bandung",ID,"Indonesia","Asia",-6.9006,107.576,743,2528163,2497,174,"tropical monsoon","major city break",August,70,66,66,66,66,66,75,80,85,77,66,66,66
BEJ,"Tanjung Redeb - Borneo Island",ID,"Indonesia","Asia",2.1478,117.4307,6,67837,2102,194,"tropical rainforest","small town",August,64,64,64,64,64,64,64,64,65,64,64,64,64
BEL,"Belém",BR,"Brazil","South America",-1.3793,-48.4762,11,2167000,2235,300,"tropical rainforest","major coastal city",August,67,64,64,64,64,64,64,70,75,70,70,67,64
BET,"Bethel",US,"United States","North America",60.7798,-161.838,35,9549,2849,141,"subarctic","small town",July,14,0,0,0,0,7,50,54,46,13,0,0,0
BGA,"Bucaramanga",CO,"Colombia","South America",7.1265,-73.1848,1185,1009000,1752,189,"tropical — wet & dry seasons","city break",January,70,81,79,69,66,62,71,71,70,70,61,64,76
BGR,"Bangor",US,"United States","North America",44.8064,-68.8267,49,32391,1971,138,"continental","small town",July,34,0,0,0,18,60,68,74,72,73,37,0,0
BHE,"Blenheim",NZ,"New Zealand","Oceania",-41.5183,173.87,29,29800,2190,98,"oceanic / maritime","small town",February,52,81,82,81,59,39,19,13,20,33,46,68,78
BHH,"Bisha",SA,"Saudi Arabia","Asia",19.9844,42.6209,1166,100000,3066,14,"hot desert","regional city",January,76,97,97,97,95,58,39,39,39,58,97,96,97
BHK,"Bukhara",UZ,"Uzbekistan","Asia",39.7753,64.4823,227,319476,2891,47,"cold desert","regional city",September,50,0,8,76,92,85,38,19,48,96,95,39,0
BHM,"Birmingham",US,"United States","North America",33.5629,-86.7507,187,1128047,2497,116,"humid subtropical","city break",October,58,12,29,52,71,73,73,71,74,77,79,56,23
BHY,"Beihai",CN,"China","Asia",21.5387,109.2937,25,728978,1840,162,"humid subtropical","coastal city break",February,71,74,83,79,74,62,62,62,62,62,70,78,83
BIL,"Billings",US,"United States","North America",45.8089,-108.5412,1082,117116,2672,97,"hot-summer continental","alpine / mountain city",July,42,0,0,0,36,74,83,89,89,88,44,0,0
BIR,"Biratnagar",NP,"Nepal","Asia",26.4815,87.264,74,244750,2234,60,"humid subtropical","regional city",January,73,91,90,88,58,48,51,64,64,64,79,91,91
BIS,"Bismarck",US,"United States","North America",46.7727,-100.7469,500,75092,2628,95,"hot-summer continental","small town",September,37,0,0,0,22,67,77,83,84,85,22,0,0
BJA,"Béjaïa",DZ,"Algeria","Africa",36.7125,5.0699,2,384937,2847,98,"Mediterranean","beach resort",June,66,31,40,59,81,85,92,66,64,85,83,64,38
BJL,"Serekunda",GM,"Gambia","Asia",13.338,-16.6522,27,340000,2978,57,"tropical — wet & dry seasons","beach resort",January,87,96,96,94,96,96,88,69,69,69,84,96,96
BJX,"Guanajuato",MX,"Mexico","North America",20.9927,-101.4803,1803,1579803,2409,70,"Mediterranean","highland city",April,83,91,90,91,92,87,72,65,68,71,86,91,92
BKO,"Bamako",ML,"Mali","Africa",12.5335,-7.9499,373,4227569,2954,75,"tropical — wet & dry seasons","major city break",January,59,87,58,29,18,26,49,69,69,69,77,67,87
BKS,"Bengkulu",ID,"Indonesia","Asia",-3.8637,102.339,21,426673,2540,182,"tropical rainforest","coastal city break",January,66,66,66,66,66,66,66,66,66,66,66,66,66
BLD,"Boulder City",US,"United States","North America",35.9472,-114.8588,653,15551,3723,28,"hot desert","small town",April,65,48,72,98,99,99,30,10,19,69,98,98,40
BLI,"Bellingham",US,"United States","North America",48.7928,-122.538,46,85146,1752,161,"Mediterranean","seaside town",July,37,0,0,5,30,57,78,83,82,75,31,5,0
BLV,"Belleville",US,"United States","North America",38.5452,-89.8352,130,42034,2540,112,"humid subtropical","small town",September,49,0,0,32,72,70,74,75,77,79,77,33,0
BME,"Broome",AU,"Australia","Oceania",-17.9492,122.2283,15,14660,3511,51,"semi-arid","beach resort",August,76,65,73,79,87,96,98,98,99,80,49,39,47
BMI,"Bloomington/Normal",US,"United States","North America",40.4771,-88.9159,263,172308,2497,118,"hot-summer continental","regional city",September,41,0,0,7,50,72,72,75,77,78,58,7,0
BMU,"Bima",ID,"Indonesia","Asia",-8.5372,118.685,1,165113,2453,135,"tropical — wet & dry seasons","regional city",August,78,66,66,66,75,83,89,90,92,89,86,72,66
BMV,"Buon Ma Thuot",VN,"Vietnam","Asia",12.6683,108.12,532,434256,2015,157,"tropical — wet & dry seasons","city break",February,76,88,90,88,77,75,72,72,67,63,66,68,82
BND,"Bandar Abbas",IR,"Iran","Asia",27.2183,56.3778,5,352173,3242,21,"hot desert","beach resort",April,80,93,96,94,97,69,48,49,59,69,88,97,96
BNK,"Ballina",AU,"Australia","Oceania",-28.8332,153.5615,1,8911,2759,133,"humid subtropical","beach resort",September,74,68,68,68,77,81,62,72,71,88,80,77,72
BNX,"Banja Luka",BA,"Bosnia & Herzegovina","Europe",44.9414,17.2975,116,221738,1927,148,"humid subtropical","regional city",July,44,0,0,20,58,73,74,78,78,74,57,19,0
BOB,"Motu Mute",PF,"French Polynesia","Oceania",-16.4444,-151.751,3,5946,,,"tropical — wet & dry seasons","beach resort",September,72,63,63,64,68,73,79,82,83,84,77,69,63
BOI,"Boise",US,"United States","North America",43.5644,-116.223,867,338071,2993,90,"Mediterranean","regional city",August,48,0,0,15,45,90,93,86,95,94,61,0,0
BON,"Kralendijk",BQ,"Caribbean Netherlands","North America",12.131,-68.2685,4,10620,2978,118,"semi-arid","beach resort",March,88,90,93,95,94,92,91,89,88,86,80,76,86
BOO,"Bodø",NO,"Norway","Europe",67.2692,14.3653,9,34073,1416,245,"oceanic / maritime","seaside town",July,7,0,0,0,0,0,12,34,29,10,0,0,0
BPL,"Bole",CN,"China","Asia",44.8955,82.3001,392,235585,2672,79,"semi-arid","regional city",August,47,0,0,0,68,90,90,90,92,92,46,0,0
BPN,"Balikpapan",ID,"Indonesia","Asia",-1.2683,116.8945,5,695287,2321,146,"tropical rainforest","coastal city break",August,66,65,65,65,65,65,65,65,68,68,65,65,65
BPS,"Porto Seguro",BR,"Brazil","South America",-16.4384,-39.0806,48,168326,2146,249,"tropical rainforest","beach resort",September,73,76,77,68,68,74,73,76,78,79,72,64,71
BQS,"Blagoveschensk",RU,"Russia","Asia",50.4254,127.412,185,225091,2455,112,"continental","regional city",June,30,0,0,0,7,67,76,68,73,68,0,0,0
BRC,"San Carlos de Bariloche",AR,"Argentina","South America",-41.1512,-71.1575,838,95394,2540,107,"oceanic / maritime","small town",February,41,88,89,80,42,6,0,0,0,14,35,58,81
BRE,"Bremen",DE,"Germany","Europe",53.0468,8.7893,3,724909,1544,187,"oceanic / maritime","city break",June,36,0,0,0,40,64,76,73,74,70,32,0,0
BRN,"Bern",CH,"Switzerland","Europe",46.9127,7.4988,508,275329,1577,179,"oceanic / maritime","regional city",June,29,0,0,0,24,43,66,65,65,60,29,0,0
BRQ,"Brno",CZ,"Czechia","Europe",49.1513,16.694,234,388277,1533,140,"continental","regional city",August,39,0,0,0,47,75,75,75,76,76,40,0,0
BSD,"Baoshan (Longyang)",CN,"China","Asia",25.0533,99.1683,1664,1000000,2190,152,"oceanic / maritime","highland city",March,67,51,66,87,81,72,66,64,64,67,73,66,52
BSR,"Basra",IQ,"Iraq","Asia",30.5491,47.6621,3,2015483,3066,32,"hot desert","major city break",March,52,70,95,96,96,29,0,0,0,0,68,95,79
BTH,"Batam",ID,"Indonesia","Asia",1.121,104.119,21,1296960,2059,175,"tropical rainforest","coastal city break",February,64,63,70,63,63,63,63,63,63,63,63,63,63
BTJ,"Banda Aceh",ID,"Indonesia","Asia",5.5251,95.42,19,513698,1883,130,"tropical rainforest","coastal city break",July,65,62,71,62,64,62,71,73,70,64,62,62,62
BTR,"Baton Rouge",US,"United States","North America",30.5332,-91.1496,20,422072,2628,110,"humid subtropical","city break",November,65,48,61,74,73,69,60,60,60,71,72,77,52
BTV,"Burlington",US,"United States","North America",44.4719,-73.1533,99,52472,2146,159,"continental","small town",September,33,0,0,0,19,60,68,71,73,76,29,0,0
BUF,"Buffalo",US,"United States","North America",42.9405,-78.7322,216,1016000,2059,166,"hot-summer continental","city break",August,35,0,0,0,19,63,75,74,76,75,42,0,0
BUS,"Batumi",GE,"Georgia","Asia",41.6094,41.6003,6,186949,2278,166,"humid subtropical","beach resort",May,46,0,0,19,46,81,79,80,79,70,66,28,0
BUZ,"Bushehr",IR,"Iran","Asia",28.9448,50.8346,13,169060,3066,38,"semi-arid","beach resort",May,82,64,74,92,94,96,87,68,68,78,95,84,84
BVB,"Boa Vista",BR,"Brazil","South America",2.8462,-60.6906,80,419652,2672,181,"tropical — wet & dry seasons","city break",November,71,72,63,61,64,67,67,67,67,79,82,84,77
BVC,"Rabil",CV,"Cape Verde","Africa",16.1365,-22.8889,16,1401,1007,21,"hot desert","beach resort",March,80,80,80,83,83,83,83,83,77,73,78,78,79
BWA,"Siddharthanagar (Bhairahawa)",NP,"Nepal","Asia",27.5046,83.4104,104,600051,2365,55,"Mediterranean","city break",November,67,90,88,89,36,16,26,59,65,65,83,92,92
BWN,"Bandar Seri Begawan",BN,"Brunei","Asia",4.9442,114.928,10,64409,2497,213,"tropical rainforest","beach resort",February,66,66,67,66,66,66,66,66,66,66,66,66,66
BXU,"Butuan",PH,"Philippines","Asia",8.9515,125.4788,9,309709,2278,190,"tropical rainforest","beach resort",January,65,65,65,65,65,65,65,65,65,65,65,65,65
BZG,"Bydgoszcz",PL,"Poland","Europe",53.0968,17.9777,71,366452,1597,170,"continental","regional city",June,35,0,0,0,34,63,76,73,76,72,26,0,0
BZN,"Bozeman",US,"United States","North America",45.7789,-111.1537,1355,43405,2672,101,"continental","alpine / mountain town",July,38,0,0,0,21,60,79,88,88,87,29,0,0
BZO,"Bolzano (BZ)",IT,"Italy","Europe",46.4592,11.3261,237,120709,1840,146,"oceanic / maritime","alpine / mountain city",September,37,0,0,7,39,66,70,68,66,73,43,6,0
BZV,"Brazzaville",CG,"Congo - Brazzaville","Africa",-4.2517,15.253,314,1982000,1915,102,"tropical — wet & dry seasons","city break",July,70,62,62,62,62,62,87,89,87,79,62,62,62
BZX,"Bazhong",CN,"China","Asia",31.7384,106.6449,543,2712894,1402,147,"humid subtropical","major city break",April,52,14,35,66,72,60,59,59,59,59,69,53,21
CAE,"Columbia",US,"United States","North America",33.9382,-81.123,67,398093,2759,108,"humid subtropical","regional city",April,62,20,33,65,81,78,73,66,74,77,80,68,31
CAK,"Akron",US,"United States","North America",40.9161,-81.4422,366,703200,1927,154,"hot-summer continental","city break",August,39,0,0,0,43,72,71,73,74,73,55,6,0
CAP,"Cap Haitien",HT,"Haiti","Asia",19.7255,-72.2007,3,306217,2628,141,"semi-arid","beach resort",February,85,88,91,89,88,84,87,80,77,84,80,81,87
CAY,"Cayenne",GF,"French Guiana","South America",4.82,-52.3613,5,61550,2146,194,"tropical monsoon","beach resort",September,68,64,64,64,64,64,64,64,71,81,81,71,64
CBB,"Cochabamba",BO,"Bolivia","South America",-17.4211,-66.1771,2544,1000000,2497,84,"semi-arid","highland city",July,86,74,76,83,90,92,85,93,92,91,89,87,78
CBR,"Canberra",AU,"Australia","Oceania",-35.3069,149.195,571,367752,2814,142,"oceanic / maritime","regional city",January,61,85,79,83,81,45,21,15,29,51,78,82,83
CCF,"Carcassonne",FR,"France","Europe",43.216,2.3063,127,49600,2102,131,"humid subtropical","small town",July,52,7,7,33,52,80,84,85,84,83,72,33,7
CCJ,"Calicut",IN,"India","Asia",11.136,75.9552,99,953000,2540,104,"tropical — wet & dry seasons","coastal city break",December,68,83,64,53,55,66,66,66,66,66,66,71,89
CCP,"Concepcion",CL,"Chile","South America",-36.7724,-73.0628,5,889725,2681,52,"oceanic / maritime","city break",January,56,92,91,90,64,36,17,11,18,35,49,74,91
CDT,"Castellón de la Plana",ES,"Spain","Asia",40.2139,0.0733,344,824340,2540,111,"Mediterranean","coastal city break",July,53,21,14,21,35,56,90,91,87,80,67,47,28
CEE,"Cherepovets",RU,"Russia","Europe",59.2736,38.0158,112,315738,1892,199,"continental","regional city",August,25,0,0,0,0,50,65,70,72,38,0,0,0
CEI,"Chiang Rai",TH,"Thailand","Asia",19.9523,99.8829,388,78756,2497,133,"tropical — wet & dry seasons","small town",February,74,90,93,80,56,53,68,66,66,66,75,87,91
CEK,"Chelyabinsk",RU,"Russia","Asia",55.3031,61.5049,231,1202371,2387,147,"continental","city break",August,33,0,0,0,14,76,81,79,82,64,0,0,0
CEN,"Ciudad Obregón",MX,"Mexico","North America",27.3926,-109.833,59,329404,2847,30,"semi-arid","regional city",March,83,93,94,95,95,86,56,62,70,70,91,94,94
CFR,"Caen",FR,"France","Europe",49.1768,-0.4549,69,190099,1664,179,"oceanic / maritime","seaside town",September,42,0,0,19,47,64,78,78,77,79,49,18,0
CGB,"Cuiabá",BR,"Brazil","South America",-15.6529,-56.1167,179,806000,2365,124,"tropical — wet & dry seasons","city break",June,69,65,65,65,74,84,91,91,63,52,50,59,65
CGD,"Changde (Dingcheng)",CN,"China","Asia",28.9189,111.64,39,1469000,1533,169,"humid subtropical","city break",October,50,7,25,51,60,60,60,60,63,70,71,54,13
CGP,"Chattogram (Chittagong)",BD,"Bangladesh","Asia",22.2496,91.8133,4,4529000,2278,103,"tropical monsoon","major coastal city",January,73,90,85,81,65,65,65,65,65,65,65,76,90
CGQ,"Changchun",CN,"China","Asia",43.9962,125.685,206,4714996,2584,107,"hot-summer continental","major city break",September,38,0,0,0,45,82,74,67,68,84,37,0,0
CGR,"Campo Grande",BR,"Brazil","South America",-20.47,-54.674,554,906092,2497,118,"tropical — wet & dry seasons","city break",July,75,66,67,70,78,78,85,88,87,80,70,66,66
CGY,"Laguindingan",PH,"Philippines","Asia",8.6122,124.4565,56,1121561,2278,161,"tropical rainforest","coastal city break",April,68,65,74,78,79,65,65,65,65,65,65,65,65
CHA,"Chattanooga",US,"United States","North America",35.0353,-85.2038,202,257589,2497,121,"humid subtropical","regional city",October,53,0,18,48,72,72,74,70,76,74,77,43,11
CHO,"Charlottesville",US,"United States","North America",38.1386,-78.4529,189,46597,2453,122,"humid subtropical","small town",October,49,0,0,33,70,73,74,75,75,73,76,33,0
CHS,"Charleston",US,"United States","North America",32.8962,-80.0382,12,411940,2759,111,"humid subtropical","city break",April,66,35,47,73,80,78,70,68,68,73,76,76,46
CID,"Cedar Rapids",US,"United States","North America",41.8847,-91.7108,260,170621,2584,112,"hot-summer continental","regional city",September,40,0,0,0,51,74,68,75,75,78,53,0,0
CIF,"Chifeng",CN,"China","Asia",42.1597,118.841,614,1277000,2803,80,"hot-summer continental","city break",May,43,0,0,0,61,88,80,76,80,87,46,0,0
CIH,"Changzhi",CN,"China","Asia",36.2475,113.126,921,1214940,2409,92,"hot-summer continental","alpine / mountain city",May,45,0,0,23,79,84,81,65,71,77,58,7,0
CIX,"Chiclayo",PE,"Peru","South America",-6.7892,-79.8283,27,609400,2453,25,"hot desert","coastal city break",May,92,92,91,88,92,93,93,93,93,93,92,92,92
CIY,"Comiso",IT,"Italy","Europe",36.9958,14.6089,214,26298,2584,72,"Mediterranean","beach resort",July,66,27,27,42,66,92,92,93,92,84,81,58,33
CJA,"Cajamarca",PE,"Peru","South America",-7.1392,-78.4894,2680,201329,2059,139,"semi-arid","highland city",August,71,67,61,57,61,73,75,75,83,81,77,68,69
CJB,"Coimbatore",IN,"India","Asia",11.03,77.0434,395,2136916,2453,42,"tropical — wet & dry seasons","major city break",January,66,92,64,44,41,57,66,66,68,70,66,72,88
CJC,"Calama",CL,"Chile","South America",-22.4982,-68.9036,2290,166334,3926,47,"cold desert","highland city",April,92,99,98,99,100,83,75,67,83,100,100,100,99
CJJ,"Cheongju",KR,"South Korea","Asia",36.7156,127.5003,54,3015482,2453,114,"hot-summer continental","major city break",May,43,0,0,14,59,79,69,66,66,69,69,21,0
CJS,"Ciudad Juárez",MX,"Mexico","North America",31.6367,-106.4285,1189,1512450,3635,39,"semi-arid","city break",April,76,33,65,98,99,98,58,72,82,92,96,82,33
CKY,"Conakry",GN,"Guinea","Africa",9.5769,-13.612,22,1928389,2222,136,"tropical monsoon","coastal city break",January,78,92,91,92,89,75,64,64,64,64,64,82,91
CLY,"Calvi",FR,"France","Europe",42.5304,8.793,40,5477,2497,110,"Mediterranean","beach resort",July,56,14,7,28,50,78,90,92,91,85,73,38,20
CME,"Ciudad del Carmen",MX,"Mexico","North America",18.6515,-91.7994,1,191238,2234,113,"tropical — wet & dry seasons","beach resort",March,70,78,84,85,69,60,64,64,64,64,64,68,78
CMH,"Columbus",US,"United States","North America",39.998,-82.8919,247,1270000,2183,136,"humid subtropical","city break",August,43,0,0,6,56,72,72,74,77,77,65,20,0
CNN,"Kannur",IN,"India","Asia",11.9163,75.545,112,62836,2584,97,"tropical monsoon","beach resort",January,71,93,74,54,64,67,67,67,67,67,67,74,90
COO,"Cotonou",BJ,"Benin","Africa",6.3572,2.3843,4,762000,2345,101,"tropical — wet & dry seasons","coastal city break",January,75,89,87,78,71,65,65,65,76,65,65,82,89
COS,"Colorado Springs",US,"United States","North America",38.8058,-104.701,1862,493654,3241,80,"semi-arid","city break",June,53,0,0,31,60,89,92,86,88,92,78,24,0
COV,"Tarsus",TR,"Türkiye","Asia",36.8915,35.0712,6,894318,2978,86,"Mediterranean","coastal city break",October,64,20,35,71,89,89,75,38,48,84,91,85,38
CPO,"Copiapo",CL,"Chile","South America",-27.2612,-70.7792,197,129280,3066,10,"cold desert","seaside town",January,89,97,97,97,97,80,72,72,80,89,97,97,97
CRA,"Craiova",RO,"Romania","Europe",44.3181,23.8886,189,304142,2015,109,"humid subtropical","regional city",August,45,0,0,20,61,77,75,77,81,81,60,7,0
CRK,"Mabalacat",PH,"Philippines","Asia",15.186,120.56,135,11100000,2540,131,"tropical monsoon","major city break",January,69,89,88,70,51,53,66,66,66,66,66,71,77
CRP,"Corpus Christi",US,"United States","North America",27.7704,-97.5012,11,316239,2540,75,"humid subtropical","regional city",February,80,79,89,85,85,79,74,71,67,71,83,86,87
CSY,"Cheboksary",RU,"Russia","Asia",56.0903,47.3473,166,492331,2116,180,"continental","city break",August,31,0,0,0,7,74,78,77,80,60,0,0,0
CTM,"Chetumal",MX,"Mexico","North America",18.505,-88.328,8,169028,2497,109,"tropical — wet & dry seasons","beach resort",March,75,81,86,87,86,70,66,72,66,66,66,70,79
CTU,"Chengdu (Shuangliu)",CN,"China","Asia",30.5583,103.946,492,13568357,1073,159,"humid subtropical","major city break",October,53,14,34,71,71,64,58,57,57,58,72,53,21
CUC,"Cúcuta",CO,"Colombia","South America",7.9276,-72.5115,311,777106,2059,134,"tropical — wet & dry seasons","city break",January,71,84,66,63,64,65,78,70,72,69,72,70,78
CUL,"Culiacán",MX,"Mexico","North America",24.765,-107.4752,31,809000,2497,55,"semi-arid","city break",March,72,92,91,93,65,47,35,53,66,66,77,89,91
CUR,"Willemstad",CW,"Curaçao","North America",12.1889,-68.9598,7,146813,3022,106,"semi-arid","beach resort",March,90,89,93,95,95,94,93,92,92,89,82,75,85
CUU,"Chihuahua",MX,"Mexico","North America",28.7026,-105.9638,1350,925762,3066,46,"semi-arid","city break",February,85,72,96,96,96,95,65,78,81,85,92,95,72
CUZ,"Cusco",PE,"Peru","South America",-13.5357,-71.9388,3283,428450,2584,126,"highland","highland city",August,53,41,41,45,50,54,54,54,62,61,62,61,46
CWB,"Curitiba",BR,"Brazil","South America",-25.5285,-49.1758,906,3084000,1845,249,"oceanic / maritime","major city break",August,64,62,62,62,71,64,58,60,75,67,62,64,62
CWL,"Cardiff",GB,"United Kingdom","Europe",51.3967,-3.3433,66,861400,1573,198,"oceanic / maritime","city break",July,32,0,0,6,26,44,62,73,66,63,35,11,0
CXB,"Cox's Bazar",BD,"Bangladesh","Asia",21.4575,91.9633,3,495272,2278,115,"tropical monsoon","coastal city break",January,73,90,88,80,65,65,65,65,65,65,65,76,90
CZM,"Cozumel",MX,"Mexico","North America",20.5149,-86.9285,4,77236,2497,110,"tropical — wet & dry seasons","beach resort",March,76,82,85,86,86,75,66,76,71,66,66,70,81
CZX,"Changzhou",CN,"China","Asia",31.9205,119.7755,6,3290918,2015,138,"humid subtropical","major city break",October,51,0,13,46,75,75,63,63,63,71,79,60,7
DAB,"Daytona Beach",US,"United States","North America",29.1825,-81.0595,9,72647,2891,118,"humid subtropical","beach resort",November,78,77,84,83,85,77,69,69,69,69,79,86,85
DAT,"Datong",CN,"China","Asia",40.0614,113.4805,1052,1873000,2803,80,"hot-summer continental","alpine / mountain city",May,44,0,0,0,68,89,84,76,80,84,45,0,0
DAX,"Dazhou (Daxian)",CN,"China","Asia",31.1302,107.4295,279,2712894,1314,159,"humid subtropical","major city break",April,51,14,34,64,68,58,58,58,59,58,66,58,21
DAY,"Dayton",US,"United States","North America",39.9024,-84.2194,304,773000,2321,132,"hot-summer continental","city break",September,43,0,0,6,56,72,72,75,77,78,64,13,0
DEB,"Debrecen",HU,"Hungary","Europe",47.4895,21.6163,108,231286,2043,125,"hot-summer continental","regional city",August,44,0,0,14,55,79,77,76,81,81,55,7,0
DED,"Dehradun (Jauligrant)",IN,"India","Asia",30.1892,78.1767,546,522081,2628,72,"humid subtropical","city break",November,72,52,73,88,90,61,54,67,67,67,91,93,62
DGO,"Durango",MX,"Mexico","North America",24.1255,-104.5279,1860,518709,2672,66,"semi-arid","highland city",April,85,85,92,93,94,93,83,70,72,71,89,91,86
DGT,"Dumaguete City",PH,"Philippines","Asia",9.3342,123.3019,7,210893,2234,156,"tropical rainforest","beach resort",April,69,69,77,77,81,70,64,64,64,64,64,64,64
DIY,"Diyarbakır",TR,"Türkiye","Asia",37.8939,40.201,676,1833684,2935,103,"Mediterranean","city break",October,47,0,7,49,84,88,66,19,19,76,89,58,7
DJB,"Jambi",ID,"Indonesia","Asia",-1.6387,103.6451,25,635101,2190,182,"tropical rainforest","city break",June,65,64,64,64,64,64,70,65,66,66,64,64,64
DJJ,"Sentani",ID,"Indonesia","Asia",-2.5796,140.5199,86,44779,1708,195,"tropical rainforest","beach resort",October,61,61,61,61,61,61,61,62,61,61,64,61,61
DLA,"Douala",CM,"Cameroon","Africa",4.0061,9.7195,8,1906000,1618,213,"tropical monsoon","coastal city break",December,65,82,75,60,60,60,60,60,60,60,60,60,83
DLH,"Duluth",US,"United States","North America",46.8419,-92.1987,431,86110,2234,134,"continental","small town",September,31,0,0,0,7,51,73,75,76,77,13,0,0
DLI,"Da Lat",VN,"Vietnam","Asia",11.7506,108.367,950,258014,2238,174,"tropical — wet & dry seasons","regional city",February,76,89,91,90,86,71,69,67,64,64,64,70,83
DLU,"Dali (Xiaguan)",CN,"China","Asia",25.6494,100.319,2154,235305,2278,155,"Mediterranean","highland city",March,67,37,60,90,87,78,71,65,65,70,79,60,38
DNH,"Dunhuang",CN,"China","Asia",40.162,94.8128,1123,186027,3154,20,"cold desert","regional city",September,52,0,0,8,73,96,95,96,96,97,57,0,0
DNZ,"Denizli",TR,"Türkiye","Asia",37.7856,29.7013,848,372344,2622,94,"Mediterranean","regional city",July,55,0,0,28,64,84,88,92,92,91,87,36,0
DOM,"Marigot",DM,"Dominica","North America",15.5467,-61.3011,21,2669,2672,216,"tropical monsoon","beach resort",February,74,83,86,86,81,75,70,67,67,67,67,67,77
DOY,"Dongying (Kenli)",CN,"China","Asia",37.5014,118.7899,4,3129228,2584,86,"hot-summer continental","major city break",October,51,0,0,31,88,85,80,67,68,85,90,22,0
DQA,"Daqing",CN,"China","Asia",46.7509,125.1386,152,1693000,2672,86,"hot-summer continental","city break",May,38,0,0,0,38,87,77,70,78,85,23,0,0
DRP,"Legazpi",PH,"Philippines","Asia",13.1119,123.6768,94,741635,2278,212,"tropical rainforest","coastal city break",April,66,65,65,65,73,65,65,65,65,65,65,65,65
DRS,"Dresden",DE,"Germany","Europe",51.1341,13.7678,220,617515,1770,167,"oceanic / maritime","city break",September,38,0,0,0,41,71,75,73,74,78,39,0,0
DRW,"Darwin",AU,"Australia","Oceania",-12.415,130.8818,28,139902,3092,87,"tropical — wet & dry seasons","beach resort",June,82,70,70,70,79,93,97,97,97,94,78,72,70
DSM,"Des Moines",US,"United States","North America",41.534,-93.6567,284,380655,2584,109,"hot-summer continental","regional city",September,42,0,0,7,58,72,70,77,74,78,61,7,0
DSN,"Ordos",CN,"China","Asia",39.4935,109.8599,1394,1940653,2891,73,"semi-arid","city break",May,44,0,0,0,62,90,87,80,80,85,46,0,0
DUD,"Dunedin",NZ,"New Zealand","Oceania",-45.929,170.1978,0,132800,1684,160,"oceanic / maritime","seaside town",January,39,76,70,66,39,19,7,0,13,27,38,51,63
DUR,"Durban",ZA,"South Africa","Africa",-29.6144,31.1197,93,3338026,2365,116,"humid subtropical","major coastal city",June,82,76,79,80,83,88,89,87,88,84,79,76,76
DVO,"Davao",PH,"Philippines","Asia",7.1255,125.646,20,1848947,2278,167,"tropical rainforest","coastal city break",April,66,65,68,70,71,65,65,65,65,65,65,65,65
DXJ,"Xiangxi",CN,"China","Asia",28.4972,109.5218,702,486748,1358,190,"humid subtropical","city break",September,45,0,13,41,61,59,59,59,61,67,67,43,7
DZA,"Dzaoudzi",YT,"Mayotte","Africa",-12.8093,45.2818,4,15339,3154,123,"tropical — wet & dry seasons","beach resort",August,85,70,70,70,84,92,94,95,96,96,94,86,74
DZH,"Dazhou (Dachuan)",CN,"China","Asia",31.0488,107.4356,446,1589435,1314,159,"humid subtropical","city break",April,51,14,34,64,68,58,58,58,59,58,66,58,21
EAM,"Najran",SA,"Saudi Arabia","Asia",17.6114,44.4192,1208,505652,3022,16,"hot desert","city break",January,79,97,97,97,86,67,48,39,48,78,97,97,97
EAS,"Hondarribia",ES,"Spain","Europe",43.3565,-1.7906,2,16458,1752,184,"oceanic / maritime","seaside town",July,47,16,12,30,36,55,76,80,79,77,60,31,17
ECN,"Tymbou (Kirklar)",CY,"Cyprus","Asia",35.1531,33.5074,112,224300,3110,60,"semi-arid","beach resort",June,78,35,37,62,87,96,97,97,97,96,95,84,49
ECP,"Panama City Beach",US,"United States","North America",30.3571,-85.7954,18,12624,2803,112,"humid subtropical","beach resort",May,70,52,60,74,74,82,69,68,68,73,80,80,59
EGE,"Eagle",US,"United States","North America",39.6426,-106.918,1975,23612,3066,90,"continental","alpine / mountain town",June,35,0,0,0,0,44,92,89,90,81,22,0,0
EGO,"Belgorod",RU,"Russia","Europe",50.6438,36.5901,220,345289,1668,152,"hot-summer continental","regional city",August,37,0,0,0,34,77,76,75,81,80,26,0,0
EHU,"Ezhou",CN,"China","Asia",30.3412,115.0393,15,193652,1927,140,"humid subtropical","regional city",October,52,7,25,53,63,62,62,62,64,73,76,58,14
ELP,"El Paso",US,"United States","North America",31.8099,-106.3756,1201,753000,3762,43,"semi-arid","city break",April,74,32,57,98,99,98,58,63,82,92,96,82,32
ELQ,"Qassim",SA,"Saudi Arabia","Asia",26.3028,43.7744,647,745353,3504,10,"hot desert","city break",February,61,91,100,100,99,40,10,0,0,20,80,99,98
ELU,"Guemar",DZ,"Algeria","Asia",33.5114,6.7768,60,48413,3241,19,"hot desert","small town",October,69,64,81,96,96,87,39,10,20,68,97,97,73
ENH,"Enshi (Enshi)",CN,"China","Asia",30.3203,109.485,492,395376,1402,198,"humid subtropical","regional city",October,48,7,27,55,64,59,59,59,60,60,65,50,14
ENU,"Enegu",NG,"Nigeria","Africa",6.4737,7.5605,143,1553000,1971,108,"tropical — wet & dry seasons","city break",January,73,89,86,81,68,63,63,63,63,63,63,80,89
ENY,"Yan'an (Baota)",CN,"China","Asia",36.4794,109.4641,1252,475234,2409,95,"hot-summer continental","alpine / mountain city",May,45,0,0,23,73,85,80,68,72,76,57,0,0
ERZ,"Erzurum",TR,"Türkiye","Asia",39.9565,41.1702,1755,767848,2672,123,"continental","alpine / mountain city",August,39,0,0,0,14,54,86,89,90,88,42,0,0
ESU,"Essaouira",MA,"Morocco","Africa",31.3975,-9.6817,115,85137,2935,48,"semi-arid","seaside town",June,84,60,67,82,92,94,96,96,96,94,91,77,67
EUG,"Eugene",US,"United States","North America",44.1246,-123.212,109,245158,2321,137,"Mediterranean","regional city",July,50,11,17,22,41,72,84,91,90,83,60,22,5
EVE,"Evenes",NO,"Norway","Europe",68.4913,16.6781,25,20953,1306,228,"subarctic","small town",July,11,0,0,0,0,0,28,49,39,11,0,0,0
EVV,"Evansville",US,"United States","North America",38.037,-87.5324,115,174102,2584,116,"humid subtropical","regional city",August,48,0,0,30,64,71,74,73,79,78,75,31,0
EXT,"Exeter",GB,"United Kingdom","Europe",50.7343,-3.414,22,861400,1448,174,"oceanic / maritime","city break",July,24,0,0,0,13,25,44,56,54,51,28,11,0
EYP,"Yopal",CO,"Colombia","South America",5.3191,-72.384,312,168433,1883,133,"tropical monsoon","regional city",January,67,83,81,66,62,62,62,62,62,62,62,62,73
EYW,"Key West",US,"United States","North America",24.5561,-81.7596,0,25755,3285,108,"tropical — wet & dry seasons","beach resort",March,83,93,92,94,91,81,71,75,71,71,77,90,91
EZS,"Elazığ",TR,"Türkiye","Asia",38.598,39.2835,887,443363,2891,107,"Mediterranean","city break",June,50,0,0,28,71,87,94,48,48,94,89,36,0
FAE,"Vágar",FO,"Faroe Islands","Europe",62.0633,-7.2758,83,13200,1000,258,"subpolar / tundra","seaside town",July,3,0,0,0,0,0,6,11,11,11,0,0,0
FAI,"Fairbanks",US,"United States","North America",64.8151,-147.856,129,32325,2651,110,"subarctic","small town",June,22,0,0,0,0,44,75,72,60,14,0,0,0
FAR,"Fargo",US,"United States","North America",46.9207,-96.8158,272,162842,2497,98,"continental","regional city",August,36,0,0,0,28,72,74,79,81,81,21,0,0
FAT,"Fresno",US,"United States","North America",36.7758,-119.718,99,616353,3564,44,"Mediterranean","city break",September,68,36,44,66,93,97,79,40,60,100,96,78,29
FAY,"Fayetteville",US,"United States","North America",34.9912,-78.8803,55,243306,2672,109,"humid subtropical","regional city",October,58,14,27,52,79,76,71,70,68,70,80,59,26
FBM,"Lubumbashi",CD,"Congo - Kinshasa","Asia",-11.5915,27.5308,1297,2221925,2778,124,"humid subtropical","major city break",May,82,68,68,68,85,95,95,95,95,95,81,71,68
FCA,"Kalispell",US,"United States","North America",48.3105,-114.256,903,22052,2146,129,"continental","alpine / mountain town",July,36,0,0,0,13,59,74,86,86,83,26,0,0
FDF,"Fort-de-France",MQ,"Martinique","North America",14.591,-61.0032,1,89995,2803,225,"tropical monsoon","beach resort",February,75,83,87,86,78,75,71,68,68,68,68,68,79
FDH,"Friedrichshafen",DE,"Germany","Europe",47.6713,9.5115,410,58403,1577,179,"oceanic / maritime","small town",June,29,0,0,0,29,46,60,60,60,55,35,0,0
FEG,"Fergana",UZ,"Uzbekistan","Asia",40.3588,71.745,604,299200,2497,62,"cold desert","regional city",September,54,0,0,52,89,90,82,65,74,93,83,22,0
FEN,"Fernando de Noronha",BR,"Brazil","South America",-3.8545,-32.423,50,3167,,,"tropical — wet & dry seasons","beach resort",October,77,78,71,63,63,63,72,79,86,88,89,89,85
FLN,"Florianópolis",BR,"Brazil","South America",-27.6703,-48.5525,5,1023000,2015,219,"humid subtropical","coastal city break",June,67,63,64,65,72,70,73,73,72,63,64,66,63
FMO,"Münster",DE,"Germany","Europe",52.1338,7.6885,47,308258,1440,185,"oceanic / maritime","regional city",June,36,0,0,0,40,63,75,73,73,70,38,0,0
FNT,"Flint",US,"United States","North America",42.9693,-83.7434,233,98310,2190,135,"continental","small town",September,38,0,0,0,32,73,75,77,76,78,45,0,0
FSC,"Figari",FR,"France","Europe",41.5018,9.0971,18,1438,2497,126,"Mediterranean","beach resort",July,48,7,7,14,35,57,90,92,91,84,60,31,13
FSD,"Sioux Falls",US,"United States","North America",43.5855,-96.7412,432,171544,2716,100,"hot-summer continental","regional city",July,39,0,0,0,41,78,75,81,80,81,35,0,0
FSZ,"Shizuoka",JP,"Japan","Asia",34.795,138.191,130,977023,2059,176,"humid subtropical","coastal city break",May,46,0,12,27,58,63,63,63,63,63,63,54,19
FUG,"Fuyang",CN,"China","Asia",32.8822,115.7344,32,1768947,2146,108,"humid subtropical","city break",October,54,0,21,62,80,76,67,57,65,77,82,56,0
FUO,"Foshan (Nanhai)",CN,"China","Asia",23.0825,113.0708,4,16096724,1796,156,"humid subtropical","major city break",December,70,73,82,71,62,62,62,62,62,62,79,82,84
FWA,"Fort Wayne",US,"United States","North America",40.9789,-85.1945,242,299871,2584,131,"hot-summer continental","regional city",September,42,0,0,0,52,73,75,77,77,80,60,7,0
GAJ,"Yamagata",JP,"Japan","Asia",38.4119,140.371,104,272209,1664,256,"humid subtropical","regional city",May,35,0,0,0,36,71,67,61,61,62,51,16,0
GAU,"Guwahati",IN,"India","Asia",26.1067,91.5852,48,983000,2321,89,"humid subtropical","city break",January,73,91,89,82,65,58,58,58,58,65,68,90,91
GBE,"Gaborone",BW,"Botswana","Africa",-24.5552,25.9182,1002,246325,3371,64,"semi-arid","regional city",July,89,75,85,87,92,97,97,99,99,97,83,78,74
GCI,"Saint Peter Port",GG,"Guernsey","Europe",49.435,-2.602,96,16488,1708,175,"oceanic / maritime","seaside town",September,24,0,0,0,7,20,33,47,52,53,35,23,12
GCN,"Grand Canyon - Tusayan",US,"United States","North America",35.9524,-112.147,1999,70320,3416,64,"continental","alpine / mountain town",June,50,0,0,16,48,97,98,91,90,94,63,0,0
GDX,"Magadan",RU,"Russia","Asia",59.911,150.72,175,92782,2365,144,"subarctic","small town",July,13,0,0,0,0,0,38,60,49,12,0,0,0
GEA,"Nouméa",NC,"New Caledonia","Oceania",-22.2577,166.4728,2,93060,2497,158,"tropical — wet & dry seasons","beach resort",September,78,74,75,66,74,76,79,81,83,86,86,82,79
GEG,"Spokane",US,"United States","North America",47.6199,-117.534,718,347705,2321,111,"continental","regional city",July,42,0,0,0,35,76,85,90,90,89,35,0,0
GEO,"Georgetown",GY,"Guyana","South America",6.4985,-58.2541,27,264350,2461,232,"tropical rainforest","regional city",September,69,66,72,75,67,66,66,66,66,77,77,67,66
GES,"General Santos",PH,"Philippines","Asia",6.0572,125.0962,147,950530,2365,142,"tropical rainforest","coastal city break",February,68,68,76,74,74,65,65,65,65,65,65,67,68
GHV,"Brașov (Ghimbav)",RO,"Romania","Europe",45.7056,25.5229,530,311044,1796,148,"continental","regional city",September,35,0,0,0,33,60,68,70,76,78,39,0,0
GIB,"Gibraltar",GI,"Gibraltar","Europe",36.1517,-5.3498,2,26544,2672,81,"Mediterranean","seaside town",June,74,47,47,60,70,90,94,94,94,90,81,63,52
GIZ,"Jizan",SA,"Saudi Arabia","Asia",16.9011,42.5858,4,105198,3022,3,"hot desert","beach resort",January,78,96,96,96,85,67,57,55,62,57,77,95,94
GJT,"Grand Junction",US,"United States","North America",39.1267,-108.5294,1475,60358,3110,72,"Mediterranean","alpine / mountain town",June,53,0,0,31,69,92,95,73,91,90,75,15,0
GNB,"Grenoble",FR,"France","Europe",45.3629,5.3294,385,388574,1927,153,"oceanic / maritime","alpine / mountain city",July,40,0,0,13,45,60,76,77,76,77,49,6,0
GND,"Saint George's",GD,"Grenada","Asia",12.004,-61.7853,8,7500,2803,181,"tropical — wet & dry seasons","beach resort",February,77,84,90,89,88,81,69,68,68,70,68,68,76
GNV,"Gainesville",US,"United States","North America",29.6901,-82.2718,39,191097,2847,113,"humid subtropical","regional city",November,76,62,82,81,84,80,68,68,68,69,84,86,75
GNY,"Şanlıurfa",TR,"Türkiye","Asia",37.4457,38.8956,821,449549,3110,102,"Mediterranean","city break",May,50,0,14,51,89,92,67,19,29,77,92,59,14
GOH,"Nuuk",GL,"Greenland","Asia",64.1911,-51.6791,81,14798,1438,153,"subpolar / tundra","seaside town",January,0,0,0,0,0,0,0,0,0,0,0,0,0
GOI,"Vasco da Gama",IN,"India","Asia",15.3801,73.8333,45,100485,2847,93,"tropical — wet & dry seasons","beach resort",January,82,96,96,94,93,82,68,68,68,68,70,91,95
GOJ,"Nizhny Novgorod",RU,"Russia","Europe",56.2274,43.7852,77,1259013,2063,190,"continental","city break",August,30,0,0,0,7,67,75,77,78,53,0,0,0
GOX,"Mopa",IN,"India","Asia",15.7443,73.8606,167,608756,2847,89,"tropical — wet & dry seasons","coastal city break",January,82,96,96,94,93,82,68,68,68,68,70,91,95
GPA,"Patras",GR,"Greece","Europe",38.1511,21.4256,12,168034,2847,93,"Mediterranean","beach resort",July,66,25,27,42,74,91,92,93,93,86,81,58,31
GPT,"Gulfport",US,"United States","North America",30.4056,-89.0698,6,71856,2584,115,"humid subtropical","beach resort",October,64,38,55,72,70,72,67,67,67,69,75,72,46
GRB,"Green Bay",US,"United States","North America",44.4835,-88.1308,206,198611,2365,123,"continental","regional city",September,34,0,0,0,19,56,72,76,76,77,32,0,0
GRK,"Killeen",US,"United States","North America",31.0672,-97.8289,304,140806,2672,80,"humid subtropical","regional city",November,69,43,65,82,82,75,71,59,59,80,79,86,51
GRR,"Grand Rapids",US,"United States","North America",42.8808,-85.5228,239,535829,2102,143,"continental","city break",July,36,0,0,0,31,66,75,77,75,77,36,0,0
GRV,"Grozny",RU,"Russia","Asia",43.3881,45.6998,162,297137,1664,124,"humid subtropical","regional city",August,43,0,0,13,53,75,74,77,80,80,60,7,0
GRX,"Granada",ES,"Spain","Europe",37.1887,-3.7774,562,388290,2759,119,"Mediterranean","regional city",June,66,22,29,50,66,91,95,95,95,90,87,42,29
GRZ,"Graz",AT,"Austria","Europe",46.9911,15.4396,335,303270,1752,142,"oceanic / maritime","regional city",September,36,0,0,7,46,66,70,69,69,71,39,0,0
GSM,"Qeshm(Dayrestan)",IR,"Iran","Asia",26.7546,55.9024,7,352173,3154,18,"hot desert","beach resort",November,65,93,95,94,87,29,19,19,29,49,78,96,94
GSO,"Greensboro",US,"United States","North America",36.0994,-79.9373,271,388887,2584,113,"humid subtropical","regional city",October,51,0,7,39,77,75,74,73,74,74,78,39,6
GSP,"Greenville/Greer/Spartanburg",US,"United States","North America",34.8957,-82.2189,288,95056,2672,116,"humid subtropical","small town",October,58,13,25,56,75,74,73,71,73,74,77,57,23
GSV,"Saratov",RU,"Russia","Asia",51.7128,46.1711,28,844858,1981,132,"hot-summer continental","city break",August,41,0,0,0,42,82,83,83,85,83,28,0,0
GTF,"Great Falls",US,"United States","North America",47.482,-111.371,1116,59638,2584,101,"continental","alpine / mountain town",July,39,0,0,0,28,68,79,88,88,87,29,0,0
GTO,"Gorontalo",ID,"Indonesia","Asia",0.6371,122.85,32,365497,2234,168,"tropical rainforest","beach resort",August,67,64,67,64,64,64,64,68,78,77,71,64,64
GUM,"Hagåtña",GU,"Guam","Oceania",13.485,144.7973,79,1051,2059,243,"tropical monsoon","beach resort",March,73,76,81,83,82,79,73,63,63,63,63,66,78
GUW,"Atyrau",KZ,"Kazakhstan","Asia",47.1213,51.8203,0,290700,2409,68,"semi-arid","regional city",August,45,0,0,0,52,88,91,82,92,91,45,0,0
GYE,"Guayaquil",EC,"Ecuador","South America",-2.1574,-79.8836,3,2723665,1581,95,"semi-arid","major city break",May,71,65,60,60,65,81,77,70,70,70,78,78,75
GYN,"Goiânia",BR,"Brazil","South America",-16.632,-49.2207,740,2022000,2540,191,"tropical — wet & dry seasons","major city break",June,75,66,66,66,74,89,93,93,92,60,64,66,66
GYS,"Guangyuan (Lizhou)",CN,"China","Asia",32.3903,105.6946,617,516424,1533,135,"humid subtropical","city break",April,52,7,29,69,77,67,63,60,60,60,75,48,14
GZP,"Gazipaşa",TR,"Türkiye","Asia",36.2988,32.297,24,18371,3066,98,"Mediterranean","beach resort",June,62,12,19,49,81,91,95,68,68,92,84,57,23
GZT,"Gaziantep",TR,"Türkiye","Asia",36.9472,37.4787,688,2222415,3022,103,"Mediterranean","major city break",May,54,0,14,51,88,92,86,39,39,86,91,58,7
HAH,"Moroni",KM,"Comoros","Africa",-11.5337,43.2719,26,74749,3066,121,"tropical — wet & dry seasons","beach resort",September,83,70,70,70,70,85,90,91,93,94,90,90,79
HAS,"Hail",SA,"Saudi Arabia","Asia",27.4379,41.6863,1000,605930,3592,10,"hot desert","city break",October,71,66,91,99,99,80,40,30,20,50,100,99,75
HAU,"Karmøy",NO,"Norway","Europe",59.3453,5.2084,20,173132,1492,259,"oceanic / maritime","seaside town",August,11,0,0,0,0,6,23,33,35,25,10,0,0
HBA,"Hobart (Cambridge)",AU,"Australia","Oceania",-42.837,147.513,3,254930,2393,171,"oceanic / maritime","seaside town",February,51,83,85,76,55,35,20,20,20,34,47,61,75
HBE,"Alexandria",EG,"Egypt","Africa",30.9325,29.6964,48,5263542,3580,36,"hot desert","major coastal city",May,94,72,81,98,97,100,100,100,100,100,99,98,88
HCZ,"Chenzhou",CN,"China","Asia",25.7534,112.8454,319,822534,1621,191,"humid subtropical","city break",October,55,18,42,55,60,60,60,63,60,72,76,63,32
HDG,"Handan",CN,"China","Asia",36.5248,114.4241,69,1631000,2453,77,"humid subtropical","city break",October,53,0,0,61,88,84,74,59,70,80,89,30,0
HDN,"Hayden",US,"United States","North America",40.4812,-107.218,2007,14133,3022,88,"continental","alpine / mountain town",June,38,0,0,0,7,59,92,92,91,90,22,0,0
HDO,"Ghaziabad",IN,"India","Asia",28.7077,77.3589,215,1341000,2716,35,"semi-arid","city break",November,64,92,91,92,37,0,8,40,61,65,93,94,93
HDY,"Hat Yai",TH,"Thailand","Asia",6.9332,100.393,27,317954,1568,160,"tropical monsoon","regional city",February,64,68,82,71,66,60,62,60,60,60,60,60,60
HET,"Hohhot",CN,"China","Asia",40.8497,111.8246,1076,2350000,2935,77,"semi-arid","major city break",May,42,0,0,0,47,91,87,79,83,86,31,0,0
HIA,"Huai'an",CN,"China","Asia",33.7927,119.1267,10,2494013,2190,109,"humid subtropical","major city break",October,52,0,7,50,83,78,69,64,64,75,84,49,0
HIJ,"Hiroshima",JP,"Japan","Asia",34.4361,132.919,329,2045000,1927,180,"humid subtropical","major coastal city",October,43,0,0,24,51,64,62,62,67,62,68,44,6
HIR,"Honiara",SB,"Solomon Islands","Oceania",-9.428,160.055,5,56298,2330,191,"tropical rainforest","beach resort",September,67,65,65,65,65,65,66,68,72,73,65,65,65
HKD,"Hakodate",JP,"Japan","Asia",41.77,140.822,32,302984,1664,251,"oceanic / maritime","seaside town",June,28,0,0,0,6,36,67,65,61,64,40,0,0
HLD,"Hailar",CN,"China","Asia",49.2086,119.8223,656,231171,2759,107,"subarctic","regional city",June,29,0,0,0,0,59,84,75,81,51,0,0,0
HLH,"Ulanhot",CN,"China","Asia",46.1953,122.0083,301,241894,2803,90,"hot-summer continental","regional city",May,39,0,0,0,38,87,79,73,80,86,23,0,0
HMA,"Khanty-Mansiysk",RU,"Russia","Asia",61.0285,69.0861,41,101466,2098,184,"subarctic","regional city",July,23,0,0,0,0,32,73,74,66,26,0,0,0
HMB,"Sohag",EG,"Egypt","Africa",26.3425,31.743,90,600000,3767,1,"hot desert","city break",January,68,100,100,100,90,50,20,20,20,40,80,100,100
HME,"Hassi Messaoud",DZ,"Algeria","Africa",31.673,6.1404,140,44478,3416,7,"hot desert","small town",November,65,57,83,98,98,79,30,0,10,59,98,99,66
HMI,"Hami",CN,"China","Asia",42.8414,93.6692,831,580000,3241,26,"cold desert","city break",September,51,0,0,0,73,97,96,96,97,98,49,0,0
HMO,"Hermosillo",MX,"Mexico","North America",29.0928,-111.053,186,812229,3110,28,"semi-arid","city break",April,73,95,95,96,97,68,19,39,40,50,85,95,95
HNA,"Hanamaki",JP,"Japan","Asia",39.4286,141.135,89,94691,1796,255,"hot-summer continental","small town",June,34,0,0,0,29,64,68,62,62,62,47,12,0
HNY,"Hengyang",CN,"China","Asia",26.7221,112.618,104,1075516,1577,173,"humid subtropical","city break",October,54,12,36,55,60,60,60,63,61,72,75,63,25
HPH,"Haiphong (Hai An)",VN,"Vietnam","Asia",20.8174,106.7243,2,2625200,1708,145,"humid subtropical","major coastal city",February,71,81,84,79,76,61,61,61,61,61,66,79,83
HPN,"White Plains",US,"United States","North America",41.067,-73.7076,121,58459,2497,122,"hot-summer continental","small town",July,38,0,0,0,31,69,72,74,73,74,53,13,0
HRE,"Harare",ZW,"Zimbabwe","Africa",-17.9318,31.0928,1480,1572000,3011,84,"humid subtropical","city break",May,86,69,72,80,91,96,96,93,96,96,92,80,69
HRK,"Kharkiv",UA,"Ukraine","Europe",49.9269,36.2908,154,1461000,1621,141,"hot-summer continental","city break",August,39,0,0,0,40,77,76,76,81,79,33,0,0
HRL,"Harlingen",US,"United States","North America",26.2285,-97.6544,9,65774,2540,64,"humid subtropical","small town",February,82,89,90,88,87,83,71,80,77,67,82,87,88
HSG,"Saga",JP,"Japan","Asia",33.1497,130.302,1,233301,1796,203,"humid subtropical","beach resort",October,49,13,24,38,56,62,62,62,62,62,68,58,24
HSN,"Zhoushan",CN,"China","Asia",29.9339,122.3623,1,882932,1883,162,"humid subtropical","coastal city break",October,44,6,6,17,39,57,62,65,63,62,73,55,25
HSV,"Huntsville",US,"United States","North America",34.6362,-86.7744,190,215006,2497,116,"humid subtropical","regional city",October,55,6,23,53,71,72,75,71,74,75,77,50,17
HTA,"Chita",RU,"Russia","Asia",52.0248,113.3058,680,349005,2676,93,"subarctic","regional city",June,27,0,0,0,0,44,85,80,80,36,0,0,0
HTI,"Hamilton",AU,"Australia","Oceania",-20.3581,148.952,4,84333,2935,97,"tropical — wet & dry seasons","beach resort",September,84,69,69,69,84,90,90,92,93,94,91,87,75
HTN,"Hotan",CN,"China","Asia",37.0385,79.8649,1415,408894,2584,16,"cold desert","city break",April,59,0,0,55,93,92,92,83,92,93,86,16,0
HTY,"Antakya",TR,"Türkiye","Asia",36.3608,36.2856,78,399045,2891,106,"Mediterranean","beach resort",June,69,19,33,63,87,89,93,76,75,91,88,78,32
HUI,"Huế",VN,"Vietnam","Asia",16.4006,107.7031,14,1380000,2278,135,"tropical monsoon","coastal city break",February,74,79,87,85,82,76,79,73,65,65,65,65,65
HUX,"Huatulco",MX,"Mexico","North America",15.7754,-96.2605,135,29903,2584,36,"tropical — wet & dry seasons","beach resort",January,74,94,85,65,55,59,67,69,67,67,77,92,94
HUZ,"Huizhou (Pingtan)",CN,"China","Asia",23.05,114.6,18,17494398,1927,144,"humid subtropical","major city break",December,72,82,83,74,66,62,62,62,62,64,82,84,85
HVN,"New Haven",US,"United States","North America",41.2629,-72.8877,1,846766,2540,119,"hot-summer continental","coastal city break",May,40,0,0,0,37,76,72,75,74,74,54,13,0
HYN,"Taizhou (Luqiao)",CN,"China","Asia",28.5622,121.429,3,2650000,1796,183,"humid subtropical","major coastal city",October,53,19,25,39,66,62,62,66,62,62,75,61,32
HZA,"Heze (Dingtao)",CN,"China","Asia",35.213,115.7367,45,1859723,2365,83,"humid subtropical","city break",October,52,0,0,52,86,83,70,59,66,79,87,36,0
HZG,"Hanzhong (Chenggu)",CN,"China","Asia",33.1335,107.2038,493,1006557,1621,129,"humid subtropical","city break",April,48,0,14,62,76,67,63,60,60,60,72,41,0
IBR,"Omitama",JP,"Japan","Asia",36.1815,140.4144,31,48870,1883,177,"humid subtropical","small town",August,40,0,0,18,39,59,62,62,64,62,57,41,13
ICT,"Wichita",US,"United States","North America",37.6503,-97.4286,401,401843,2922,86,"humid subtropical","city break",September,52,0,0,50,82,72,74,63,69,84,82,46,0
IDA,"Idaho Falls",US,"United States","North America",43.5146,-112.071,1441,59184,2759,100,"continental","alpine / mountain town",July,39,0,0,0,21,64,88,92,91,88,29,0,0
IDR,"Indore",IN,"India","Asia",22.7214,75.8005,563,2026000,2891,44,"tropical — wet & dry seasons","major city break",February,68,95,96,66,19,9,43,69,69,69,91,94,95
IFN,"Isfahan",IR,"Iran","Asia",32.7551,51.8839,1541,1628000,3280,45,"cold desert","city break",October,63,16,40,87,94,97,49,39,49,89,98,71,32
IGU,"Foz do Iguaçu",BR,"Brazil","South America",-25.5942,-54.4894,229,440455,1927,105,"humid subtropical","city break",August,67,63,66,68,67,62,70,74,77,68,62,62,62
IJK,"Izhevsk",RU,"Russia","Asia",56.8345,53.4622,162,648213,2074,182,"continental","city break",August,29,0,0,0,0,66,75,77,78,53,0,0,0
ILM,"Wilmington",US,"United States","North America",34.2723,-77.9051,8,161560,2759,114,"humid subtropical","beach resort",April,61,27,39,65,80,75,71,68,68,68,73,64,38
ILO,"Iloilo",PH,"Philippines","Asia",10.833,122.4934,42,473728,2321,152,"tropical rainforest","coastal city break",March,69,75,80,81,73,58,65,65,65,65,65,65,65
IMF,"Imphal",IN,"India","Asia",24.76,93.8967,775,277196,2321,92,"humid subtropical","regional city",January,75,91,88,83,68,65,65,65,65,65,72,88,89
INC,"Yinchuan",CN,"China","Asia",38.3228,106.3932,1134,1487579,2847,56,"cold desert","city break",May,51,0,0,16,86,92,90,88,88,89,62,0,0
INI,"Niš",RS,"Serbia","Europe",43.3365,21.8562,193,250000,1998,115,"humid subtropical","regional city",September,43,0,0,13,46,76,77,80,80,81,53,13,0
INV,"Inverness",GB,"United Kingdom","Europe",57.5425,-4.0475,7,47790,1250,201,"oceanic / maritime","seaside town",July,22,0,0,0,13,31,47,57,50,43,17,0,0
IOM,"Castletown",IM,"Isle of Man","Europe",54.0831,-4.6239,9,3100,1659,194,"oceanic / maritime","seaside town",July,14,0,0,0,0,13,25,37,35,36,22,5,0
IOS,"Ilhéus",BR,"Brazil","South America",-14.8159,-39.0335,3,230622,2409,269,"tropical monsoon","beach resort",September,75,75,75,70,71,72,73,76,79,83,78,70,75
IQN,"Qingyang (Xifeng)",CN,"China","Asia",35.8026,107.5989,1405,2125400,2278,100,"hot-summer continental","major city break",May,44,0,0,22,73,84,79,72,71,75,49,0,0
IQQ,"Iquique",CL,"Chile","South America",-20.5363,-70.1814,38,227499,2847,23,"cold desert","seaside town",January,91,96,96,96,96,96,80,72,80,88,96,96,96
IQT,"Iquitos",PE,"Peru","South America",-3.7847,-73.3088,92,458729,2180,225,"tropical rainforest","city break",January,64,64,64,64,64,64,64,64,64,64,64,64,64
ISG,"Ishigaki",JP,"Japan","Asia",24.3964,124.245,31,47637,1708,269,"tropical rainforest","beach resort",February,68,75,76,74,69,61,61,66,61,61,66,70,73
ISP,"Islip",US,"United States","North America",40.7963,-73.1017,26,18689,2540,117,"humid subtropical","seaside town",July,38,0,0,0,25,57,74,76,75,76,54,19,0
ISU,"Sulaymaniyah",IQ,"Iraq","Asia",35.5617,45.3167,740,878146,3022,68,"semi-arid","city break",May,50,7,22,65,89,93,48,10,19,68,93,66,22
ITO,"Hilo",US,"United States","Oceania",19.7214,-155.0454,8,,2146,227,"tropical rainforest","beach resort",June,64,64,64,64,64,64,67,64,64,64,64,64,64
IVC,"Invercargill",NZ,"New Zealand","Oceania",-46.4124,168.313,0,58000,1533,215,"oceanic / maritime","seaside town",February,25,44,46,40,29,17,6,0,6,17,22,28,40
IVL,"Ivalo",FI,"Finland","Europe",68.6073,27.4053,141,3998,1370,219,"subarctic","small town",July,8,0,0,0,0,0,23,43,34,0,0,0,0
IWK,"Iwakuni",JP,"Japan","Asia",34.1463,132.2472,2,129125,1883,187,"humid subtropical","beach resort",October,43,0,6,23,44,62,62,62,64,62,68,44,13
IXB,"Siliguri",IN,"India","Asia",26.6812,88.3286,125,515574,2278,78,"humid subtropical","city break",December,75,91,90,87,63,52,65,65,65,65,75,91,92
IXC,"Chandigarh",IN,"India","Asia",30.6735,76.7885,314,979000,2759,43,"humid subtropical","city break",November,69,74,88,89,63,26,21,54,68,68,93,94,93
IXE,"Mangaluru",IN,"India","Asia",12.9547,74.8868,93,776632,2672,112,"tropical monsoon","coastal city break",January,75,94,85,73,77,67,67,67,67,67,67,80,92
IXJ,"Jammu",IN,"India","Asia",32.6888,74.8382,290,791000,2935,53,"Mediterranean","city break",November,70,52,72,85,89,46,33,62,69,79,93,94,69
IXR,"Ranchi",IN,"India","Asia",23.3143,85.3217,646,1120374,2278,72,"humid subtropical","city break",November,68,90,89,79,35,24,45,65,65,65,76,91,91
IZO,"Izumo",JP,"Japan","Asia",35.4136,132.89,1,172775,1752,226,"humid subtropical","beach resort",May,39,0,0,11,39,66,61,61,66,61,63,40,5
JAC,"Jackson",US,"United States","North America",43.6073,-110.738,1959,250902,2759,101,"continental","alpine / mountain city",July,33,0,0,0,0,35,86,91,90,80,14,0,0
JAN,"Jackson",US,"United States","North America",32.3112,-90.0759,99,250902,2628,109,"humid subtropical","regional city",September,61,24,39,64,69,73,74,64,66,76,75,70,35
JAV,"Ilulissat",GL,"Greenland","Asia",69.2432,-51.0571,23,4413,1690,97,"subpolar / tundra","seaside town",July,2,0,0,0,0,0,0,20,6,0,0,0,0
JAX,"Jacksonville",US,"United States","North America",30.4925,-81.6878,7,1009833,2880,114,"humid subtropical","city break",November,75,62,74,81,82,79,69,69,69,69,81,86,75
JBK,"Qitai",CN,"China","Asia",44.1661,89.5501,659,173926,2935,64,"semi-arid","regional city",September,45,0,0,0,46,92,92,91,92,93,31,0,0
JDO,"Juazeiro do Norte",BR,"Brazil","South America",-7.2193,-39.2691,407,225230,2803,235,"tropical — wet & dry seasons","regional city",August,76,68,68,68,68,83,91,93,95,76,65,64,75
JGN,"Jiayuguan",CN,"China","Asia",39.8591,98.3393,1556,231853,3066,40,"cold desert","regional city",May,49,0,0,0,64,95,93,93,94,95,48,0,0
JGS,"Ji'an",CN,"China","Asia",26.8569,114.737,82,961000,1708,167,"humid subtropical","city break",October,57,25,42,61,61,61,61,55,65,72,78,70,32
JHB,"Johor Bahru",MY,"Malaysia","Asia",1.6413,103.67,33,875000,2102,182,"tropical rainforest","city break",February,65,64,72,64,64,64,64,64,64,64,64,64,64
JHG,"Jinghong (Gasa)",CN,"China","Asia",21.9746,100.7622,552,205523,2190,153,"humid subtropical","regional city",February,76,86,90,86,81,68,64,64,64,65,72,84,88
JIB,"Djibouti",DJ,"Djibouti","Africa",11.5473,43.1595,6,923000,3279,12,"hot desert","coastal city break",January,69,97,97,95,89,56,19,29,28,37,85,97,96
JJD,"Cruz",BR,"Brazil","South America",-2.9064,-40.3573,26,8723,2584,230,"tropical — wet & dry seasons","beach resort",July,76,70,67,67,67,72,85,89,84,75,75,75,81
JMU,"Jiamusi",CN,"China","Asia",46.8428,130.4643,79,1020000,2497,113,"hot-summer continental","city break",September,35,0,0,0,29,81,76,70,70,82,15,0,0
JNG,"Jining",CN,"China","Asia",35.6474,116.7433,50,1241012,2409,82,"humid subtropical","city break",October,51,0,0,53,86,82,68,59,65,79,88,36,0
JNH,"Jiaxing",CN,"China","Asia",30.6981,120.6631,3,24874500,1927,158,"humid subtropical","major city break",October,49,0,12,36,70,68,62,62,62,66,76,57,13
JNU,"Juneau",US,"United States","North America",58.3549,-134.5744,6,31555,1877,199,"subarctic","small town",July,9,0,0,0,0,0,21,36,36,16,0,0,0
JOG,"Yogyakarta",ID,"Indonesia","Asia",-7.7882,110.432,118,636660,2409,134,"tropical monsoon","coastal city break",August,71,65,65,65,65,66,75,83,87,81,67,65,65
JPA,"João Pessoa",BR,"Brazil","South America",-7.1487,-34.9506,63,956000,2584,227,"tropical — wet & dry seasons","coastal city break",November,77,78,77,71,67,67,67,67,77,85,90,91,89
JRO,"Arusha",TZ,"Tanzania","Africa",-3.427,37.0735,891,617631,2672,88,"tropical — wet & dry seasons","city break",July,81,79,81,75,68,78,91,93,92,92,83,70,75
JUH,"Chizhou",CN,"China","Asia",30.7403,117.6856,19,615274,1971,137,"humid subtropical","city break",October,49,0,18,44,63,63,63,63,63,71,77,50,7
JUL,"Juliaca",PE,"Peru","South America",-15.4677,-70.1565,3827,245675,2847,104,"highland","highland city",November,50,46,45,49,53,47,40,40,47,54,59,68,54
JUZ,"Quzhou (Kezheng)",CN,"China","Asia",28.9661,118.8988,63,1463990,1927,167,"humid subtropical","city break",October,56,19,35,52,62,62,62,62,65,72,80,67,32
KAN,"Kano",NG,"Nigeria","Africa",12.0456,8.5236,473,4910000,3114,49,"semi-arid","major city break",January,68,98,88,48,28,35,51,64,70,78,75,86,98
KBL,"Kabul",AF,"Afghanistan","Asia",34.5659,69.2123,1789,4434550,3175,50,"humid subtropical","major city break",October,60,0,0,42,83,89,92,92,90,92,93,46,0
KBP,"Boryspil",UA,"Ukraine","Europe",50.345,30.8947,129,64117,1646,149,"continental","small town",August,38,0,0,0,40,76,75,76,79,79,26,0,0
KBR,"Kota Baharu",MY,"Malaysia","Asia",6.1669,102.293,4,568900,2453,184,"tropical rainforest","coastal city break",February,69,66,82,72,75,66,66,66,66,66,66,66,66
KBV,"Krabi",TH,"Thailand","Asia",8.0956,98.989,19,31219,2497,171,"tropical monsoon","beach resort",February,70,77,89,74,70,66,66,66,66,66,66,66,68
KCA,"Kuqa",CN,"China","Asia",41.6779,82.8729,1034,257502,2716,34,"cold desert","regional city",April,53,0,0,32,94,93,91,74,83,93,71,0,0
KCH,"Kuching",MY,"Malaysia","Asia",1.4874,110.3529,22,570407,1883,274,"tropical rainforest","city break",January,62,62,62,62,62,62,62,62,62,62,62,62,62
KCZ,"Kochi",JP,"Japan","Asia",33.5452,133.6702,7,335570,2059,179,"humid subtropical","beach resort",May,44,0,12,27,47,63,63,63,63,63,63,47,19
KDI,"Kendari",ID,"Indonesia","Asia",-4.0816,122.418,45,351085,2540,150,"tropical rainforest","regional city",September,70,66,66,66,66,66,66,66,79,82,80,67,66
KEJ,"Kemerovo",RU,"Russia","Asia",55.2701,86.1072,267,558973,2330,174,"continental","city break",August,28,0,0,0,0,53,80,77,81,48,0,0,0
KEP,"Nepalgunj",NP,"Nepal","Asia",28.1036,81.667,157,166258,2540,54,"humid subtropical","regional city",November,67,89,88,90,36,16,20,60,66,66,88,93,92
KER,"Kerman",IR,"Iran","Asia",30.2713,56.9497,1746,577514,3066,39,"cold desert","city break",August,71,16,31,70,94,96,87,78,97,97,97,63,23
KGD,"Kaliningrad",RU,"Russia","Europe",54.8916,20.5986,10,475056,1870,183,"oceanic / maritime","city break",August,25,0,0,0,0,33,58,74,75,52,13,0,0
KGI,"Broadwood",AU,"Australia","Oceania",-30.7915,121.4646,357,29072,2978,119,"semi-arid","small town",April,83,62,80,92,94,94,70,62,85,94,93,92,83
KGL,"Kigali",RW,"Rwanda","Africa",-1.9686,30.1395,1488,1132686,1971,186,"tropical — wet & dry seasons","city break",July,71,73,71,63,63,65,81,84,80,74,67,63,70
KHG,"Kashgar",CN,"China","Asia",39.5423,76.0202,1377,506640,2584,35,"cold desert","city break",April,55,0,0,39,93,91,92,82,91,92,78,0,0
KHN,"Nanchang",CN,"China","Asia",28.8648,115.9027,41,2357839,1840,147,"humid subtropical","major city break",October,53,13,29,52,62,62,62,62,62,71,78,60,26
KIH,"Kish",IR,"Iran","Asia",26.5254,53.9805,29,39853,3241,24,"hot desert","beach resort",May,94,86,87,95,97,98,97,98,88,98,98,93,92
KIJ,"Niigata",JP,"Japan","Asia",37.9542,139.1122,0,797591,1577,254,"humid subtropical","coastal city break",May,38,0,0,6,41,72,67,60,60,62,60,30,0
KIN,"Kingston",JM,"Jamaica","North America",17.9357,-76.7875,2,937700,2540,121,"tropical — wet & dry seasons","coastal city break",February,80,88,90,89,86,73,78,81,75,71,66,78,85
KKC,"Khon Kaen",TH,"Thailand","Asia",16.4666,102.784,195,251056,2716,107,"tropical — wet & dry seasons","regional city",December,70,93,74,52,40,54,68,67,67,67,76,92,94
KKJ,"Kitakyushu",JP,"Japan","Asia",33.8459,131.035,6,997536,1796,212,"humid subtropical","coastal city break",October,45,6,12,28,53,62,62,62,62,62,69,49,18
KLO,"Kalibo",PH,"Philippines","Asia",11.6794,122.376,7,185236,2365,157,"tropical rainforest","beach resort",March,68,73,79,80,73,59,65,65,65,65,65,65,65
KLX,"Kalamata",GR,"Greece","Europe",37.0683,22.0255,5,54100,2672,92,"Mediterranean","beach resort",August,64,19,20,42,67,91,90,92,93,85,82,57,31
KMI,"Miyazaki",JP,"Japan","Asia",31.8772,131.449,5,401339,2059,196,"humid subtropical","coastal city break",April,53,19,34,47,63,63,63,63,63,63,63,63,31
KMJ,"Kumamoto",JP,"Japan","Asia",32.8373,130.855,192,738907,1752,202,"humid subtropical","city break",October,41,0,6,22,46,61,61,61,61,61,67,42,6
KMQ,"Kanazawa",JP,"Japan","Asia",36.3934,136.4069,6,551249,1714,249,"humid subtropical","coastal city break",June,34,0,0,0,21,49,62,61,61,61,56,31,5
KMS,"Kumasi",GH,"Ghana","Africa",6.7146,-1.5908,286,2544530,1952,184,"tropical — wet & dry seasons","major city break",December,69,78,65,69,67,63,63,64,75,63,63,73,86
KNH,"Shang-I",TW,"Taiwan","Asia",24.4279,118.359,5,37507,2015,136,"humid subtropical","beach resort",October,69,67,73,69,67,63,63,65,63,66,83,79,75
KNO,"Beringin",ID,"Indonesia","Asia",3.6378,98.8706,4,2486283,2278,151,"tropical rainforest","major coastal city",February,66,65,76,66,67,65,67,65,65,65,65,65,65
KOA,"Kailua-Kona",US,"United States","Oceania",19.7388,-156.0456,13,,2234,212,"tropical — wet & dry seasons","beach resort",June,77,77,69,62,76,80,83,82,78,83,80,75,74
KOE,"Kupang",ID,"Indonesia","Asia",-10.1716,123.671,100,474801,3110,88,"tropical — wet & dry seasons","coastal city break",August,84,70,70,70,86,91,95,95,97,96,84,82,70
KOJ,"Kagoshima",JP,"Japan","Asia",31.8034,130.719,272,595049,1883,204,"humid subtropical","coastal city break",October,50,13,23,42,62,62,62,62,62,62,64,57,24
KOW,"Ganzhou",CN,"China","Asia",25.8533,114.7789,128,1977253,1752,169,"humid subtropical","city break",October,60,32,49,61,61,61,61,64,62,73,80,73,39
KRL,"Korla",CN,"China","Asia",41.615,86.1408,920,613000,2803,32,"cold desert","city break",April,51,0,0,40,95,94,83,56,65,94,87,0,0
KRS,"Kristiansand(Kjevik)",NO,"Norway","Europe",58.2042,8.0854,14,117237,1760,201,"oceanic / maritime","seaside town",July,12,0,0,0,0,6,31,42,40,28,0,0,0
KRT,"Khartoum",SD,"Sudan","Africa",15.5895,32.5532,384,4754000,3737,16,"hot desert","major city break",January,43,100,80,40,10,0,0,28,45,29,20,60,100
KRY,"Karamay",CN,"China","Asia",45.4665,84.9527,274,261445,2628,62,"cold desert","regional city",April,48,0,0,8,92,91,81,62,82,92,62,0,0
KSC,"Košice",SK,"Slovakia","Europe",48.6631,21.2411,227,236563,2102,149,"continental","regional city",September,41,0,0,7,55,77,76,75,79,81,40,0,0
KSH,"Kermanshah",IR,"Iran","Asia",34.3459,47.1581,1310,828313,2803,78,"Mediterranean","alpine / mountain city",September,51,0,0,43,79,92,76,48,48,95,90,43,0
KSY,"Kars",TR,"Türkiye","Asia",40.5622,43.115,1793,91450,2540,134,"continental","alpine / mountain town",September,37,0,0,0,14,53,81,84,86,88,42,0,0
KTA,"Karratha",AU,"Australia","Oceania",-20.7122,116.773,7,17013,3635,39,"hot desert","beach resort",August,94,85,84,80,97,95,94,98,100,100,100,99,97
KTG,"Ketapang",ID,"Indonesia","Asia",-1.8172,109.9635,3,77765,2409,181,"tropical rainforest","beach resort",August,66,65,65,65,65,65,65,65,71,65,65,65,65
KTN,"Ketchikan",US,"United States","North America",55.3556,-131.714,25,8197,1468,215,"oceanic / maritime","seaside town",July,15,0,0,0,0,20,35,45,45,30,5,0,0
KTT,"Kittilä",FI,"Finland","Europe",67.701,24.8468,191,6658,1483,197,"subarctic","small town",July,10,0,0,0,0,0,36,51,35,0,0,0,0
KUH,"Kushiro",JP,"Japan","Asia",43.041,144.193,94,198566,1971,213,"continental","seaside town",July,25,0,0,0,0,24,47,68,65,61,35,0,0
KUV,"Gunsan",KR,"South Korea","Asia",35.9038,126.616,6,264656,2453,115,"humid subtropical","beach resort",May,44,0,0,14,58,78,68,66,66,69,76,28,0
KVX,"Kirov",RU,"Russia","Europe",58.5039,49.3478,146,507155,1936,201,"continental","city break",August,27,0,0,0,0,57,73,74,75,45,0,0,0
KWJ,"Gwangju",KR,"South Korea","Asia",35.1232,126.8054,13,1440000,2278,121,"humid subtropical","city break",October,44,0,0,27,60,71,65,65,65,65,80,35,0
KWL,"Guilin (Lingui)",CN,"China","Asia",25.2198,110.0396,166,1572300,1533,175,"humid subtropical","city break",October,62,44,63,64,60,60,60,60,60,69,77,72,52
KYA,"Konya",TR,"Türkiye","Asia",37.979,32.5619,1025,1433861,2847,88,"Mediterranean","alpine / mountain city",July,56,0,0,30,67,89,91,95,95,92,89,29,0
LAD,"Luanda",AO,"Angola","Africa",-8.8584,13.2312,73,5172900,2341,33,"semi-arid","major coastal city",July,88,88,86,80,78,88,92,93,92,92,90,86,87
LAN,"Lansing",US,"United States","North America",42.7776,-84.5857,258,279952,2234,139,"continental","regional city",September,38,0,0,0,32,73,76,77,76,79,44,0,0
LAP,"La Paz",MX,"Mexico","North America",24.0723,-110.3627,15,250141,3148,15,"hot desert","regional city",April,93,96,96,97,98,98,97,85,80,80,93,95,96
LBB,"Lubbock",US,"United States","North America",33.6636,-101.823,992,249042,3110,64,"humid subtropical","alpine / mountain city",March,69,24,47,92,92,86,69,69,79,85,89,70,24
LBD,"Khujand",TJ,"Tajikistan","Asia",40.2154,69.6947,434,437684,2628,68,"cold desert","city break",September,60,0,7,59,89,90,92,75,84,94,92,38,0
LBE,"Latrobe",US,"United States","North America",40.2759,-79.4048,345,8081,1927,158,"hot-summer continental","small town",August,40,0,0,0,49,71,70,72,74,73,55,13,0
LBJ,"Labuan Bajo, Manggarai Barat",ID,"Indonesia","Asia",-8.4807,119.8883,71,188724,2716,122,"tropical monsoon","beach resort",August,74,67,67,67,67,71,86,89,90,82,73,67,67
LBV,"Libreville",GA,"Gabon","Africa",0.459,9.4121,7,846090,1717,175,"tropical monsoon","coastal city break",July,67,61,61,61,61,61,82,86,84,68,61,61,61
LCG,"A Coruña",ES,"Spain","Europe",43.3021,-8.3773,90,370610,1883,191,"Mediterranean","seaside town",July,50,16,18,29,43,58,80,84,83,83,55,31,22
LCJ,"Łódź",PL,"Poland","Europe",51.7219,19.3981,178,758000,1510,172,"continental","city break",August,35,0,0,0,33,61,74,73,76,71,26,0,0
LDB,"Londrina",BR,"Brazil","South America",-23.3344,-51.1284,560,588125,2190,122,"humid subtropical","city break",August,70,64,64,69,77,70,76,77,79,73,64,65,64
LDE,"Tarbes/Lourdes/Pyrénées",FR,"France","Europe",43.1787,-0.0064,368,82697,2190,148,"oceanic / maritime","small town",July,48,0,7,26,44,68,80,82,82,81,72,25,7
LEI,"Almería",ES,"Spain","Europe",36.8439,-2.3701,10,196851,2994,95,"semi-arid","beach resort",July,78,46,46,69,92,94,96,97,96,93,92,68,45
LEJ,"Leipzig",DE,"Germany","Europe",51.4207,12.2327,134,542529,1538,167,"oceanic / maritime","city break",June,38,0,0,0,41,71,77,73,76,77,39,0,0
LET,"Leticia",CO,"Colombia","South America",-4.1911,-69.942,79,48144,1840,251,"tropical rainforest","small town",August,63,62,62,62,62,62,62,65,68,63,62,62,62
LEX,"Lexington",US,"United States","North America",38.0351,-84.6067,294,320347,2102,129,"humid subtropical","regional city",August,46,0,0,24,63,67,71,68,75,75,73,31,0
LFQ,"Linfen (Yaodu)",CN,"China","Asia",36.1326,111.6412,493,959198,2365,81,"humid subtropical","city break",April,52,0,0,53,86,84,82,64,73,76,79,30,0
LFT,"Lafayette",US,"United States","North America",30.2053,-91.9876,12,158214,2628,106,"humid subtropical","regional city",March,66,42,57,77,73,71,67,67,67,69,71,77,54
LFW,"Lomé",TG,"Togo","Africa",6.1656,1.2545,20,2188376,2334,91,"tropical — wet & dry seasons","major coastal city",January,77,90,86,77,71,65,65,72,82,68,67,85,90
LGK,"Langkawi",MY,"Malaysia","Asia",6.3297,99.7287,4,544984,2453,171,"tropical monsoon","coastal city break",February,69,79,87,72,66,66,66,66,66,66,66,66,66
LHW,"Lanzhou (Yongdeng)",CN,"China","Asia",36.5152,103.62,1937,3000000,2628,93,"semi-arid","major city break",May,44,0,0,8,61,87,84,82,81,85,45,0,0
LIG,"Limoges/Bellegarde",FR,"France","Europe",45.8628,1.1794,401,152199,1796,166,"oceanic / maritime","regional city",September,39,0,0,13,38,55,75,78,77,80,50,6,0
LIH,"Lihue, Kauai",US,"United States","Oceania",21.9744,-159.3371,30,8004,2540,198,"tropical — wet & dry seasons","beach resort",June,81,81,78,71,83,85,86,86,85,84,80,78,75
LIT,"Little Rock",US,"United States","North America",34.7292,-92.2236,77,270893,2978,103,"humid subtropical","regional city",September,55,13,25,61,71,69,71,55,54,81,75,58,24
LLA,"Luleå",SE,"Sweden","Europe",65.5438,22.122,10,77832,1637,160,"subarctic","seaside town",July,15,0,0,0,0,7,38,61,49,19,0,0,0
LLV,"Lüliang",CN,"China","Asia",37.6833,111.1428,1160,3346500,2628,84,"hot-summer continental","major city break",May,43,0,0,8,67,87,84,72,74,79,44,0,0
LMM,"Los Mochis",MX,"Mexico","North America",25.6855,-109.0812,4,256613,2716,37,"hot desert","beach resort",March,89,93,93,95,95,95,93,82,77,72,89,92,93
LMP,"Lampedusa",IT,"Italy","Europe",35.4979,12.6181,14,4065,3022,40,"Mediterranean","beach resort",June,75,51,45,53,62,78,96,96,95,88,86,87,57
LNK,"Lincoln",US,"United States","North America",40.8449,-96.7618,356,294757,2672,92,"hot-summer continental","regional city",July,47,0,0,22,68,72,73,81,77,81,70,15,0
LNL,"Longnan (Cheng)",CN,"China","Asia",33.7899,105.79,1132,2984659,1840,121,"humid subtropical","major city break",April,47,0,0,43,83,76,74,68,71,71,60,22,0
LOP,"Mataram (Pujut, Lombok Tengah)",ID,"Indonesia","Asia",-8.76,116.2782,93,499409,3154,118,"tropical — wet & dry seasons","coastal city break",August,81,70,70,70,76,83,91,93,96,91,86,70,70
LPB,"La Paz / El Alto",BO,"Bolivia","South America",-16.5103,-68.1894,4035,2004652,2409,108,"highland","major city break",November,51,45,42,46,50,53,46,45,52,59,56,64,49
LRH,"La Rochelle",FR,"France","Europe",46.1792,-1.1953,18,76810,2059,166,"oceanic / maritime","seaside town",September,47,6,7,26,41,60,82,82,82,83,57,31,12
LSC,"La Serena-Coquimbo",CL,"Chile","South America",-29.9162,-71.1995,140,161317,2978,13,"cold desert","seaside town",January,86,96,96,96,96,78,69,62,71,80,96,96,96
LST,"Launceston (Western Junction)",AU,"Australia","Oceania",-41.5449,147.2108,166,90953,2589,163,"oceanic / maritime","small town",February,56,85,86,83,63,42,20,21,20,34,56,76,84
LUM,"Dehong (Mangshi)",CN,"China","Asia",24.4011,98.5317,875,1000000,2234,141,"humid subtropical","city break",December,77,87,89,88,81,71,64,64,64,66,72,88,90
LUN,"Lusaka",ZM,"Zambia","Africa",-15.3308,28.4527,1144,2212301,2936,72,"Mediterranean","major city break",May,85,69,70,78,91,96,96,96,96,96,85,83,69
LUZ,"Lublin",PL,"Poland","Europe",51.2402,22.7135,194,360044,1619,165,"continental","regional city",August,37,0,0,0,40,67,75,73,77,77,33,0,0
LWO,"Lviv",UA,"Ukraine","Europe",49.8125,23.9561,321,717273,1621,167,"continental","city break",August,36,0,0,0,40,65,72,71,75,70,33,0,0
LXA,"Lhasa",CN,"China","Asia",29.298,90.912,3570,478275,2847,96,"continental","highland city",June,37,0,0,0,39,75,81,69,74,72,39,0,0
LXR,"Luxor",EG,"Egypt","Africa",25.671,32.7064,84,609248,3811,1,"hot desert","city break",January,67,100,100,100,90,40,20,20,10,40,80,100,100
LYA,"Luoyang (Laocheng)",CN,"China","Asia",34.7411,112.388,260,1715000,2190,91,"humid subtropical","city break",April,52,0,7,66,84,79,69,54,70,74,83,43,0
LYG,"Lianyungang",CN,"China","Asia",34.4141,119.179,5,2001009,2278,104,"humid subtropical","major city break",October,50,0,0,36,84,79,72,65,65,75,85,42,0
LYI,"Linyi (Hedong)",CN,"China","Asia",35.0529,118.4118,65,2743843,2365,97,"humid subtropical","major city break",October,52,0,0,52,86,80,74,65,65,78,87,36,0
LZH,"Liuzhou (Liujiang)",CN,"China","Asia",24.2075,109.391,94,1497000,1577,172,"humid subtropical","city break",February,65,50,78,68,63,60,60,60,60,67,77,74,59
LZN,"Matsu (Nangan)",TW,"Taiwan","Asia",26.1597,119.9584,77,7815,1752,161,"humid subtropical","beach resort",October,56,31,31,37,60,61,61,62,61,61,77,74,51
LZO,"Luzhou (Yunlong)",CN,"China","Asia",29.0304,105.4684,325,1537000,1270,177,"humid subtropical","city break",March,56,20,48,77,70,64,58,52,58,60,69,65,27
MAB,"Marabá",BR,"Brazil","South America",-5.3686,-49.138,108,166182,1883,243,"tropical — wet & dry seasons","regional city",July,64,62,62,62,62,68,85,87,61,42,52,68,62
MAF,"Midland",US,"United States","North America",31.9425,-102.202,870,132524,3066,53,"semi-arid","regional city",March,71,31,55,93,93,89,62,71,71,86,89,77,39
MAO,"Manaus",BR,"Brazil","South America",-3.0386,-60.0497,76,2219580,1775,261,"tropical monsoon","major city break",August,65,61,61,61,61,61,67,75,80,69,63,64,61
MBA,"Mombasa",KE,"Kenya","Africa",-4.0348,39.5942,55,1208333,2932,136,"tropical — wet & dry seasons","coastal city break",August,81,83,75,76,73,69,83,90,91,89,78,77,84
MCP,"Macapá",BR,"Brazil","South America",0.0507,-51.0722,17,512902,2234,251,"tropical monsoon","coastal city break",August,65,64,64,64,64,64,64,64,79,76,59,59,60
MCY,"Sunshine Coast",AU,"Australia","Oceania",-26.5933,153.0832,6,398840,2847,122,"humid subtropical","beach resort",September,75,68,68,68,76,79,72,73,77,87,80,80,69
MCZ,"Maceió",BR,"Brazil","South America",-9.5126,-35.7918,114,1186000,2540,264,"tropical — wet & dry seasons","coastal city break",November,78,81,81,78,71,66,66,66,75,83,86,89,89
MDC,"Manado",ID,"Indonesia","Asia",1.5486,124.9262,82,458582,2234,173,"tropical rainforest","coastal city break",August,66,64,64,64,64,64,64,64,76,74,67,64,64
MDG,"Mudanjiang",CN,"China","Asia",44.5252,129.5686,263,665915,2453,119,"hot-summer continental","city break",September,36,0,0,0,29,80,76,68,69,83,29,0,0
MDL,"Mandalay",MM,"Myanmar (Burma)","Asia",21.7022,95.9779,87,1300000,2453,76,"hot desert","city break",February,73,91,93,64,45,52,60,69,68,70,77,91,92
MDT,"Harrisburg",US,"United States","North America",40.1928,-76.7623,90,50183,2497,127,"humid subtropical","small town",May,42,0,0,7,51,74,72,72,74,72,61,20,0
MDZ,"Mendoza",AR,"Argentina","South America",-32.8317,-68.7929,703,893000,2872,42,"cold desert","city break",September,82,79,87,89,91,77,55,55,79,94,93,90,90
MEM,"Memphis",US,"United States","North America",35.0438,-89.9763,88,1081000,2888,107,"humid subtropical","city break",September,55,6,25,54,71,71,78,61,64,81,75,57,18
MFE,"McAllen",US,"United States","North America",26.1761,-98.238,29,364004,2365,44,"semi-arid","regional city",February,75,88,89,88,86,66,48,55,60,61,82,86,87
MFR,"Medford",US,"United States","North America",42.3742,-122.873,398,79805,2628,104,"Mediterranean","small town",July,53,6,12,23,46,77,89,93,93,89,80,22,0
MGA,"Managua",NI,"Nicaragua","North America",12.1415,-86.1682,58,973087,2760,165,"tropical — wet & dry seasons","city break",January,78,95,95,85,72,68,68,74,68,68,68,75,94
MGF,"Maringá",BR,"Brazil","South America",-23.4761,-52.0162,540,328335,1577,114,"humid subtropical","regional city",August,66,60,60,65,72,66,72,73,75,70,60,61,60
MGM,"Montgomery",US,"United States","North America",32.3006,-86.394,61,198325,2540,107,"humid subtropical","regional city",October,63,31,41,70,73,74,74,64,65,78,81,70,34
MGQ,"Mogadishu",SO,"Somalia","Asia",2.0144,45.3047,6,2587183,3082,56,"semi-arid","major coastal city",September,87,87,87,84,77,87,91,93,92,94,83,81,93
MHT,"Manchester",US,"United States","North America",42.9326,-71.4357,68,196566,2453,124,"continental","regional city",September,36,0,0,0,25,63,72,75,76,77,41,0,0
MID,"Mérida",MX,"Mexico","North America",20.9305,-89.6455,12,1201000,2628,90,"tropical — wet & dry seasons","city break",March,75,88,89,91,63,57,67,71,67,67,71,85,88
MIG,"Mianyang (Fucheng)",CN,"China","Asia",31.4281,104.741,517,13568357,1358,147,"humid subtropical","major city break",April,56,14,35,75,77,68,65,59,59,61,76,62,21
MIR,"Monastir",TN,"Tunisia","Africa",35.7581,10.7547,1,93306,2891,59,"semi-arid","beach resort",July,79,52,53,66,91,92,94,95,92,85,86,89,58
MJI,"Tripoli",LY,"Libya","Asia",32.8918,13.2879,1,2189000,3187,44,"semi-arid","major coastal city",June,87,60,61,79,97,97,98,98,98,94,93,92,74
MJT,"Mytilene",GR,"Greece","Europe",39.0574,26.5986,6,28322,2791,90,"Mediterranean","beach resort",July,65,12,20,42,72,90,92,95,95,92,86,55,26
MKE,"Milwaukee",US,"United States","North America",42.9472,-87.8966,203,1388000,2484,129,"hot-summer continental","city break",September,36,0,0,0,25,61,71,76,75,77,46,0,0
MKQ,"Merauke",ID,"Indonesia","Asia",-8.5239,140.4197,4,116864,2102,136,"tropical monsoon","beach resort",September,72,64,64,64,64,64,78,82,84,85,81,73,64
MKW,"Manokwari",ID,"Indonesia","Asia",-0.8918,134.049,6,132300,1708,196,"tropical rainforest","beach resort",October,62,61,61,61,61,61,61,61,64,63,68,61,61
MKY,"Mackay",AU,"Australia","Oceania",-21.1708,149.1826,5,84333,2978,92,"tropical — wet & dry seasons","beach resort",August,82,69,69,69,81,87,87,84,93,93,91,85,72
MLG,"Malang",ID,"Indonesia","Asia",-7.9291,112.7142,524,889359,2978,120,"tropical — wet & dry seasons","city break",August,78,69,69,69,69,74,84,90,94,93,85,71,69
MLI,"Moline",US,"United States","North America",41.4485,-90.5075,177,42681,2409,118,"hot-summer continental","small town",September,41,0,0,7,51,72,70,76,75,77,60,7,0
MLM,"Morelia",MX,"Mexico","North America",19.8499,-101.025,1839,743275,2190,91,"Mediterranean","highland city",April,81,90,89,89,91,85,68,64,64,66,83,89,90
MLN,"Melilla",ES,"Spain","Africa",35.2798,-2.9563,46,85985,2453,53,"Mediterranean","beach resort",July,73,49,49,56,64,81,92,93,92,88,83,67,56
MLX,"Malatya",TR,"Türkiye","Asia",38.4353,38.091,850,750491,2891,105,"semi-arid","city break",June,54,0,0,37,80,88,94,57,57,94,90,45,0
MMB,"Kitami",JP,"Japan","Asia",43.8806,144.164,32,119135,1796,245,"continental","seaside town",July,26,0,0,0,0,25,55,70,64,63,30,0,0
MMK,"Murmansk",RU,"Russia","Europe",68.7817,32.7508,80,319263,1372,206,"subarctic","regional city",July,11,0,0,0,0,0,29,52,41,12,0,0,0
MMX,"Malmö",SE,"Sweden","Europe",55.5356,13.3763,70,362133,1751,173,"oceanic / maritime","seaside town",July,26,0,0,0,0,34,58,76,74,53,19,0,0
MMY,"Miyakojima",JP,"Japan","Asia",24.7828,125.295,43,54908,1796,264,"tropical monsoon","beach resort",February,69,77,79,75,67,62,62,66,62,62,68,72,76
MOB,"Mobile",US,"United States","North America",30.6912,-88.2428,64,253466,2453,118,"humid subtropical","beach resort",October,60,31,42,59,70,72,66,66,66,67,75,71,40
MOL,"Årø",NO,"Norway","Europe",62.7447,7.2625,2,52626,1361,262,"oceanic / maritime","seaside town",July,13,0,0,0,0,5,30,49,44,24,0,0,0
MOT,"Minot",US,"United States","North America",48.258,-101.2791,512,49450,2453,84,"continental","small town",September,37,0,0,0,29,73,75,82,83,84,22,0,0
MPH,"Caticlan",PH,"Philippines","Asia",11.9245,121.954,4,4223,2365,153,"tropical monsoon","beach resort",March,70,78,82,83,82,65,65,65,65,65,65,65,65
MPM,"Maputo",MZ,"Mozambique","Africa",-25.9208,32.5726,36,1446000,2838,92,"tropical — wet & dry seasons","coastal city break",July,84,68,78,78,84,92,92,93,93,91,86,78,73
MQM,"Mardin",TR,"Türkiye","Asia",37.2233,40.6317,513,129864,2935,103,"semi-arid","regional city",May,52,7,22,59,89,93,57,19,19,77,93,68,15
MRY,"Monterey",US,"United States","North America",36.5868,-121.8442,60,28338,3022,58,"oceanic / maritime","seaside town",August,69,41,41,49,60,71,80,89,97,96,93,66,39
MSJ,"Misawa",JP,"Japan","Asia",40.7032,141.368,34,42805,1796,247,"humid subtropical","seaside town",June,34,0,0,0,25,61,72,62,62,64,50,12,0
MSN,"Madison",US,"United States","North America",43.1399,-89.3375,260,327447,2365,120,"continental","regional city",September,35,0,0,0,25,67,68,74,72,76,39,0,0
MSO,"Missoula",US,"United States","North America",46.9158,-114.0911,973,71022,2453,125,"continental","alpine / mountain town",July,39,0,0,0,20,66,79,89,88,86,34,0,0
MSR,"Muş",TR,"Türkiye","Asia",38.7478,41.6612,1266,82536,2628,115,"hot-summer continental","alpine / mountain town",August,44,0,0,0,26,70,91,93,94,92,63,0,0
MSY,"New Orleans",US,"United States","North America",29.9934,-90.2647,0,785000,2649,113,"humid subtropical","city break",March,65,38,50,75,71,73,67,67,67,71,75,74,47
MTJ,"Montrose",US,"United States","North America",38.5098,-107.894,1743,19062,3154,73,"Mediterranean","alpine / mountain town",June,51,0,0,23,61,92,95,82,90,90,68,15,0
MTR,"Montería",CO,"Colombia","South America",8.8237,-75.8258,13,490935,1883,127,"tropical — wet & dry seasons","city break",January,65,78,61,59,63,62,62,62,62,62,64,66,78
MUX,"Multan",PK,"Pakistan","Asia",30.2032,71.4191,123,2169915,3110,32,"hot desert","major city break",November,57,80,95,91,57,10,0,9,19,37,87,97,96
MVD,"Ciudad de la Costa",UY,"Uruguay","South America",-34.8356,-56.0265,23,1513000,2453,117,"humid subtropical","coastal city break",December,61,75,74,72,72,58,38,32,38,50,68,76,78
MVY,"Martha's Vineyard",US,"United States","North America",41.3931,-70.6143,18,1277000,2497,125,"oceanic / maritime","city break",July,33,0,0,0,6,32,70,79,79,76,42,12,0
MXL,"Mexicali",MX,"Mexico","North America",32.6306,-115.2428,22,1032686,3679,9,"hot desert","city break",March,66,98,98,99,99,70,10,0,0,29,99,99,90
MYJ,"Matsuyama",JP,"Japan","Asia",33.8269,132.7001,3,533541,1927,187,"humid subtropical","coastal city break",October,43,0,6,23,44,62,62,62,65,62,68,44,13
MYR,"Myrtle Beach",US,"United States","North America",33.6797,-78.9283,6,31035,2759,112,"humid subtropical","beach resort",May,58,28,33,45,73,76,68,68,68,68,74,59,38
MYY,"Miri",MY,"Malaysia","Asia",4.322,113.987,17,300543,2278,241,"tropical rainforest","beach resort",January,65,65,65,65,65,65,65,65,65,65,65,65,65
MZG,"Magong",TW,"Taiwan","Asia",23.5687,119.628,24,1876312,1971,158,"humid subtropical","coastal city break",October,70,66,68,74,71,63,63,63,63,63,82,80,80
MZT,"Mazatlàn",MX,"Mexico","North America",23.1628,-106.2645,8,381583,2716,54,"tropical — wet & dry seasons","beach resort",April,85,93,92,94,95,95,86,67,67,67,80,90,93
NAG,"Nagpur",IN,"India","Asia",21.0922,79.0472,311,2454000,2803,54,"tropical — wet & dry seasons","major city break",December,61,93,84,37,0,0,34,68,68,68,88,94,95
NAJ,"Nakhchivan",AZ,"Azerbaijan","Asia",39.1888,45.4584,861,97200,2540,62,"semi-arid","small town",September,54,0,0,37,79,85,89,73,74,91,89,30,0
NAO,"Nanchong (Gaoping)",CN,"China","Asia",30.7981,106.1642,344,2174000,1226,157,"humid subtropical","major city break",April,55,21,41,72,73,63,58,52,53,59,70,66,28
NAT,"Natal",BR,"Brazil","South America",-5.7698,-35.3666,82,1088000,2716,161,"tropical — wet & dry seasons","city break",October,79,79,78,71,68,73,67,75,86,90,92,83,82
NAV,"Nevşehir",TR,"Türkiye","Asia",38.7719,34.5345,939,75527,2759,104,"Mediterranean","alpine / mountain town",July,53,0,0,22,59,87,89,94,94,92,82,22,0
NBC,"Nizhnekamsk",RU,"Russia","Asia",55.5647,52.0925,195,234297,2191,175,"continental","regional city",August,31,0,0,0,0,74,79,79,81,55,0,0,0
NBE,"Enfidha",TN,"Tunisia","Africa",36.0758,10.4386,3,11138,2847,64,"semi-arid","beach resort",July,79,52,53,66,90,92,93,95,92,85,86,89,58
NDJ,"N'Djamena",TD,"Chad","Africa",12.1337,15.034,294,1359526,3206,48,"semi-arid","city break",January,58,88,59,29,10,19,44,66,71,81,66,69,88
NDR,"Al Aaroui",MA,"Morocco","Africa",34.9888,-3.0282,178,51976,2628,61,"semi-arid","small town",June,77,50,58,70,85,88,93,93,91,88,83,68,51
NGS,"Nagasaki",JP,"Japan","Asia",32.9169,129.914,2,435455,1796,207,"humid subtropical","coastal city break",October,46,6,18,33,51,62,62,62,62,62,68,53,18
NIM,"Niamey",NE,"Niger","Africa",13.4815,2.1836,220,1323691,3203,51,"semi-arid","city break",January,48,88,59,20,0,0,33,51,64,66,47,59,88
NJC,"Nizhnevartovsk",RU,"Russia","Asia",60.9493,76.4836,46,244937,2154,190,"subarctic","regional city",July,20,0,0,0,0,19,72,75,60,19,0,0,0
NJF,"Najaf",IQ,"Iraq","Asia",31.9911,44.405,30,665552,3592,22,"hot desert","city break",March,54,64,89,98,98,40,0,0,0,10,79,97,73
NKC,"Nouakchott",MR,"Mauritania","Africa",18.31,-15.9697,0,1184530,3333,7,"hot desert","coastal city break",January,94,99,99,98,99,99,99,97,84,74,77,99,99
NMA,"Namangan",UZ,"Uzbekistan","Asia",40.9846,71.5578,493,750000,2497,66,"semi-arid","city break",September,54,0,0,51,88,89,82,56,74,93,90,29,0
NMI,"Navi Mumbai",IN,"India","Asia",18.9846,73.0653,1,18978000,2716,76,"tropical monsoon","major coastal city",January,68,95,76,47,28,45,67,67,67,67,76,92,94
NNM,"Naryan Mar",RU,"Russia","Europe",67.64,53.1219,10,22912,1544,227,"subarctic","small town",July,9,0,0,0,0,0,24,55,29,0,0,0,0
NNY,"Nanyang (Wancheng)",CN,"China","Asia",32.9827,112.6175,123,1944000,1971,117,"humid subtropical","city break",October,51,0,14,56,79,74,70,63,66,73,80,42,0
NOC,"Charlestown",IE,"Ireland","Europe",53.9104,-8.817,191,1033,1236,242,"oceanic / maritime","small town",July,23,0,0,0,18,34,45,54,48,45,21,5,0
NOJ,"Noyabrsk",RU,"Russia","Asia",63.1833,75.27,135,110572,1901,199,"subarctic","regional city",July,13,0,0,0,0,0,52,64,39,0,0,0,0
NOU,"Nouméa (La Tontouta)",NC,"New Caledonia","Oceania",-22.0146,166.213,7,93060,2409,147,"tropical — wet & dry seasons","beach resort",September,77,70,71,65,74,76,79,81,82,85,85,83,77
NOZ,"Novokuznetsk",RU,"Russia","Asia",53.8114,86.8772,313,539616,2309,155,"continental","city break",August,30,0,0,0,0,60,79,78,82,62,0,0,0
NPE,"Napier",NZ,"New Zealand","Oceania",-39.4658,176.87,1,66400,2102,129,"oceanic / maritime","seaside town",February,58,80,81,79,64,52,31,24,32,45,58,74,79
NPL,"New Plymouth",NZ,"New Zealand","Oceania",-39.0086,174.179,28,90100,2015,158,"oceanic / maritime","seaside town",January,47,78,76,69,54,40,28,17,23,30,42,50,59
NQY,"Newquay",GB,"United Kingdom","Europe",50.4406,-4.9954,105,20189,1563,198,"oceanic / maritime","seaside town",July,22,0,0,0,13,25,43,48,47,44,28,11,0
NRN,"Weeze",DE,"Germany","Europe",51.6014,6.1412,29,10131,1362,186,"oceanic / maritime","small town",September,39,0,0,13,46,69,75,72,72,76,43,6,0
NSI,"Yaoundé",CM,"Cameroon","Africa",3.7226,11.5533,683,1611000,1644,156,"tropical — wet & dry seasons","city break",January,68,85,80,65,61,61,66,67,61,61,61,63,84
NSK,"Norilsk",RU,"Russia","Asia",69.308,87.3259,172,165873,1566,226,"subarctic","regional city",July,8,0,0,0,0,0,18,49,24,0,0,0,0
NST,"Nakhon Si Thammarat",TH,"Thailand","Asia",8.5396,99.9447,3,232335,2409,167,"tropical monsoon","beach resort",February,68,65,86,71,74,65,65,65,66,65,65,65,65
NTG,"Nantong (Tongzhou)",CN,"China","Asia",32.0736,120.9801,4,6715559,2059,142,"humid subtropical","major coastal city",October,47,0,0,32,69,74,63,63,63,68,78,52,7
NTL,"Newcastle",AU,"Australia","Oceania",-32.7961,151.835,6,540796,2540,132,"humid subtropical","coastal city break",October,71,79,69,73,78,73,51,56,63,77,81,77,79
NUX,"Novy Urengoy",RU,"Russia","Asia",66.0694,76.5203,63,94212,1706,211,"subarctic","small town",July,9,0,0,0,0,0,29,48,30,0,0,0,0
NVA,"Neiva",CO,"Colombia","South America",2.9501,-75.294,445,357392,1883,150,"tropical — wet & dry seasons","regional city",August,70,78,74,64,62,62,75,78,82,71,63,62,66
NVT,"Navegantes",BR,"Brazil","South America",-26.8794,-48.651,4,86401,1840,224,"humid subtropical","beach resort",August,66,62,62,63,71,69,71,66,72,63,62,65,62
NWI,"Norwich",GB,"United Kingdom","Europe",52.6758,1.2828,32,190756,1570,189,"oceanic / maritime","regional city",August,37,0,0,13,34,52,69,74,75,72,43,13,0
NYM,"Nadym",RU,"Russia","Asia",65.4809,72.6989,15,46339,1758,201,"subarctic","small town",July,11,0,0,0,0,0,35,58,36,0,0,0,0
OAJ,"Richlands",US,"United States","North America",34.8292,-77.6121,25,5504,2716,113,"humid subtropical","small town",April,59,20,33,58,78,74,72,67,67,67,77,65,32
OAX,"Oaxaca",MX,"Mexico","North America",16.9988,-96.7261,1515,530728,2059,77,"Mediterranean","highland city",February,77,89,90,88,85,77,63,63,63,63,72,87,89
OBO,"Obihiro",JP,"Japan","Asia",42.7333,143.217,148,173890,1971,210,"continental","regional city",July,25,0,0,0,0,29,57,65,63,57,28,0,0
ODS,"Odesa",UA,"Ukraine","Europe",46.4272,30.6726,50,1010537,1971,119,"humid subtropical","coastal city break",August,41,0,0,0,35,82,81,82,85,83,41,0,0
OGG,"Kahului",US,"United States","Oceania",20.8963,-156.4318,9,26337,2891,107,"tropical — wet & dry seasons","beach resort",June,87,85,85,81,87,89,91,90,89,89,86,84,83
OGU,"Ordu",TR,"Türkiye","Asia",40.9669,38.086,0,229214,2540,148,"oceanic / maritime","beach resort",August,41,0,0,6,27,54,82,84,85,75,52,23,0
OGX,"Ouargla",DZ,"Algeria","Asia",31.9172,5.4128,141,176271,3416,7,"hot desert","regional city",March,65,65,82,98,98,79,30,0,10,59,98,98,66
OGZ,"Beslan",RU,"Russia","Europe",43.2051,44.6066,503,35604,1796,136,"oceanic / maritime","small town",September,39,0,0,6,38,64,68,74,76,78,52,7,0
OHD,"Ohrid",MK,"North Macedonia","Europe",41.18,20.7423,699,42033,2059,130,"Mediterranean","small town",July,41,0,0,0,33,66,83,85,85,78,51,12,0
OHS,"Suhar",OM,"Oman","Asia",24.386,56.6254,37,140000,3416,8,"hot desert","beach resort",October,91,96,98,96,98,79,69,78,88,98,99,98,97
OIT,"Oita",JP,"Japan","Asia",33.4794,131.737,4,477715,1883,188,"humid subtropical","coastal city break",October,44,7,12,23,44,62,62,62,62,62,66,50,19
OKC,"Oklahoma City",US,"United States","North America",35.3934,-97.5982,392,788000,3089,82,"humid subtropical","city break",September,57,8,23,64,81,74,77,57,64,83,83,60,8
OKJ,"Okayama",JP,"Japan","Asia",34.7569,133.855,239,866092,1927,195,"humid subtropical","city break",May,46,0,6,30,65,68,62,62,68,62,68,50,12
OMA,"Omaha",US,"United States","North America",41.3032,-95.8941,296,877110,2727,100,"hot-summer continental","city break",July,43,0,0,7,60,73,73,80,75,80,62,7,0
OME,"Nome",US,"United States","North America",64.5122,-165.445,9,3806,2036,131,"subpolar / tundra","seaside town",July,4,0,0,0,0,0,7,19,18,0,0,0,0
OMH,"Urmia",IR,"Iran","Asia",37.6681,45.0687,1310,577307,2672,90,"semi-arid","city break",July,50,0,0,7,50,89,93,94,94,94,75,7,0
OMS,"Omsk",RU,"Russia","Asia",54.9631,73.3124,92,1172070,2201,153,"continental","city break",August,33,0,0,0,14,77,82,80,83,64,0,0,0
ORF,"Norfolk",US,"United States","North America",36.8953,-76.201,6,1047869,2628,114,"humid subtropical","coastal city break",May,48,0,0,26,59,76,74,70,69,71,75,40,13
OSR,"Ostrava",CZ,"Czechia","Europe",49.6963,18.1111,250,478963,1445,161,"continental","city break",August,33,0,0,0,32,58,70,69,72,66,31,0,0
OSS,"Osh",KG,"Kyrgyzstan","Asia",40.609,72.7933,881,391277,2453,69,"semi-arid","regional city",September,54,0,0,29,74,89,91,92,92,93,68,15,0
OST,"Ostend",BE,"Belgium","Europe",51.1998,2.8747,1,444336,1616,196,"oceanic / maritime","city break",June,39,0,0,13,40,58,77,74,73,71,44,12,0
OTZ,"Kotzebue",US,"United States","North America",66.8847,-162.599,0,3277,2515,106,"subarctic","seaside town",July,6,0,0,0,0,0,15,34,27,0,0,0,0
OUA,"Ouagadougou",BF,"Burkina Faso","Africa",12.3532,-1.5124,305,2415266,3136,59,"semi-arid","major city break",January,51,88,49,19,9,17,39,56,70,64,63,58,78
OUD,"Oujda",MA,"Morocco","Africa",34.7896,-1.926,455,539711,2891,67,"Mediterranean","city break",July,76,42,51,65,85,89,94,95,93,90,85,68,50
OUL,"Oulu / Oulunsalo",FI,"Finland","Europe",64.9301,25.3546,13,216066,1810,181,"subarctic","seaside town",July,18,0,0,0,0,19,52,68,56,25,0,0,0
PAD,"Paderborn",DE,"Germany","Europe",51.6125,8.6175,214,142161,1456,184,"oceanic / maritime","regional city",June,34,0,0,0,33,55,74,72,73,69,32,0,0
PAG,"Pagadian",PH,"Philippines","Asia",7.8256,123.4596,2,206483,2190,161,"tropical rainforest","beach resort",March,66,64,72,74,73,64,64,64,64,64,64,64,64
PAP,"Port-au-Prince",HT,"Haiti","North America",18.58,-72.2926,27,1998000,2803,133,"semi-arid","coastal city break",February,88,92,93,91,89,84,88,89,84,87,82,85,90
PAT,"Patna",IN,"India","Asia",25.5913,85.088,52,2158000,2278,50,"Mediterranean","major city break",November,61,90,90,63,18,0,19,52,65,65,83,92,92
PBC,"Puebla",MX,"Mexico","North America",19.1585,-98.3716,2239,2195000,2278,99,"highland","major city break",January,79,90,90,89,87,80,65,66,65,65,78,88,90
PBH,"Paro",BT,"Bhutan","Asia",27.4032,89.4246,2235,11448,2409,96,"oceanic / maritime","highland town",June,38,0,8,22,48,55,60,60,60,57,49,31,8
PBI,"West Palm Beach",US,"United States","North America",26.6832,-80.0956,3,117415,3022,130,"tropical monsoon","beach resort",January,78,88,88,85,83,73,69,69,69,69,76,86,86
PCL,"Pucallpa",PE,"Peru","South America",-8.3781,-74.5745,156,326040,1664,195,"tropical monsoon","regional city",July,65,61,61,61,63,72,75,78,72,61,58,62,61
PDG,"Padang (Katapiang)",ID,"Indonesia","Asia",-0.786,100.2804,3,942938,2321,190,"tropical rainforest","coastal city break",January,65,65,65,65,65,65,65,65,65,65,65,65,65
PEE,"Perm",RU,"Russia","Asia",57.9145,56.0212,120,997000,2039,196,"continental","city break",August,27,0,0,0,0,58,73,73,75,39,0,0,0
PEG,"Perugia (PG)",IT,"Italy","Europe",43.0959,12.5132,207,149125,2102,138,"Mediterranean","regional city",July,49,0,0,26,53,78,83,85,84,77,70,30,0
PEI,"Pereira",CO,"Colombia","South America",4.8127,-75.7395,1338,568750,1752,198,"tropical rainforest","city break",January,63,68,67,61,61,61,62,65,63,61,61,61,61
PEM,"Puerto Maldonado",PE,"Peru","South America",-12.6136,-69.2286,211,85024,2278,106,"tropical monsoon","small town",July,71,65,65,65,65,76,81,83,83,72,65,65,65
PES,"Petrozavodsk",RU,"Russia","Europe",61.8852,34.1547,44,279190,1879,205,"continental","regional city",July,23,0,0,0,0,38,61,71,63,38,0,0,0
PGD,"Punta Gorda",US,"United States","North America",26.9202,-81.9905,6,18150,3022,109,"humid subtropical","beach resort",November,81,88,88,87,87,79,69,69,69,69,84,89,88
PGF,"Perpignan/Rivesaltes",FR,"France","Europe",42.7404,2.8707,42,146620,2234,119,"Mediterranean","regional city",July,60,21,21,41,60,82,86,87,87,83,77,47,28
PGK,"Pangkal Pinang",ID,"Indonesia","Asia",-2.1622,106.139,32,226297,2146,182,"tropical rainforest","beach resort",August,66,64,64,64,64,64,65,68,76,74,64,64,64
PGU,"Khiyaroo",IR,"Iran","Asia",27.3796,52.7377,5,60187,3241,28,"hot desert","beach resort",October,83,86,94,95,97,88,59,59,59,69,98,94,94
PHC,"Port Harcourt",NG,"Nigeria","Africa",5.0155,6.9496,27,2120000,1445,144,"tropical monsoon","major city break",January,65,82,78,68,59,59,59,59,59,59,59,63,81
PHE,"Port Hedland",AU,"Australia","Oceania",-20.3828,118.6298,8,15298,3635,43,"hot desert","beach resort",August,73,49,50,58,78,97,96,97,100,99,60,50,38
PHF,"Newport News",US,"United States","North America",37.1319,-76.493,11,186247,2672,113,"humid subtropical","beach resort",May,48,0,0,26,59,77,74,71,69,71,76,40,13
PHS,"Phitsanulok",TH,"Thailand","Asia",16.7829,100.279,44,62584,2716,119,"tropical — wet & dry seasons","small town",January,64,93,56,36,25,47,61,67,67,67,69,91,93
PIA,"Peoria",US,"United States","North America",40.6638,-89.6926,195,190985,2497,114,"hot-summer continental","regional city",September,45,0,0,14,63,72,73,77,77,78,66,14,0
PIE,"St. Petersburg",US,"United States","North America",27.9102,-82.6874,2,800313,2891,103,"humid subtropical","coastal city break",November,78,77,84,83,85,80,69,69,69,69,83,87,84
PIK,"Glasgow",GB,"United Kingdom","Europe",55.5015,-4.5772,16,1160000,1585,214,"oceanic / maritime","city break",July,23,0,0,0,19,36,47,56,49,41,21,5,0
PIU,"Piura",PE,"Peru","South America",-5.2058,-80.6164,31,630000,2628,29,"hot desert","city break",May,92,92,88,85,92,94,94,94,94,94,94,93,93
PKC,"Petropavlovsk-Kamchatsky",RU,"Russia","Asia",53.1687,158.4511,38,181216,1872,163,"subarctic","regional city",July,15,0,0,0,0,0,32,57,53,35,0,0,0
PKN,"Pangkalanbun",ID,"Indonesia","Asia",-2.7052,111.673,26,108814,2409,170,"tropical rainforest","regional city",July,64,65,65,65,65,65,65,69,67,57,59,65,65
PKR,"Pokhara",NP,"Nepal","Asia",28.2006,83.9812,819,600051,2190,71,"humid subtropical","city break",March,71,52,73,87,85,73,64,64,64,64,79,83,60
PKU,"Pekanbaru",ID,"Indonesia","Asia",0.4586,101.4443,37,1167599,2234,190,"tropical rainforest","city break",January,64,64,64,64,64,64,64,64,64,64,64,64,64
PKY,"Palangkaraya",ID,"Indonesia","Asia",-2.2271,113.9434,11,318247,2278,168,"tropical rainforest","regional city",August,67,65,65,65,65,65,65,70,76,72,65,65,65
PLM,"Palembang",ID,"Indonesia","Asia",-2.8977,104.6981,11,1801367,2409,178,"tropical rainforest","city break",August,68,65,65,65,65,65,68,73,79,75,65,65,65
PLW,"Palu",ID,"Indonesia","Asia",-0.9165,119.9086,81,612445,2278,162,"tropical rainforest","coastal city break",September,68,71,71,65,65,65,65,65,72,73,68,67,68
PLZ,"Gqeberha (Port Elizabeth)",ZA,"South Africa","Africa",-33.9897,25.6174,58,1050078,2759,102,"semi-arid","city break",May,85,88,89,86,88,90,83,74,72,82,87,88,89
PMC,"Puerto Montt",CL,"Chile","South America",-41.4431,-73.0941,83,245902,2365,80,"oceanic / maritime","seaside town",February,37,74,75,58,36,22,5,5,11,19,31,45,60
PMR,"Palmerston North",NZ,"New Zealand","Oceania",-40.3206,175.617,41,90500,1840,146,"oceanic / maritime","small town",January,52,79,78,78,63,43,24,18,25,37,42,64,74
PMV,"Isla Margarita",VE,"Venezuela","Asia",10.9126,-63.9666,11,815141,2847,72,"tropical — wet & dry seasons","coastal city break",February,78,84,91,90,89,84,69,68,68,71,74,74,78
PMW,"Palmas",BR,"Brazil","South America",-10.2915,-48.357,227,306296,2409,135,"tropical — wet & dry seasons","regional city",June,66,65,65,65,65,84,92,84,65,43,44,59,65
PNH,"Phnom Penh (Pou Senchey)",KH,"Cambodia","Asia",11.5472,104.8447,12,1573544,2584,124,"tropical — wet & dry seasons","city break",December,66,82,55,44,50,63,67,67,67,67,67,78,89
PNK,"Pontianak",ID,"Indonesia","Asia",-0.1523,109.4045,2,686019,2409,188,"tropical rainforest","coastal city break",January,65,65,65,65,65,65,65,65,65,65,65,65,65
PNQ,"Pune",IN,"India","Asia",18.5821,73.9197,591,4672000,2847,52,"tropical — wet & dry seasons","major city break",January,71,96,86,57,29,46,68,68,68,68,76,92,95
PNR,"Pointe Noire",CG,"Congo - Brazzaville","Africa",-4.816,11.8866,14,1032000,1574,79,"tropical — wet & dry seasons","coastal city break",July,72,63,62,61,65,75,87,88,87,86,72,60,63
PNS,"Pensacola",US,"United States","North America",30.4727,-87.1866,27,53724,2672,109,"humid subtropical","beach resort",May,67,45,54,74,71,78,67,67,67,69,76,78,53
PNZ,"Petrolina",BR,"Brazil","South America",-9.3624,-40.5691,382,386791,2803,208,"semi-arid","regional city",August,75,64,73,74,77,83,93,94,95,75,55,54,61
POP,"Puerto Plata",DO,"Dominican Republic","North America",19.7579,-70.57,5,146000,2497,157,"tropical — wet & dry seasons","beach resort",February,82,84,88,86,85,79,84,83,81,80,79,75,84
PPP,"Proserpine",AU,"Australia","Oceania",-20.4944,148.5536,20,3614,2978,93,"tropical — wet & dry seasons","small town",August,84,69,69,69,85,90,90,92,94,94,92,87,76
PPS,"Puerto Princesa",PH,"Philippines","Asia",9.742,118.7591,14,222673,2497,132,"tropical monsoon","beach resort",February,73,81,87,87,83,70,66,66,66,66,66,66,66
PQC,"Phu Quoc",VN,"Vietnam","Asia",10.1698,103.9935,4,294419,2365,158,"tropical monsoon","beach resort",February,73,88,90,83,73,65,65,65,65,65,65,66,81
PSC,"Pasco",US,"United States","North America",46.2647,-119.119,121,69451,2234,85,"semi-arid","small town",August,51,0,0,36,73,88,89,73,91,90,66,7,0
PSO,"Pasto",CO,"Colombia","South America",1.3967,-77.2909,1791,392930,1840,154,"highland","highland city",August,74,75,76,71,67,72,77,82,84,81,70,66,71
PTP,"Pointe-à-Pitre",GP,"Guadeloupe","North America",16.2654,-61.5328,3,15181,2672,188,"tropical — wet & dry seasons","beach resort",February,78,87,89,88,85,79,77,74,71,70,67,71,82
PUF,"Pau/Pyrénées (Uzein)",FR,"France","Europe",43.38,-0.4186,182,82697,2102,153,"oceanic / maritime","small town",July,51,6,13,32,50,74,78,81,81,80,76,29,12
PUQ,"Punta Arenas",CL,"Chile","South America",-53.0026,-70.8546,36,117430,2038,93,"subpolar / tundra","seaside town",January,10,27,27,20,0,0,0,0,0,0,7,14,20
PVD,"Providence/Warwick",US,"United States","North America",41.725,-71.4257,14,4467000,2540,123,"oceanic / maritime","major city break",August,37,0,0,0,19,52,75,78,79,76,48,19,0
PVH,"Porto Velho",BR,"Brazil","South America",-8.7085,-63.9023,89,548952,1752,190,"tropical — wet & dry seasons","city break",July,67,61,61,61,61,71,82,85,73,67,62,61,61
PVU,"Provo",US,"United States","North America",40.2189,-111.7224,1368,356712,2935,88,"hot-summer continental","alpine / mountain city",June,48,0,0,15,44,88,92,83,92,90,67,7,0
PWM,"Portland",US,"United States","North America",43.6462,-70.3093,15,1875000,2341,129,"oceanic / maritime","city break",July,26,0,0,0,0,25,46,75,75,62,27,0,0
PXM,"Puerto Escondido",MX,"Mexico","North America",15.8768,-97.0891,68,29903,2584,57,"tropical — wet & dry seasons","beach resort",January,76,94,84,74,64,67,67,68,67,67,71,92,94
PXU,"Pleiku",VN,"Vietnam","Asia",14.0045,108.017,738,114225,2146,161,"tropical — wet & dry seasons","regional city",February,78,88,90,89,88,81,78,75,68,65,64,68,81
PZU,"Port Sudan",SD,"Sudan","Asia",19.4346,37.2341,42,489725,3382,10,"hot desert","coastal city break",February,92,98,99,99,99,99,89,69,69,89,98,97,98
QOW,"Owerri",NG,"Nigeria","Africa",5.4271,7.206,114,545000,1577,139,"tropical — wet & dry seasons","city break",January,68,85,81,73,63,60,60,60,60,60,60,70,85
QSR,"Salerno",IT,"Italy","Asia",40.6204,14.9113,31,954265,2365,126,"Mediterranean","coastal city break",July,60,19,20,40,62,85,87,88,88,81,78,49,26
QSZ,"Shache",CN,"China","Asia",38.2454,77.0561,1297,851374,2584,20,"cold desert","city break",April,57,0,0,47,93,92,92,91,92,92,78,8,0
RAI,"Praia",CV,"Cape Verde","Africa",14.9411,-23.4847,93,137868,1139,40,"semi-arid","beach resort",April,80,81,81,83,84,84,84,83,75,70,77,78,79
RAO,"Ribeirão Preto",BR,"Brazil","South America",-21.1343,-47.7741,548,711825,2059,111,"tropical — wet & dry seasons","city break",July,74,63,63,63,78,81,87,88,87,82,71,63,63
RAP,"Rapid City",US,"United States","North America",44.0453,-103.057,963,73569,2759,97,"hot-summer continental","alpine / mountain town",September,42,0,0,8,36,73,83,85,86,88,45,0,0
RAS,"Rasht",IR,"Iran","Asia",37.3233,49.6178,0,594590,1637,132,"Mediterranean","city break",May,52,12,12,31,52,83,83,81,76,66,61,40,23
RBR,"Rio Branco",BR,"Brazil","South America",-9.869,-67.894,185,419452,1664,201,"tropical — wet & dry seasons","city break",June,66,61,61,61,62,74,83,83,72,60,58,61,61
RCH,"Riohacha",CO,"Colombia","South America",11.5262,-72.926,13,188014,2497,58,"tropical — wet & dry seasons","beach resort",January,80,93,93,91,87,70,77,83,78,68,66,71,86
RDM,"Redmond",US,"United States","North America",44.2541,-121.15,933,60598,2453,107,"Mediterranean","alpine / mountain town",July,43,0,0,7,35,71,87,92,91,89,42,0,0
REG,"Reggio Calabria",IT,"Italy","Europe",38.0712,15.6516,12,182455,2409,85,"Mediterranean","beach resort",July,66,33,33,48,64,89,89,91,90,81,78,63,38
REN,"Orenburg",RU,"Russia","Asia",51.7927,55.4572,114,564773,2225,140,"hot-summer continental","city break",August,39,0,0,0,28,84,85,85,87,86,14,0,0
REU,"Reus",ES,"Spain","Europe",41.1475,1.1684,71,111601,2497,113,"Mediterranean","beach resort",June,64,29,30,43,56,85,90,90,88,83,82,56,37
REX,"Reynosa",MX,"Mexico","North America",26.0089,-98.2285,42,589466,2321,39,"semi-arid","city break",February,74,88,89,87,86,66,48,55,59,61,82,85,87
RIC,"Richmond",US,"United States","North America",37.5052,-77.3197,47,912000,2829,111,"humid subtropical","city break",April,52,0,7,40,79,75,75,75,73,74,77,40,7
RIZ,"Rizhao (Donggang)",CN,"China","Asia",35.405,119.3244,43,2743843,2409,99,"humid subtropical","major coastal city",May,46,0,0,15,65,80,77,65,65,77,80,22,0
RJK,"Rijeka(Omišalj)",HR,"Croatia","Europe",45.2164,14.5709,84,170992,2015,162,"oceanic / maritime","beach resort",July,38,0,0,6,32,56,78,81,77,68,41,16,0
RKT,"Ras Al Khaimah",AE,"United Arab Emirates","Asia",25.6135,55.9388,23,351943,3329,13,"hot desert","beach resort",April,74,94,97,96,98,49,29,39,49,59,89,97,96
RKV,"Reykjavík",IS,"Iceland","Europe",64.1287,-21.9376,11,166212,1326,216,"subpolar / tundra","seaside town",July,4,0,0,0,0,0,12,23,16,0,0,0,0
RMI,"Rimini (RN)",IT,"Italy","Europe",44.02,12.6122,9,148688,2015,132,"humid subtropical","beach resort",July,45,0,0,19,39,71,82,83,82,76,57,25,0
RMQ,"Taichung (Qingshui)",TW,"Taiwan","Asia",24.2647,120.621,201,6900273,1840,185,"humid subtropical","major coastal city",November,68,65,72,69,68,62,62,62,62,62,77,78,78
RMU,"Murcia",ES,"Spain","Africa",37.8029,-1.1249,191,471982,2628,104,"semi-arid","city break",June,76,45,53,81,89,91,92,75,83,88,89,73,51
RNO,"Reno",US,"United States","North America",39.4991,-119.768,1340,328585,3460,57,"Mediterranean","alpine / mountain city",August,49,0,0,7,31,78,98,98,99,98,70,7,0
RNS,"Rennes",FR,"France","Europe",48.0695,-1.7348,35,227830,1752,175,"oceanic / maritime","regional city",September,45,0,7,26,47,65,80,80,80,81,50,19,0
ROA,"Roanoke",US,"United States","North America",37.3255,-79.9754,355,198171,2453,118,"humid subtropical","regional city",August,49,0,0,32,69,72,74,73,78,76,77,33,0
ROC,"Rochester",US,"United States","North America",43.1189,-77.6724,166,755000,2146,159,"hot-summer continental","city break",May,37,0,0,0,26,76,74,73,76,76,43,0,0
ROK,"Rockhampton",AU,"Australia","Oceania",-23.38,150.4754,10,81021,2978,96,"humid subtropical","small town",August,84,74,69,75,89,91,88,91,92,92,88,87,77
ROS,"Rosario",AR,"Argentina","South America",-32.9036,-60.785,25,1203000,2672,85,"humid subtropical","city break",September,69,72,69,68,74,71,53,52,66,84,72,75,69
ROV,"Rostov-on-Don",RU,"Russia","Europe",47.4939,39.9247,75,1130305,1927,134,"hot-summer continental","city break",August,42,0,0,0,49,81,81,81,85,83,48,0,0
RPR,"Raipur",IN,"India","Asia",21.1804,81.7388,313,1027264,2672,57,"tropical — wet & dry seasons","city break",November,61,92,92,46,0,0,34,67,67,67,84,93,93
RST,"Rochester",US,"United States","North America",43.9083,-92.5,395,755000,2497,116,"hot-summer continental","city break",July,35,0,0,0,32,66,68,76,74,75,34,0,0
RSU,"Yeosu",KR,"South Korea","Asia",34.8423,127.617,14,341994,2365,104,"humid subtropical","beach resort",October,47,0,0,33,66,71,65,65,65,65,80,49,0
RSW,"Fort Myers",US,"United States","North America",26.5347,-81.7528,7,74013,3066,111,"humid subtropical","beach resort",February,80,88,89,88,86,78,70,70,70,70,81,88,87
RTB,"Coxen Hole",HN,"Honduras","North America",16.3168,-86.523,5,7514,2365,182,"tropical monsoon","beach resort",April,69,65,74,79,84,74,65,65,65,65,65,65,65
RUN,"Sainte-Marie",RE,"Réunion","Africa",-20.8901,55.5189,16,34344,2409,184,"tropical — wet & dry seasons","beach resort",July,81,67,72,67,79,83,86,87,87,87,87,85,83
RZE,"Jasionka",PL,"Poland","Europe",50.1098,22.0242,209,245686,1585,167,"continental","regional city",August,36,0,0,0,39,65,71,69,76,75,32,0,0
RZV,"Rize",TR,"Türkiye","Asia",41.1798,40.8488,0,279450,2497,150,"humid subtropical","beach resort",July,41,0,0,6,33,68,80,81,79,70,55,23,0
SAP,"San Pedro Sula",HN,"Honduras","North America",15.4526,-87.9236,25,801259,2628,153,"tropical monsoon","city break",April,73,74,79,83,86,75,67,67,67,67,67,67,73
SAV,"Savannah",US,"United States","North America",32.1266,-81.2,12,180187,2716,112,"humid subtropical","regional city",November,70,42,54,80,81,79,68,71,67,76,79,85,53
SBA,"Santa Barbara",US,"United States","North America",34.4262,-119.84,3,91842,3022,39,"Mediterranean","seaside town",July,69,34,34,43,61,79,96,97,97,96,93,68,35
SBN,"South Bend",US,"United States","North America",41.7083,-86.3169,236,239822,2365,135,"hot-summer continental","regional city",September,40,0,0,0,45,72,75,74,73,78,56,7,0
SBP,"San Luis Obispo",US,"United States","North America",35.2368,-120.642,56,47339,3022,49,"Mediterranean","seaside town",June,72,41,42,50,61,79,96,96,96,96,93,68,42
SBT,"Sabetta",RU,"Russia","Asia",71.2192,72.0522,10,,1386,202,"subpolar / tundra","seaside town",January,0,0,0,0,0,0,0,0,0,0,0,0,0
SBZ,"Sibiu",RO,"Romania","Europe",45.7858,24.0867,448,155565,1752,146,"continental","regional city",September,39,0,0,7,46,73,69,71,76,79,46,0,0
SCN,"Saarbrücken",DE,"Germany","Europe",49.2145,7.1097,321,770001,1489,178,"oceanic / maritime","city break",September,37,0,0,6,39,61,75,75,74,77,37,0,0
SCO,"Aktau",KZ,"Kazakhstan","Asia",43.8601,51.0909,22,147443,2321,60,"cold desert","regional city",June,48,0,0,15,67,90,91,73,82,91,68,0,0
SCV,"Suceava",RO,"Romania","Europe",47.6875,26.3541,414,84308,1752,138,"continental","small town",September,37,0,0,0,39,74,69,70,76,80,33,0,0
SCW,"Syktyvkar",RU,"Russia","Europe",61.647,50.8451,99,245083,1758,179,"subarctic","regional city",July,22,0,0,0,0,36,64,72,63,31,0,0,0
SDF,"Louisville",US,"United States","North America",38.1706,-85.7351,148,948000,2514,124,"humid subtropical","city break",August,47,0,0,30,63,68,73,71,78,76,73,32,0
SDJ,"Sendai",JP,"Japan","Asia",38.1397,140.917,1,2250000,1883,231,"humid subtropical","major coastal city",May,40,0,0,6,49,74,69,62,62,64,63,36,0
SEN,"London",GB,"United Kingdom","Europe",51.5706,0.6936,12,8961989,1548,163,"oceanic / maritime","major city break",July,35,0,0,7,27,52,71,77,76,66,37,12,0
SEZ,"Victoria",SC,"Seychelles","Africa",-4.6743,55.5218,4,22881,2497,198,"tropical monsoon","beach resort",July,74,66,74,74,72,76,79,83,82,74,72,71,66
SGF,"Springfield",US,"United States","North America",37.245,-93.3886,382,421780,2628,107,"humid subtropical","city break",September,48,0,0,31,64,68,74,75,76,77,75,33,0
SHF,"Shihezi",CN,"China","Asia",44.2421,85.8905,515,640000,2716,58,"semi-arid","city break",September,46,0,0,8,60,89,84,83,86,91,46,0,0
SHI,"Miyakojima",JP,"Japan","Asia",24.8267,125.145,8,54908,1796,264,"tropical monsoon","beach resort",February,69,77,79,75,67,62,62,66,62,62,68,72,76
SHS,"Jingzhou (Shashi)",CN,"China","Asia",30.2928,112.4485,27,1158640,1708,149,"humid subtropical","city break",October,52,7,26,63,66,63,61,55,59,74,75,58,14
SHV,"Shreveport",US,"United States","North America",32.4466,-93.8256,69,248053,2716,98,"humid subtropical","regional city",September,60,25,37,66,75,75,68,62,56,79,74,71,30
SIP,"Simferopol",UA,"Ukraine","Europe",45.0522,33.9751,179,358108,2146,126,"humid subtropical","regional city",August,44,0,0,0,36,84,82,84,85,84,55,14,0
SJP,"São José do Rio Preto",BR,"Brazil","South America",-20.8171,-49.407,533,480393,2584,104,"tropical — wet & dry seasons","city break",July,76,67,67,69,83,84,90,91,90,77,63,69,67
SJW,"Shijiazhuang",CN,"China","Asia",38.2807,114.697,69,3938513,2584,75,"semi-arid","major city break",April,50,0,0,46,89,87,65,55,72,82,89,15,0
SKB,"Basseterre",KN,"St. Kitts & Nevis","Asia",17.3108,-62.7191,50,12920,2935,200,"tropical — wet & dry seasons","beach resort",February,84,91,93,92,89,83,86,83,80,77,71,79,87
SKD,"Samarkand",UZ,"Uzbekistan","Asia",39.7018,66.9815,670,595200,2803,79,"semi-arid","city break",September,54,0,0,42,85,90,85,57,76,95,93,30,0
SKT,"Sialkot",PK,"Pakistan","Asia",32.5359,74.3646,238,911817,2978,68,"Mediterranean","city break",November,69,68,87,86,81,28,17,41,62,81,94,95,85
SLA,"Salta",AR,"Argentina","South America",-24.856,-65.4862,1236,520683,1827,86,"oceanic / maritime","city break",July,78,62,62,68,79,87,88,89,89,88,84,77,63
SLL,"Salalah",OM,"Oman","Asia",17.0387,54.0913,23,203877,2877,37,"hot desert","beach resort",January,91,96,95,90,95,86,94,81,85,79,96,94,95
SLP,"San Luis Potosí",MX,"Mexico","North America",22.262,-100.9357,1838,992000,2584,38,"semi-arid","highland city",December,87,92,91,91,92,86,80,77,81,77,87,91,93
SLY,"Salekhard",RU,"Russia","Asia",66.5908,66.611,63,49214,1652,182,"subarctic","small town",July,10,0,0,0,0,0,29,57,31,0,0,0,0
SLZ,"São Luís",BR,"Brazil","South America",-2.5864,-44.235,45,1038000,2365,218,"tropical — wet & dry seasons","coastal city break",October,76,65,65,65,65,65,65,77,88,88,90,90,84
SMI,"Samos",GR,"Greece","Europe",37.69,26.9117,3,23953,3110,84,"Mediterranean","beach resort",July,68,24,26,43,60,93,96,97,97,94,89,60,31
SMQ,"Sampit",ID,"Indonesia","Asia",-2.4992,112.975,3,166773,2321,171,"tropical rainforest","regional city",August,66,65,65,65,65,65,65,70,75,66,58,65,65
SMR,"Santa Marta",CO,"Colombia","South America",11.1196,-74.2306,4,499192,2453,69,"tropical — wet & dry seasons","coastal city break",January,81,93,93,92,88,72,78,79,76,69,66,74,89
SOC,"Surakarta",ID,"Indonesia","Asia",-7.516,110.7575,119,555308,2584,130,"tropical monsoon","city break",August,70,67,67,67,67,69,77,84,88,65,56,67,67
SON,"Luganville",VU,"Vanuatu","Asia",-15.505,167.22,45,13397,2409,203,"tropical rainforest","beach resort",August,67,65,65,65,65,65,65,70,73,70,65,65,65
SOQ,"Sorong",ID,"Indonesia","Asia",-0.894,131.287,3,219958,1883,211,"tropical rainforest","beach resort",January,62,62,62,62,62,62,62,62,62,62,62,62,62
SOU,"Southampton",GB,"United Kingdom","Europe",50.9503,-1.3568,10,384417,1706,158,"oceanic / maritime","regional city",July,37,0,0,7,33,52,72,78,77,73,42,12,0
SPC,"La Palma",ES,"Spain","Africa",28.6265,-17.7556,29,20171,2540,57,"semi-arid","beach resort",August,72,59,51,52,61,70,78,86,93,92,89,72,64
SPD,"Saidpur",BD,"Bangladesh","Asia",25.7592,88.9089,38,232209,2234,80,"humid subtropical","regional city",January,68,91,90,69,37,39,51,64,64,64,68,91,91
SPN,"I Fadang, Saipan",MP,"Northern Mariana Islands","Oceania",15.1194,145.7288,63,48220,2102,244,"tropical — wet & dry seasons","beach resort",March,75,79,84,85,83,82,77,64,64,64,64,72,80
SPX,"Al Jiza",EG,"Egypt","Africa",30.1082,30.8957,153,11893000,3285,17,"hot desert","major city break",March,80,73,97,98,97,89,59,49,49,69,98,96,89
SQD,"Shangrao (Hengfeng)",CN,"China","Asia",28.3797,117.9643,105,1144577,1840,161,"humid subtropical","city break",October,57,25,39,57,62,62,62,62,64,71,79,66,32
SRG,"Semarang",ID,"Indonesia","Asia",-6.9707,110.3732,2,1694740,2847,134,"tropical monsoon","coastal city break",July,71,68,68,68,68,72,80,87,81,67,59,68,68
SRQ,"Sarasota/Bradenton",US,"United States","North America",27.3946,-82.5544,6,2314000,2935,104,"humid subtropical","major coastal city",November,80,85,86,84,86,81,69,69,69,69,83,88,85
SRY,"Sari",IR,"Iran","Asia",36.6444,53.1888,5,271467,2365,74,"Mediterranean","regional city",May,68,34,42,77,86,90,90,71,62,84,79,64,41
SSG,"Malabo",GQ,"Equatorial Guinea","Africa",3.7553,8.7087,20,155963,1177,200,"tropical monsoon","beach resort",January,63,80,72,58,58,58,58,58,58,58,58,58,80
STM,"Santarém",BR,"Brazil","South America",-2.4224,-54.7931,57,230428,2015,206,"tropical monsoon","regional city",September,71,63,63,63,63,63,68,73,82,84,81,78,68
STS,"Santa Rosa",US,"United States","North America",38.509,-122.813,35,231792,3066,75,"Mediterranean","seaside town",July,66,29,35,43,57,76,96,97,97,96,88,52,29
STT,"Charlotte Amalie",VI,"U.S. Virgin Islands","North America",18.3371,-64.9773,6,20000,2935,209,"tropical — wet & dry seasons","beach resort",February,81,89,91,89,86,78,83,80,76,70,70,74,86
STV,"Surat",IN,"India","Asia",21.1155,72.7433,5,4591246,2935,42,"tropical — wet & dry seasons","major coastal city",January,86,96,96,96,96,95,69,69,69,69,91,95,96
STW,"Stavropol",RU,"Russia","Europe",45.1092,42.1128,444,433931,2015,138,"hot-summer continental","city break",September,41,0,0,0,42,77,78,80,82,83,47,0,0
STX,"Christiansted",VI,"U.S. Virgin Islands","North America",17.7014,-64.8026,13,1866,2935,208,"tropical — wet & dry seasons","beach resort",February,83,90,92,91,88,81,84,83,79,75,74,77,87
SUV,"Nausori",FJ,"Fiji","Asia",-18.0442,178.5615,3,92043,2015,219,"tropical rainforest","beach resort",July,65,63,63,63,63,63,63,73,72,67,63,63,63
SVD,"Kingstown",VC,"St. Vincent & Grenadines","Asia",13.1597,-61.1488,24,24518,2847,196,"tropical — wet & dry seasons","beach resort",February,85,91,93,92,92,88,83,82,80,80,76,79,88
SWA,"Jieyang (Rongcheng)",CN,"China","Asia",23.552,116.5033,5,3838900,1971,144,"humid subtropical","major city break",October,72,81,82,73,63,63,63,63,63,63,83,80,83
SXR,"Srinagar",IN,"India","Asia",33.9871,74.7742,1657,1206419,2759,67,"humid subtropical","alpine / mountain city",September,53,0,0,25,64,85,85,81,80,88,83,37,7
SYO,"Shonai",JP,"Japan","Asia",38.8122,139.787,21,20940,1533,265,"humid subtropical","beach resort",June,34,0,0,0,29,63,66,60,60,61,50,20,0
SYR,"Syracuse",US,"United States","North America",43.1112,-76.1063,126,662577,2015,168,"continental","city break",September,34,0,0,0,25,67,71,71,72,73,34,0,0
SYZ,"Shiraz",IR,"Iran","Asia",29.5392,52.5898,1487,1249942,3285,47,"semi-arid","city break",October,65,22,38,76,94,97,59,39,49,89,98,76,37
SZB,"Subang",MY,"Malaysia","Asia",3.1306,101.549,17,1453975,2234,213,"tropical rainforest","coastal city break",January,64,64,64,64,64,64,64,64,64,64,64,64,64
SZF,"Samsun",TR,"Türkiye","Asia",41.254,36.5675,3,609339,2453,136,"Mediterranean","coastal city break",July,47,0,0,7,21,58,87,90,90,87,68,39,13
SZZ,"Szczecin(Glewice)",PL,"Poland","Europe",53.5847,14.9022,40,407811,1679,169,"oceanic / maritime","city break",June,35,0,0,0,34,65,77,73,76,72,26,0,0
TAC,"Tacloban City",PH,"Philippines","Asia",11.2278,125.0278,2,280006,2321,206,"tropical rainforest","beach resort",April,65,65,65,65,68,65,65,65,65,65,65,65,65
TAE,"Daegu",KR,"South Korea","Asia",35.8944,128.657,34,2460000,2540,92,"humid subtropical","major city break",October,47,0,0,28,71,77,70,66,66,67,82,36,0
TAG,"Panglao",PH,"Philippines","Asia",9.573,123.7701,12,6854,2278,156,"tropical rainforest","beach resort",April,69,65,75,76,81,71,65,65,65,65,65,65,65
TAK,"Takamatsu",JP,"Japan","Asia",34.215,134.0155,182,418994,2015,184,"humid subtropical","coastal city break",May,43,0,6,23,54,63,63,63,63,63,63,43,6
TAM,"Ciudad Madero",MX,"Mexico","North America",22.2926,-97.8671,23,197216,2059,71,"tropical — wet & dry seasons","beach resort",December,76,85,86,85,84,78,65,63,69,63,69,83,87
TAP,"Tapachula",MX,"Mexico","North America",14.7945,-92.3699,25,353706,2102,125,"tropical monsoon","beach resort",January,71,90,81,69,62,64,64,64,64,64,64,76,89
TBB,"Tuy Hoa",VN,"Vietnam","Asia",13.0496,109.334,8,155921,2102,154,"tropical — wet & dry seasons","beach resort",February,74,83,88,85,84,70,74,73,67,64,64,64,66
TBP,"Tumbes",PE,"Peru","South America",-3.5521,-80.3811,30,96946,1883,80,"hot desert","beach resort",July,84,81,73,67,80,85,88,89,89,89,89,88,87
TBZ,"Tabriz",IR,"Iran","Asia",38.1339,46.235,1358,1424641,2794,99,"semi-arid","city break",September,53,0,0,23,66,90,93,75,76,94,92,23,0
TCG,"Tacheng",CN,"China","Asia",46.6725,83.3408,607,161037,2628,99,"hot-summer continental","regional city",August,44,0,0,0,52,90,89,90,91,91,30,0,0
TCQ,"Tacna",PE,"Peru","South America",-18.0533,-70.2758,445,286240,2716,27,"cold desert","seaside town",April,94,93,93,94,95,95,95,94,95,95,95,95,94
TCZ,"Baoshan (Tengchong)",CN,"China","Asia",24.9381,98.4858,1885,1000000,2190,142,"oceanic / maritime","highland city",February,73,65,88,87,81,71,64,64,64,66,72,81,67
TEN,"Tongren (Daxing)",CN,"China","Asia",27.8833,109.3089,703,552622,1358,189,"humid subtropical","city break",September,45,0,13,41,61,59,59,59,64,69,69,43,7
TER,"Praia da Vitória",PT,"Portugal","Europe",38.7618,-27.0908,50,6061,1752,186,"Mediterranean","beach resort",July,61,43,44,44,46,53,76,85,85,78,69,57,46
TGM,"Târgu Mureş",RO,"Romania","Europe",46.4677,24.4125,291,212752,1796,146,"continental","regional city",September,40,0,0,7,46,75,71,73,77,80,47,0,0
TGO,"Tongliao",CN,"China","Asia",43.5567,122.2,184,884000,2716,69,"semi-arid","city break",September,43,0,0,0,61,87,82,78,77,89,46,0,0
TGU,"Tegucigalpa",HN,"Honduras","North America",14.0609,-87.2172,993,946000,2321,170,"tropical — wet & dry seasons","city break",January,77,91,91,91,85,65,65,72,65,65,65,85,87
TGZ,"Tuxtla Gutiérrez",MX,"Mexico","North America",16.5616,-93.0257,456,604147,1971,78,"tropical — wet & dry seasons","city break",February,71,87,88,70,59,60,63,63,63,63,63,83,86
THD,"Thanh Hóa",VN,"Vietnam","Asia",19.9017,105.4678,18,850000,1883,143,"tropical — wet & dry seasons","city break",February,71,84,86,81,78,56,57,56,62,62,62,78,84
THE,"Teresina",BR,"Brazil","South America",-5.0602,-42.8237,60,907000,2628,229,"tropical — wet & dry seasons","city break",July,71,67,67,67,67,73,90,92,84,65,54,60,71
TIF,"Taif",SA,"Saudi Arabia","Asia",21.4847,40.5441,1456,1578722,3197,31,"hot desert","city break",January,88,98,98,98,96,87,68,69,69,78,98,97,98
TIJ,"Tijuana",MX,"Mexico","North America",32.541,-116.97,140,1922523,3154,35,"semi-arid","coastal city break",July,88,68,66,85,95,96,95,97,97,97,95,93,66
TJQ,"Tanjung Pandan",ID,"Indonesia","Asia",-2.7441,107.7545,58,103062,2409,180,"tropical rainforest","beach resort",August,67,65,65,65,65,65,65,69,78,73,65,65,65
TKG,"Bandar Lampung",ID,"Indonesia","Asia",-5.2468,105.1825,82,1166066,2497,173,"tropical monsoon","city break",August,72,66,66,66,66,73,76,79,85,82,75,66,66
TKS,"Tokushima",JP,"Japan","Asia",34.1326,134.6078,1,443760,2015,182,"humid subtropical","coastal city break",April,48,7,13,35,68,63,63,63,63,63,63,56,19
TLC,"Toluca",MX,"Mexico","North America",19.3369,-99.5658,2580,1531000,2102,112,"highland","highland city",February,75,74,89,88,87,81,66,64,64,64,73,80,75
TLH,"Tallahassee",US,"United States","North America",30.4012,-84.3543,18,221222,2891,115,"humid subtropical","regional city",October,71,47,63,76,77,83,69,69,69,76,84,82,56
TLN,"Toulon",FR,"France","Europe",43.0973,6.146,1,1400000,2759,87,"Mediterranean","coastal city break",July,61,21,22,36,58,80,91,94,92,87,80,44,27
TLQ,"Turpan",CN,"China","Asia",43.0308,89.0987,278,651853,2891,37,"cold desert","city break",April,51,0,0,24,95,95,85,66,85,95,71,0,0
TMR,"Tamanrasset",DZ,"Algeria","Asia",22.811,5.4508,1362,81752,3686,14,"hot desert","small town",January,87,100,100,99,100,79,59,58,62,87,98,100,100
TNJ,"Tanjung Pinang-Bintan Island",ID,"Indonesia","Asia",0.924,104.5334,16,1296960,2059,180,"tropical rainforest","coastal city break",February,64,63,70,63,63,63,63,63,63,63,63,63,63
TNR,"Antananarivo",MG,"Madagascar","Africa",-18.7969,47.4788,1265,1697000,2626,133,"oceanic / maritime","city break",September,72,67,67,67,67,79,72,66,77,86,77,67,67
TOF,"Tomsk",RU,"Russia","Asia",56.3803,85.2083,182,574002,2289,188,"continental","city break",August,28,0,0,0,0,54,80,77,81,48,0,0,0
TOY,"Toyama",JP,"Japan","Asia",36.6484,137.1874,22,415844,1621,249,"humid subtropical","coastal city break",May,36,0,0,5,38,66,60,60,60,60,55,25,0
TPP,"Tarapoto",PE,"Peru","South America",-6.5087,-76.3732,253,240453,1752,158,"tropical — wet & dry seasons","regional city",July,71,70,70,65,65,72,76,79,73,68,71,67,70
TPS,"Trapani (TP)",IT,"Italy","Europe",37.9114,12.488,4,863000,2584,86,"Mediterranean","coastal city break",July,69,34,34,49,65,89,92,93,91,83,80,67,47
TQO,"Tulum",MX,"Mexico","North America",20.1721,-87.6603,26,18233,2497,106,"tropical — wet & dry seasons","small town",February,76,84,86,86,86,73,66,72,66,66,66,73,83
TRC,"Torreón",MX,"Mexico","North America",25.5623,-103.4046,1122,1144000,2497,32,"hot desert","city break",April,83,92,92,91,93,73,62,67,68,82,90,92,92
TRG,"Tauranga",NZ,"New Zealand","Oceania",-37.6719,176.196,3,161000,2102,153,"oceanic / maritime","seaside town",January,50,78,77,69,54,41,29,23,23,31,44,60,66
TRI,"Blountville",US,"United States","North America",36.4752,-82.4074,459,3074,2497,130,"humid subtropical","small town",October,49,0,0,32,68,74,74,70,76,78,79,39,0
TRK,"Tarakan",ID,"Indonesia","Asia",3.3251,117.5642,2,255310,2059,204,"tropical rainforest","beach resort",January,63,63,63,63,63,63,63,63,63,63,63,63,63
TRU,"Trujillo",PE,"Peru","South America",-8.0824,-79.1088,25,1067700,1927,47,"hot desert","coastal city break",June,86,88,88,86,88,89,90,82,82,82,81,88,88
TRW,"South Tarawa",KI,"Kiribati","Oceania",1.3816,173.147,3,40311,,,"tropical rainforest","beach resort",September,68,63,63,63,63,71,65,69,71,73,73,73,63
TRZ,"Tiruchirappalli",IN,"India","Asia",10.7629,78.7177,85,1022518,2497,44,"tropical — wet & dry seasons","city break",January,63,92,74,45,35,48,60,58,63,67,66,66,81
TST,"Trang",TH,"Thailand","Asia",7.5087,99.6166,18,66713,2453,171,"tropical monsoon","beach resort",February,69,79,89,68,69,66,66,66,66,66,66,66,66
TSV,"Townsville",AU,"Australia","Oceania",-19.2529,146.7665,4,201313,3141,83,"tropical — wet & dry seasons","beach resort",September,87,70,70,74,89,93,93,94,95,96,94,90,82
TTE,"Ternate",ID,"Indonesia","Asia",0.831,127.3816,24,210836,2102,191,"tropical rainforest","beach resort",August,65,64,64,64,64,64,64,64,70,69,66,64,64
TTJ,"Tottori",JP,"Japan","Asia",35.5301,134.165,12,530495,1664,234,"humid subtropical","coastal city break",August,33,0,0,0,28,54,61,61,63,61,46,22,0
TTN,"Trenton",US,"United States","North America",40.2767,-74.8135,58,19040000,2453,117,"humid subtropical","major city break",May,43,0,0,13,56,75,71,70,71,73,66,26,0
TTT,"Taitung",TW,"Taiwan","Asia",22.755,121.102,42,2769072,1883,195,"tropical monsoon","major coastal city",December,71,80,81,79,75,62,62,62,62,62,73,77,82
TTU,"Tétouan",MA,"Morocco","Africa",35.5943,-5.32,2,415810,2672,84,"Mediterranean","coastal city break",June,77,48,56,68,85,90,94,94,94,90,82,71,54
TUL,"Tulsa",US,"United States","North America",36.1971,-95.8862,197,946962,2786,89,"humid subtropical","city break",September,53,0,21,59,74,68,75,54,62,78,76,56,7
TUS,"Tucson",US,"United States","North America",32.115,-110.9381,792,823000,3806,56,"semi-arid","city break",April,80,72,88,97,99,99,39,51,62,83,97,97,71
TUU,"Tabuk",SA,"Saudi Arabia","Asia",28.3711,36.6249,772,667000,3679,6,"hot desert","city break",February,69,82,100,100,100,70,30,10,10,40,90,99,91
TVC,"Traverse City",US,"United States","North America",44.7414,-85.5822,187,15218,2102,149,"continental","small town",July,33,0,0,0,12,49,76,78,77,76,24,0,0
TVS,"Tangshan (Fengrun)",CN,"China","Asia",39.7178,118.0026,10,11090314,2716,76,"hot-summer continental","major city break",April,50,0,0,31,91,87,79,67,68,84,82,8,0
TWC,"Tumxuk",CN,"China","Asia",39.8867,79.2334,1088,135727,2584,39,"cold desert","regional city",April,54,0,0,47,93,92,91,72,81,91,86,0,0
TWU,"Tawau",MY,"Malaysia","Asia",4.3134,118.1215,13,372615,2321,209,"tropical rainforest","beach resort",January,65,65,65,65,65,65,65,65,65,65,65,65,65
TXN,"Huangshan",CN,"China","Asia",29.7333,118.256,132,460786,1927,155,"humid subtropical","city break",October,50,6,22,42,62,62,62,62,62,72,78,55,13
TYN,"Taiyuan",CN,"China","Asia",37.7469,112.628,777,4303673,2540,80,"hot-summer continental","major city break",April,48,0,0,31,89,87,83,71,74,80,66,0,0
TYS,"Knoxville/Maryville",US,"United States","North America",35.811,-83.994,291,655400,2497,126,"humid subtropical","city break",October,51,0,6,43,72,74,73,68,76,76,78,44,6
TZL,"Tuzla",BA,"Bosnia & Herzegovina","Europe",44.4599,18.7236,237,144334,1752,144,"humid subtropical","regional city",August,43,0,0,19,51,72,72,76,77,75,57,19,0
UBJ,"Ube",JP,"Japan","Asia",33.93,131.279,3,173733,1796,210,"humid subtropical","beach resort",October,45,6,12,28,53,62,62,62,62,62,69,49,18
UBP,"Ubon Ratchathani",TH,"Thailand","Asia",15.2513,104.87,120,273893,2759,126,"tropical — wet & dry seasons","regional city",January,71,95,66,54,41,61,68,68,68,68,77,92,94
UDI,"Uberlândia",BR,"Brazil","South America",-18.8836,-48.2259,939,563536,2672,133,"tropical — wet & dry seasons","city break",July,79,67,67,67,81,88,92,93,93,88,75,67,67
UGC,"Urgench",UZ,"Uzbekistan","Asia",41.5827,60.6434,97,145000,2803,44,"cold desert","regional city",September,47,0,0,46,93,94,57,38,57,95,87,0,0
UIB,"Quibdó",CO,"Colombia","South America",5.6908,-76.6412,58,129237,1270,286,"tropical rainforest","regional city",January,58,58,58,58,58,58,58,58,58,58,58,58,58
UIH,"Quy Nohn",VN,"Vietnam","Asia",13.955,109.042,30,805290,2190,148,"tropical — wet & dry seasons","city break",February,68,84,89,87,61,55,63,61,56,58,64,64,69
UKB,"Kobe",JP,"Japan","Asia",34.6328,135.224,4,1528478,1883,189,"humid subtropical","coastal city break",May,44,0,6,30,52,64,62,62,62,62,62,50,19
UKK,"Ust-Kamenogorsk (Oskemen)",KZ,"Kazakhstan","Asia",50.035,82.4961,285,319067,2369,138,"continental","regional city",August,37,0,0,0,29,78,84,83,87,80,7,0,0
ULV,"Ulyanovsk",RU,"Russia","Asia",54.2683,48.2267,130,640680,2089,162,"continental","city break",July,32,0,0,0,7,75,79,80,80,61,0,0,0
UME,"Umeå",SE,"Sweden","Europe",63.7918,20.2828,6,130224,1612,171,"subarctic","seaside town",July,19,0,0,0,0,19,51,65,58,30,0,0,0
UPG,"Makassar",ID,"Indonesia","Asia",-5.0755,119.5537,10,1474393,2849,136,"tropical — wet & dry seasons","coastal city break",August,78,68,68,68,68,81,84,91,94,91,84,68,68
URT,"Surat Thani",TH,"Thailand","Asia",9.1326,99.1356,5,157627,2453,170,"tropical monsoon","regional city",February,70,71,88,73,74,66,66,66,66,66,66,66,66
USA,"Concord",US,"United States","North America",35.3878,-80.7091,206,128667,2716,111,"humid subtropical","regional city",October,55,0,20,45,78,76,75,74,74,76,79,46,13
USM,"Na Thon (Ko Samui Island)",TH,"Thailand","Asia",9.5478,100.062,3,157627,2365,163,"tropical monsoon","beach resort",February,69,68,86,72,76,65,65,65,66,65,65,65,65
USN,"Ulsan",KR,"South Korea","Asia",35.5935,129.352,10,1098421,2321,106,"humid subtropical","coastal city break",October,43,0,0,20,48,71,65,65,65,65,78,41,0
USU,"Coron",PH,"Philippines","Asia",12.1219,120.1008,50,8723,2540,134,"tropical monsoon","beach resort",March,75,89,89,91,87,66,66,66,66,66,66,70,74
UTH,"Udon Thani",TH,"Thailand","Asia",17.3862,102.7886,176,247231,2628,121,"tropical — wet & dry seasons","regional city",January,69,93,73,52,32,47,67,67,67,67,76,91,93
UTP,"Rayong",TH,"Thailand","Asia",12.6799,101.005,13,106737,2365,112,"tropical monsoon","beach resort",February,74,86,88,81,76,65,65,65,65,65,65,78,88
UUD,"Ulan Ude",RU,"Russia","Asia",51.8086,107.4397,512,360278,2510,100,"subarctic","regional city",June,29,0,0,0,0,51,86,83,83,50,0,0,0
UUS,"Yuzhno-Sakhalinsk",RU,"Russia","Asia",46.8855,142.7175,18,198973,1840,184,"continental","seaside town",August,20,0,0,0,0,13,44,66,68,48,6,0,0
UVF,"Vieux Fort",LC,"St. Lucia","North America",13.7332,-60.9526,3,4574,2891,201,"tropical — wet & dry seasons","beach resort",February,78,85,89,89,83,83,75,74,70,70,69,71,83
UYN,"Yulin",CN,"China","Asia",38.3597,109.5909,1182,1127000,2803,76,"hot-summer continental","alpine / mountain city",May,44,0,0,8,69,89,86,77,74,83,45,0,0
VAN,"Van",TR,"Türkiye","Asia",38.4682,43.3323,1655,525016,2935,105,"hot-summer continental","alpine / mountain city",August,42,0,0,0,21,59,93,95,96,94,51,0,0
VAS,"Sivas",TR,"Türkiye","Asia",39.8138,36.9035,1583,264022,2672,117,"continental","alpine / mountain city",August,45,0,0,0,36,70,88,92,93,90,58,7,0
VCA,"Can Tho",VN,"Vietnam","Asia",10.0834,105.7094,3,1507187,2015,150,"tropical — wet & dry seasons","city break",January,67,87,80,61,49,58,63,63,63,63,63,68,83
VCL,"Tam Nghĩa",VN,"Vietnam","Asia",15.4033,108.706,5,1276000,2234,142,"tropical monsoon","coastal city break",February,74,79,87,86,84,78,78,72,64,64,64,64,64
VCS,"Con Dao",VN,"Vietnam","Asia",8.7318,106.633,5,183918,1971,161,"tropical — wet & dry seasons","beach resort",February,71,85,89,85,81,63,63,63,63,63,63,63,76
VDC,"Vitória da Conquista",BR,"Brazil","South America",-14.9079,-40.9148,890,308204,2146,232,"tropical — wet & dry seasons","regional city",September,80,76,78,74,79,85,84,85,86,87,80,70,73
VDH,"Dong Hoi",VN,"Vietnam","Asia",17.515,106.5906,17,189265,2234,129,"tropical monsoon","beach resort",February,73,83,87,84,81,71,74,64,64,64,64,64,72
VER,"Veracruz",MX,"Mexico","North America",19.1396,-96.1886,24,578963,2102,82,"tropical — wet & dry seasons","coastal city break",February,72,84,86,86,68,62,64,64,64,64,64,74,84
VGA,"Vijayawada",IN,"India","Asia",16.53,80.8049,22,1143232,2672,48,"tropical — wet & dry seasons","city break",January,60,93,74,37,18,17,50,60,67,67,67,82,91
VGO,"Vigo",ES,"Spain","Europe",42.2318,-8.6268,256,378952,2102,181,"Mediterranean","seaside town",July,54,21,24,34,49,71,83,87,85,82,58,32,21
VII,"Vinh",VN,"Vietnam","Asia",18.7376,105.671,6,790000,2102,134,"tropical — wet & dry seasons","coastal city break",February,67,84,86,83,65,47,51,51,57,64,64,73,79
VIL,"Dakhla",EH,"Western Sahara","Africa",23.7183,-15.932,9,106277,2935,1,"hot desert","beach resort",January,92,96,96,95,96,96,96,87,76,75,93,96,96
VIT,"Alava",ES,"Spain","Europe",42.8828,-2.7245,506,875552,1708,167,"oceanic / maritime","city break",July,42,0,0,24,37,56,77,81,81,78,55,16,0
VIX,"Vitória",BR,"Brazil","South America",-20.258,-40.285,3,1704000,2321,201,"tropical — wet & dry seasons","coastal city break",August,77,71,77,70,76,81,85,85,86,85,78,65,65
VLI,"Port Vila",VU,"Vanuatu","Oceania",-17.6993,168.32,19,35901,2409,198,"tropical monsoon","beach resort",August,72,65,65,65,65,73,75,80,82,82,76,73,68
VNS,"Varanasi",IN,"India","Asia",25.4522,82.8625,82,1352000,2540,46,"Mediterranean","city break",November,62,92,91,64,18,0,15,53,66,67,88,93,93
VOG,"Volgograd",RU,"Russia","Asia",48.7813,44.3392,136,1013533,1971,122,"hot-summer continental","city break",August,42,0,0,0,49,82,84,84,87,84,35,0,0
VOZ,"Voronezh",RU,"Russia","Asia",51.8137,39.2317,156,1047549,1895,160,"continental","city break",August,37,0,0,0,27,80,78,80,81,81,13,0,0
VPS,"Valparaiso",US,"United States","North America",30.4813,-86.5158,18,32626,2716,110,"humid subtropical","beach resort",May,66,39,48,74,71,80,67,67,67,71,78,78,47
VRB,"Vero Beach",US,"United States","North America",27.6556,-80.4179,6,16358,2978,125,"humid subtropical","beach resort",February,79,87,88,85,85,76,69,69,69,69,78,87,86
VSA,"Villahermosa",MX,"Mexico","North America",17.9943,-92.8182,11,428564,2443,123,"tropical monsoon","city break",March,65,66,77,82,59,43,59,59,66,66,66,66,68
VTZ,"Visakhapatnam",IN,"India","Asia",17.7235,83.2277,4,1063178,2584,51,"tropical — wet & dry seasons","coastal city break",January,76,93,92,91,71,65,67,67,67,67,67,79,90
VUP,"Valledupar",CO,"Colombia","South America",10.435,-73.2495,141,490075,2540,68,"tropical — wet & dry seasons","city break",December,70,84,74,63,69,59,65,68,65,62,68,79,88
VVI,"Santa Cruz",BO,"Bolivia","Asia",-17.6448,-63.1354,371,2102998,2672,102,"tropical — wet & dry seasons","major city break",July,76,67,67,73,76,78,81,88,87,85,70,72,68
VXE,"São Pedro",CV,"Cape Verde","Africa",16.8334,-25.0553,20,1060,1007,35,"semi-arid","beach resort",May,79,76,77,80,81,83,83,82,79,76,79,77,75
WDH,"Windhoek",NA,"Namibia","Africa",-22.4799,17.4709,1698,386219,3504,70,"semi-arid","highland city",June,93,82,82,84,89,99,100,100,100,99,96,92,88
WDS,"Shiyan (Maojian)",CN,"China","Asia",32.5929,110.9063,298,3460000,1796,132,"humid subtropical","major city break",April,50,0,14,62,78,70,71,57,64,71,76,41,0
WEF,"Weifang (Kuiwen)",CN,"China","Asia",36.6467,119.119,43,2044028,2540,97,"humid subtropical","major city break",October,52,0,0,38,88,83,80,66,66,83,90,30,0
WEH,"Weihai",CN,"China","Asia",37.1871,122.229,37,844310,2540,97,"humid subtropical","coastal city break",June,41,0,0,0,29,69,81,66,66,80,75,22,0
WHA,"Wuhu",CN,"China","Asia",31.1045,118.6669,15,1598165,1971,140,"humid subtropical","city break",October,50,0,19,48,67,65,63,63,63,69,78,58,7
WLG,"Wellington",NZ,"New Zealand","Oceania",-41.3268,174.8069,5,393400,2059,159,"oceanic / maritime","seaside town",January,45,75,73,67,52,38,25,19,19,26,38,46,59
WMX,"Wamena",ID,"Indonesia","Asia",-4.0973,138.9524,1652,66080,1621,242,"tropical rainforest","highland town",January,60,60,60,60,60,60,60,60,60,60,60,60,60
WUA,"Wuhai",CN,"China","Asia",39.7934,106.7993,1102,218427,2978,42,"cold desert","regional city",May,51,0,0,8,88,94,92,82,90,91,63,0,0
WUT,"Xinzhou",CN,"China","Asia",38.5975,112.9692,776,544683,2672,82,"hot-summer continental","city break",May,47,0,0,23,83,87,82,71,74,82,60,0,0
WXN,"Wanzhou",CN,"China","Asia",30.8017,108.433,561,1680000,1358,173,"humid subtropical","city break",April,52,14,34,64,68,59,59,59,59,59,66,58,21
XAP,"Chapecó",BR,"Brazil","South America",-27.1342,-52.6566,649,160157,2321,167,"humid subtropical","regional city",August,66,65,67,67,66,65,60,65,73,65,65,65,65
XFN,"Xiangyang (Xiangzhou)",CN,"China","Asia",32.1522,112.2917,70,1294733,1840,130,"humid subtropical","city break",October,53,0,21,61,75,71,66,56,66,74,78,55,7
XIC,"Xichang",CN,"China","Asia",27.9891,102.184,1545,481796,2321,134,"humid subtropical","highland city",February,74,61,92,90,86,77,65,65,65,65,80,83,61
XIL,"Xilinhot",CN,"China","Asia",43.9156,115.964,1014,349953,2978,80,"semi-arid","regional city",August,38,0,0,0,24,84,86,84,87,84,8,0,0
XNA,"Fayetteville/Springdale/Rogers",US,"United States","North America",36.2819,-94.3068,387,82830,2672,102,"humid subtropical","small town",September,49,0,0,38,72,67,74,69,76,77,75,41,0
XNN,"Xining",CN,"China","Asia",36.5277,102.0402,2173,1677177,2716,103,"continental","alpine / mountain city",June,38,0,0,0,53,77,80,77,75,60,30,0,0
XRY,"Jerez de la Frontera",ES,"Spain","Europe",36.7446,-6.0601,22,212879,2847,108,"Mediterranean","beach resort",July,76,49,49,62,78,90,95,96,95,91,82,65,54
XUZ,"Xuzhou",CN,"China","Asia",34.0591,117.5553,35,2091000,2234,100,"humid subtropical","major city break",October,53,0,7,57,84,79,69,64,64,77,85,50,0
YBP,"Yibin (Cuiping)",CN,"China","Asia",28.8584,104.5262,415,1537000,1445,177,"humid subtropical","city break",March,58,21,49,79,74,68,59,59,59,61,73,68,28
YCD,"Nanaimo",CA,"Canada","North America",49.055,-123.8699,25,90504,1621,163,"oceanic / maritime","small town",July,32,0,0,0,19,46,67,84,83,65,23,0,0
YCU,"Yuncheng (Yanhu)",CN,"China","Asia",35.1178,111.034,379,699514,2190,86,"humid subtropical","city break",April,52,0,0,59,85,81,71,63,73,73,83,36,0
YFB,"Iqaluit",CA,"Canada","North America",63.7564,-68.5558,27,7429,1477,151,"subpolar / tundra","seaside town",July,2,0,0,0,0,0,0,18,6,0,0,0,0
YFC,"Fredericton",CA,"Canada","North America",45.8687,-66.5299,18,63116,1883,151,"continental","small town",August,29,0,0,0,0,42,70,72,73,67,23,0,0
YGJ,"Yonago",JP,"Japan","Asia",35.4922,133.236,3,148720,1752,230,"humid subtropical","beach resort",May,39,0,0,11,39,66,61,61,66,61,63,40,5
YHU,"Montréal",CA,"Canada","North America",45.5175,-73.4169,25,3678000,2051,152,"continental","major city break",September,33,0,0,0,12,61,70,72,72,75,29,0,0
YIC,"Yichun",CN,"China","Asia",27.8025,114.3062,137,1045952,1664,165,"humid subtropical","city break",October,54,19,35,51,61,61,61,61,65,72,76,63,25
YIN,"Ili (Yining / Ghulja)",CN,"China","Asia",43.9558,81.3303,673,526745,2716,86,"semi-arid","city break",September,49,0,0,15,75,89,89,89,91,92,53,0,0
YIW,"Yiwu/Jinhua",CN,"China","Asia",29.3421,120.0312,77,3590000,1840,172,"humid subtropical","major city break",October,54,13,30,50,66,62,62,65,62,67,78,62,26
YKF,"Waterloo",CA,"Canada","North America",43.4608,-80.3786,313,104986,1840,155,"continental","regional city",August,35,0,0,0,19,63,76,75,78,76,38,0,0
YKS,"Yakutsk",RU,"Russia","Asia",62.0933,129.771,95,235600,2228,142,"subarctic","regional city",June,23,0,0,0,0,21,83,81,80,7,0,0,0
YLW,"Kelowna",CA,"Canada","North America",49.9561,-119.378,419,144576,1796,113,"continental","regional city",August,40,0,0,0,35,80,78,84,85,83,34,0,0
YMM,"Fort McMurray",CA,"Canada","North America",56.6533,-111.222,369,66573,2519,137,"subarctic","small town",August,27,0,0,0,0,48,76,78,81,42,0,0,0
YNJ,"Yanji",CN,"China","Asia",42.8828,129.451,186,488740,2365,109,"hot-summer continental","city break",September,38,0,0,0,43,79,76,67,68,82,36,0,0
YNT,"Yantai",CN,"China","Asia",37.6597,120.9781,36,2227733,2584,91,"humid subtropical","major coastal city",September,46,0,0,8,58,82,81,67,67,83,82,22,0
YNY,"Gonghang-ro",KR,"South Korea","Asia",38.0605,128.6698,73,332849,2321,112,"humid subtropical","beach resort",June,36,0,0,0,32,65,71,65,65,65,50,13,0
YNZ,"Yancheng (Tinghu)",CN,"China","Asia",33.4283,120.2054,3,1615717,2190,124,"humid subtropical","city break",April,52,0,7,49,82,78,67,64,64,74,82,54,0
YQM,"Moncton",CA,"Canada","North America",46.1132,-64.6772,62,86106,1840,166,"continental","small town",July,27,0,0,0,0,31,60,75,75,61,24,0,0
YQR,"Regina",CA,"Canada","North America",50.4319,-104.6609,577,226404,2233,98,"continental","regional city",August,33,0,0,0,14,62,77,82,83,78,0,0,0
YQT,"Thunder Bay",CA,"Canada","North America",48.3719,-89.3239,195,108843,2059,130,"continental","regional city",August,27,0,0,0,0,39,69,77,80,58,0,0,0
YQU,"Grande Prairie",CA,"Canada","North America",55.1797,-118.885,667,70385,2484,124,"subarctic","small town",August,27,0,0,0,0,48,71,76,82,49,0,0,0
YTY,"Yangzhou",CN,"China","Asia",32.5634,119.7198,4,1584237,2102,131,"humid subtropical","city break",October,51,0,7,47,78,77,64,64,64,74,81,53,0
YXE,"Saskatoon",CA,"Canada","North America",52.1707,-106.7008,501,266141,2356,94,"continental","regional city",August,31,0,0,0,7,63,77,82,84,63,0,0,0
YXJ,"Fort Saint John",CA,"Canada","North America",56.2381,-120.74,687,21465,2509,115,"subarctic","small town",August,27,0,0,0,0,42,71,78,84,49,0,0,0
YXL,"Sioux Lookout",CA,"Canada","North America",50.1139,-91.9053,379,5839,1937,150,"continental","small town",August,26,0,0,0,0,42,69,70,75,54,0,0,0
YXX,"Abbotsford",CA,"Canada","North America",49.0253,-122.361,54,151683,1621,180,"Mediterranean","regional city",July,37,0,0,5,29,56,78,83,81,74,30,5,0
YXY,"Whitehorse",CA,"Canada","North America",60.7085,-135.0657,696,28201,1827,119,"subarctic","small town",July,17,0,0,0,0,21,51,63,57,13,0,0,0
YYA,"Yueyang (Yueyanglou)",CN,"China","Asia",29.3117,113.2816,67,991465,1664,155,"humid subtropical","city break",September,53,13,30,56,61,61,61,55,60,74,74,61,27
YYG,"Charlottetown",CA,"Canada","North America",46.2889,-63.1252,46,38809,1752,167,"continental","seaside town",July,24,0,0,0,0,12,47,74,72,58,22,0,0
YYJ,"Victoria",CA,"Canada","North America",48.6472,-123.4278,14,289625,1796,150,"oceanic / maritime","seaside town",July,34,0,0,6,19,46,62,86,84,67,29,5,0
YYR,"Goose Bay",CA,"Canada","North America",53.3192,-60.4258,46,7572,1762,188,"continental","small town",July,20,0,0,0,0,12,51,66,66,41,0,0,0
YYT,"St. John's",CA,"Canada","North America",47.6186,-52.7519,146,131469,1445,200,"subarctic","seaside town",August,13,0,0,0,0,0,12,41,53,40,10,0,0
YZF,"Yellowknife",CA,"Canada","North America",62.4628,-114.44,204,20340,2538,116,"subarctic","small town",July,23,0,0,0,0,21,77,82,77,21,0,0,0
YZV,"Sept-Îles",CA,"Canada","North America",50.2233,-66.2656,51,28534,1814,162,"subarctic","seaside town",August,10,0,0,0,0,0,18,43,44,18,0,0,0
ZAH,"Zahedan",IR,"Iran","Asia",29.4757,60.9062,1370,598887,3154,26,"cold desert","city break",September,78,40,64,96,97,97,68,59,78,98,97,88,48
ZAM,"Zamboanga",PH,"Philippines","Asia",6.9224,122.06,5,1018849,2234,134,"tropical rainforest","coastal city break",February,69,74,78,77,76,67,64,64,64,64,64,67,72
ZAZ,"Zaragoza",ES,"Spain","Europe",41.6662,-1.0415,254,686986,2497,117,"semi-arid","city break",July,65,15,30,58,78,86,87,90,90,89,87,43,23
ZCL,"Zacatecas",MX,"Mexico","North America",22.8949,-102.6872,2170,234481,2716,52,"semi-arid","highland city",April,86,77,92,93,94,91,83,78,80,78,89,93,86
ZCO,"Temuco",CL,"Chile","South America",-38.9259,-72.6515,95,265901,2540,71,"oceanic / maritime","regional city",January,52,88,88,85,60,29,11,11,17,32,46,69,85
ZHA,"Zhanjiang",CN,"China","Asia",21.4817,110.5903,21,1590000,1883,167,"humid subtropical","coastal city break",February,71,81,84,78,69,62,62,62,62,62,66,79,83
ZHY,"Zhongwei (Shapotou)",CN,"China","Asia",37.5731,105.1545,1238,1174600,2716,60,"cold desert","city break",May,52,0,0,24,85,91,89,87,86,89,69,0,0
ZIH,"Ixtapa",MX,"Mexico","North America",17.6018,-101.4606,4,29036,2453,58,"tropical — wet & dry seasons","beach resort",January,79,92,91,92,84,78,66,66,66,66,68,87,92
ZNE,"Newman",AU,"Australia","Oceania",-23.4178,119.803,524,12316,3416,70,"hot desert","small town",August,69,24,42,64,95,97,96,97,99,99,58,38,19
ZQZ,"Zhangjiakou",CN,"China","Asia",40.7387,114.9334,710,1046000,2847,79,"semi-arid","city break",May,46,0,0,8,77,89,83,76,81,84,53,0,0
ZUH,"Zhuhai (Jinwan)",CN,"China","Asia",22.0064,113.376,6,17494398,1971,147,"humid subtropical","major coastal city",December,71,76,83,74,65,63,63,63,63,63,75,83,85
ZYI,"Zunyi",CN,"China","Asia",27.8107,107.2472,830,2037775,1226,195,"humid subtropical","major city break",April,46,0,20,50,66,58,58,58,62,66,66,45,7
ZYL,"Sylhet",BD,"Bangladesh","Asia",24.9631,91.8669,12,237000,2278,106,"humid subtropical","regional city",January,73,90,86,74,65,65,65,65,65,65,65,88,88
AAA,"Anaa",PF,"French Polynesia","Oceania",-17.3526,-145.51,4,970,,,"tropical — wet & dry seasons","beach resort",July,73,63,63,69,72,75,78,83,83,82,76,72,63
AAC,"El Arish",EG,"Egypt","Asia",31.0553,33.828,38,199243,3416,32,"hot desert","beach resort",May,93,71,80,97,98,99,99,99,99,99,98,95,80
AAK,"Buariki",KI,"Kiribati","Asia",0.1853,173.637,8,883,,,"tropical rainforest","beach resort",May,70,63,63,63,64,77,73,72,75,76,76,76,63
AAN,"Al Ain",AE,"United Arab Emirates","Asia",24.2617,55.6092,254,1379000,3460,8,"hot desert","city break",February,56,97,99,97,69,20,0,0,0,20,70,99,98
AAX,"Araxá",BR,"Brazil","South America",-19.5632,-46.9604,990,111691,2409,136,"tropical — wet & dry seasons","regional city",July,77,65,65,65,79,86,90,91,91,85,74,65,65
AAY,"Al Ghaydah",YE,"Yemen","Asia",16.1933,52.1742,37,10948,2978,28,"hot desert","beach resort",January,68,96,96,86,58,47,29,37,47,55,77,95,96
AAZ,"Quezaltenango",GT,"Guatemala","North America",14.8656,-91.502,2374,575263,2540,159,"highland","highland city",March,63,62,77,90,82,61,55,55,55,50,50,62,61
ABB,"Asaba",NG,"Nigeria","Asia",6.2042,6.6653,72,73374,1796,117,"tropical — wet & dry seasons","small town",January,71,87,84,78,66,62,62,62,62,62,62,76,86
ABI,"Abilene",US,"United States","North America",32.4113,-99.6819,544,125182,3066,66,"humid subtropical","regional city",March,69,38,53,87,87,79,73,60,60,83,83,82,38
ABK,"Kebri Dahar",ET,"Ethiopia","Asia",6.7326,44.2413,526,45900,3110,38,"hot desert","small town",July,80,78,68,57,62,91,96,97,87,76,76,88,87
ABL,"Ambler",US,"United States","North America",67.1055,-157.8553,80,6505,2581,108,"subarctic","small town",July,9,0,0,0,0,0,42,45,26,0,0,0,0
ABM,"Bamaga",AU,"Australia","Oceania",-10.9462,142.4551,7,1237,2540,127,"tropical — wet & dry seasons","beach resort",September,80,66,66,66,66,83,90,91,92,93,91,85,66
ABS,"Abu Simbel",EG,"Egypt","Africa",22.3759,31.6117,187,5000,3767,0,"hot desert","small town",January,61,100,100,100,70,30,10,10,10,30,70,100,100
ABT,"Al-Baha",SA,"Saudi Arabia","Asia",20.2985,41.6362,1653,100000,3066,26,"hot desert","highland city",January,84,97,97,97,95,77,58,58,58,78,97,96,96
ABU,"Atambua",ID,"Indonesia","Asia",-9.0748,124.9033,310,82196,2935,98,"tropical — wet & dry seasons","beach resort",August,84,69,69,69,85,89,92,94,95,95,93,84,69
ABX,"East Albury",AU,"Australia","Oceania",-36.0668,146.9591,162,5942,2497,119,"humid subtropical","small town",January,65,86,83,84,86,57,27,20,27,56,84,82,83
ACH,"Sankt Gallen",CH,"Switzerland","Europe",47.485,9.5608,396,1108000,1621,177,"oceanic / maritime","city break",June,29,0,0,0,30,46,60,60,60,56,35,0,0
ACI,"Saint Anne",GG,"Guernsey","Europe",49.7061,-2.2147,85,16488,1708,175,"oceanic / maritime","seaside town",September,24,0,0,0,7,20,33,47,52,53,35,23,12
ACT,"Waco",US,"United States","North America",31.6113,-97.2305,154,167347,2716,78,"humid subtropical","regional city",November,68,42,57,81,82,75,71,60,50,81,77,85,51
ACV,"Arcata/Eureka",US,"United States","North America",40.9781,-124.109,60,27017,2453,116,"oceanic / maritime","seaside town",August,35,16,16,16,25,36,45,54,61,59,46,27,22
ADF,"Adıyaman",TR,"Türkiye","Asia",37.7314,38.4689,672,290883,3022,102,"Mediterranean","regional city",May,50,0,14,51,88,92,67,19,29,77,91,59,14
ADK,"Adak",US,"United States","North America",51.8836,-176.6428,1,171,2898,182,"oceanic / maritime","seaside town",August,3,0,0,0,0,0,0,6,19,13,0,0,0
ADU,"Ardabil",IR,"Iran","Asia",38.3257,48.4244,1314,414603,2278,102,"Mediterranean","alpine / mountain city",July,48,0,0,21,56,87,89,90,88,77,59,12,0
AEB,"Baise (Tianyang)",CN,"China","Asia",23.7206,106.96,143,686078,1533,144,"humid subtropical","city break",February,70,74,83,78,74,54,60,60,60,62,73,79,82
AEH,"Abeche",TD,"Chad","Asia",13.847,20.8443,542,158317,3501,48,"hot desert","regional city",January,46,80,50,20,0,0,19,48,73,70,49,60,80
AET,"Allakaket",US,"United States","North America",66.5518,-152.622,129,177,2569,114,"subarctic","small town",June,14,0,0,0,0,7,63,61,40,0,0,0,0
AEU,"Abu Musa",IR,"Iran","Asia",25.8757,55.033,5,30435,3416,13,"hot desert","beach resort",May,96,94,97,95,98,99,98,90,89,99,99,97,95
AEY,"Akureyri",IS,"Iceland","Europe",65.6566,-18.072,0,19219,1153,184,"subpolar / tundra","small town",July,4,0,0,0,0,0,12,22,16,0,0,0,0
AFA,"San Rafael",AR,"Argentina","South America",-34.5883,-68.4039,747,118009,2891,52,"semi-arid","regional city",April,74,85,85,88,90,60,39,39,54,85,90,90,88
AFL,"Alta Floresta",BR,"Brazil","South America",-9.8664,-56.1063,280,11989,1927,169,"tropical — wet & dry seasons","small town",July,67,62,62,62,62,80,88,89,61,53,62,62,62
AFZ,"Sabzevar",IR,"Iran","Asia",36.1681,57.5952,916,243700,2803,67,"semi-arid","regional city",September,57,0,15,60,90,93,66,48,67,95,95,46,8
AGE,"Wangerooge",DE,"Germany","Europe",53.7825,7.9196,1,724909,1589,194,"oceanic / maritime","city break",August,21,0,0,0,0,19,44,54,59,49,24,0,0
AGH,"Ängelholm",SE,"Sweden","Europe",56.2961,12.8471,17,23240,1785,174,"oceanic / maritime","seaside town",July,30,0,0,0,20,52,67,71,70,57,18,0,0
AGI,"Wageningen",SR,"Suriname","Asia",5.8413,-56.6732,1,2937,2759,212,"tropical rainforest","beach resort",October,73,71,75,76,68,68,68,68,68,83,84,79,68
AGJ,"Aguni",JP,"Japan","Asia",26.5928,127.2403,10,905238,1796,244,"humid subtropical","coastal city break",November,65,64,65,66,63,62,62,63,62,62,66,73,70
AGR,"Agra",IN,"India","Asia",27.158,77.961,167,1592000,2759,35,"semi-arid","city break",November,60,93,93,75,19,0,0,41,61,70,82,94,94
AGT,"Ciudad del Este",PY,"Paraguay","South America",-25.4572,-54.8395,247,320872,2015,98,"humid subtropical","regional city",August,68,64,66,68,65,63,71,75,79,70,63,63,63
AGX,"Agatti",IN,"India","Asia",10.8237,72.176,1,7700,,,"tropical — wet & dry seasons","beach resort",February,74,88,89,88,85,64,63,63,63,64,67,76,81
AHA,"Ambikapur",IN,"India","Asia",22.9875,83.1961,588,121071,2497,68,"Mediterranean","regional city",November,71,90,90,89,44,26,46,66,66,66,81,92,92
AHE,"Ahe Atoll",PF,"French Polynesia","Oceania",-14.4281,-146.257,5,,,,"tropical — wet & dry seasons","beach resort",August,75,63,65,71,78,73,80,83,85,84,78,71,63
AIA,"Alliance",US,"United States","North America",42.0525,-102.804,1196,22055,2847,90,"hot-summer continental","alpine / mountain town",September,42,0,0,8,42,74,82,82,86,88,45,0,0
AIN,"Wainwright",US,"United States","North America",70.638,-159.995,11,628,2267,95,"subpolar / tundra","seaside town",January,0,0,0,0,0,0,0,0,0,0,0,0,0
AIP,"Adampur",IN,"India","Asia",31.4338,75.7588,248,25531,2803,32,"humid subtropical","small town",October,67,68,88,89,73,18,16,41,61,75,94,94,85
AIT,"Aitutaki",CK,"Cook Islands","Asia",-18.8309,-159.764,7,,,,"tropical monsoon","beach resort",June,70,63,63,63,63,65,80,79,80,77,74,66,63
AIU,"Atiu Island",CK,"Cook Islands","Asia",-19.9678,-158.119,13,570,,,"tropical monsoon","beach resort",June,69,63,63,63,63,65,80,78,78,77,73,63,63
AJI,"Ağrı",TR,"Türkiye","Asia",39.6556,43.0257,1655,124483,2628,123,"continental","alpine / mountain city",August,39,0,0,0,14,56,88,90,91,91,43,0,0
AJL,"Aizawl (Lengpui)",IN,"India","Asia",23.8406,92.6197,427,293416,2278,107,"humid subtropical","regional city",January,74,91,88,81,65,65,65,65,65,65,65,87,89
AJN,"Ouani",KM,"Comoros","Asia",-12.131,44.43,12,10073,3066,125,"tropical — wet & dry seasons","beach resort",August,83,70,70,70,75,87,91,92,94,94,91,88,77
AJR,"Arvidsjaur",SE,"Sweden","Europe",65.5903,19.2819,377,4655,1517,177,"subarctic","small town",July,11,0,0,0,0,6,36,49,40,6,0,0,0
AKB,"Atka",US,"United States","North America",52.2203,-174.206,10,,2987,184,"subpolar / tundra","seaside town",August,2,0,0,0,0,0,0,0,13,7,0,0,0
AKF,"Kufra",LY,"Libya","Asia",24.1787,23.314,383,46050,3723,1,"hot desert","small town",February,73,92,100,100,90,50,30,30,30,50,100,100,100
AKI,"Akiak",US,"United States","North America",60.9026,-161.2311,6,6450,2852,139,"subarctic","small town",June,15,0,0,0,0,14,57,54,46,13,0,0,0
AKK,"Akhiok",US,"United States","North America",56.9387,-154.183,11,,2694,193,"oceanic / maritime","seaside town",August,7,0,0,0,0,0,13,26,30,11,0,0,0
AKN,"King Salmon",US,"United States","North America",58.6778,-156.652,17,307,2795,156,"subarctic","small town",July,13,0,0,0,0,7,35,46,45,19,0,0,0
AKP,"Anaktuvuk Pass",US,"United States","North America",68.1336,-151.743,632,425,2418,115,"subpolar / tundra","small town",July,3,0,0,0,0,0,13,19,0,0,0,0,0
AKR,"Akure",NG,"Nigeria","Africa",7.2467,5.301,329,730000,1883,124,"tropical — wet & dry seasons","city break",January,71,86,84,77,66,62,62,62,62,62,62,77,86
AKS,"Auki",SB,"Solomon Islands","Asia",-8.7026,160.682,2,7020,2015,243,"tropical rainforest","beach resort",January,63,63,63,63,63,63,63,63,63,63,63,63,63
AKV,"Akulivik",CA,"Canada","Asia",60.8186,-78.1486,10,2129,1745,146,"subpolar / tundra","seaside town",August,1,0,0,0,0,0,0,0,6,0,0,0,0
AKY,"Sittwe",MM,"Myanmar (Burma)","Asia",20.1332,92.8707,7,179032,2365,146,"tropical monsoon","beach resort",February,76,90,92,88,76,65,65,65,65,65,65,84,90
ALO,"Waterloo",US,"United States","North America",42.5571,-92.4003,264,68460,2584,108,"hot-summer continental","small town",September,39,0,0,0,51,72,68,75,74,77,54,0,0
ALP,"Aleppo",SY,"Syria","Asia",36.1813,37.2269,388,2738000,2935,98,"Mediterranean","major city break",May,61,14,29,67,91,93,76,38,48,85,91,73,21
ALS,"Alamosa",US,"United States","North America",37.4349,-105.867,2296,9819,3241,70,"continental","alpine / mountain town",June,43,0,0,0,30,76,94,87,89,92,47,0,0
ALW,"Walla Walla",US,"United States","North America",46.0949,-118.288,353,32237,2234,96,"Mediterranean","small town",July,49,0,0,26,47,80,83,90,89,88,68,13,0
AMH,"Arba Minch",ET,"Ethiopia","Asia",6.0394,37.5905,1184,201000,2935,87,"tropical — wet & dry seasons","regional city",January,80,93,92,80,69,69,80,81,78,79,72,78,85
AMV,"Amderma",RU,"Russia","Asia",69.7633,61.5564,3,444,1446,204,"subpolar / tundra","seaside town",January,0,0,0,0,0,0,0,0,0,0,0,0,0
ANI,"Aniak",US,"United States","North America",61.5816,-159.543,27,507,2811,135,"subarctic","small town",June,18,0,0,0,0,22,63,61,53,14,0,0,0
ANR,"Antwerp",BE,"Belgium","Europe",51.1907,4.4632,8,920000,1569,193,"oceanic / maritime","city break",September,40,0,0,13,47,64,76,74,73,78,44,6,0
ANS,"Andahuaylas",PE,"Peru","South America",-13.7064,-73.3504,3545,17444,2584,115,"highland","highland town",September,51,40,34,37,44,53,54,54,61,67,63,61,41
ANV,"Anvik",US,"United States","North America",62.6467,-160.191,80,,2779,128,"subarctic","small town",July,18,0,0,0,0,14,64,67,53,13,0,0,0
ANX,"Andenes",NO,"Norway","Europe",69.2952,16.1394,6,2694,1378,244,"subpolar / tundra","seaside town",July,2,0,0,0,0,0,0,12,12,0,0,0,0
AOE,"Eskişehir",TR,"Türkiye","Asia",39.8116,30.5193,787,921630,2584,114,"Mediterranean","city break",July,53,0,0,29,57,86,85,91,91,89,78,29,0
AOG,"Anshan",CN,"China","Asia",41.1053,122.854,15,1639000,2584,91,"hot-summer continental","city break",September,42,0,0,0,65,82,76,67,67,83,64,0,0
AOO,"Altoona",US,"United States","North America",40.2964,-78.32,451,45344,2146,149,"hot-summer continental","small town",August,40,0,0,0,50,72,72,73,74,72,56,13,0
AOR,"Alor Satar",MY,"Malaysia","Asia",6.1897,100.398,4,2500000,2453,170,"tropical monsoon","major coastal city",February,67,73,84,65,59,66,66,66,66,66,66,66,66
APK,"Apataki",PF,"French Polynesia","Oceania",-15.5736,-146.415,4,,,,"tropical — wet & dry seasons","beach resort",August,74,63,63,68,75,74,78,83,85,84,77,70,63
APL,"Nampula",MZ,"Mozambique","Africa",-15.1056,39.2818,428,770379,2847,110,"tropical — wet & dry seasons","city break",September,79,68,68,68,77,91,90,91,93,94,73,61,68
APN,"Alpena",US,"United States","North America",45.0781,-83.5603,207,10175,2146,146,"continental","small town",July,32,0,0,0,6,51,76,77,77,77,25,0,0
APO,"Carepa",CO,"Colombia","South America",7.812,-76.7164,13,20627,1621,203,"tropical monsoon","small town",February,64,73,81,69,60,60,60,60,60,60,60,60,60
APW,"Apia",WS,"Samoa","Oceania",-13.83,-172.008,1,40407,,,"tropical monsoon","beach resort",August,68,63,63,63,63,67,74,77,80,73,65,63,63
AQA,"Araraquara",BR,"Brazil","South America",-21.812,-48.133,700,168468,1840,125,"tropical — wet & dry seasons","regional city",July,73,62,62,66,78,78,84,85,84,80,71,62,62
AQG,"Anqing",CN,"China","Asia",30.5822,117.05,14,804493,1927,136,"humid subtropical","city break",October,50,0,24,50,62,62,62,62,62,71,77,57,13
AQI,"Qaisumah",SA,"Saudi Arabia","Asia",28.3357,46.1271,356,20685,3416,14,"hot desert","small town",February,56,82,99,99,99,30,0,0,0,10,69,98,90
AQJ,"Aqaba",JO,"Jordan","Asia",29.6116,35.0181,40,95048,3635,12,"hot desert","beach resort",March,82,74,98,99,99,90,60,50,50,80,99,99,91
ARC,"Arctic Village",US,"United States","North America",68.1147,-145.579,638,151,2418,88,"subpolar / tundra","small town",July,5,0,0,0,0,0,20,32,7,0,0,0,0
ARD,"Kabola",ID,"Indonesia","Asia",-8.1323,124.597,15,19210,2759,116,"tropical — wet & dry seasons","beach resort",August,82,68,68,68,82,86,88,92,93,93,90,82,68
ARM,"Armidale",AU,"Australia","Oceania",-30.5281,151.617,1080,21312,2453,154,"oceanic / maritime","alpine / mountain town",April,63,72,72,75,85,57,27,29,43,71,80,75,73
ART,"Watertown",US,"United States","North America",43.9919,-76.0217,96,31915,1971,156,"continental","small town",July,30,0,0,0,0,38,68,76,76,76,23,0,0
ARU,"Araçatuba",BR,"Brazil","South America",-21.1415,-50.4246,411,170024,2497,109,"tropical — wet & dry seasons","regional city",July,77,66,66,70,82,82,88,89,89,83,69,68,66
ARW,"Arad",RO,"Romania","Europe",46.1761,21.2643,106,169065,1927,129,"humid subtropical","regional city",August,45,0,0,20,61,77,75,77,80,80,61,14,0
ASD,"Andros Town",BS,"Bahamas","Asia",24.6979,-77.7956,3,2455,2847,178,"tropical — wet & dry seasons","beach resort",January,80,90,90,89,86,73,68,74,70,69,75,85,89
ASI,"Cat Hill",SH,"St. Helena","Asia",-7.9702,-14.3927,72,5012,,,"hot desert","beach resort",January,89,90,90,89,88,89,89,89,89,90,89,89,90
ASM,"Asmara",ER,"Eritrea","Africa",15.2919,38.9107,2317,620802,3361,58,"semi-arid","highland city",January,93,98,98,98,94,96,93,76,73,93,98,98,98
ASO,"Asosa",ET,"Ethiopia","Asia",10.0185,34.5863,1548,69700,2847,89,"tropical — wet & dry seasons","highland town",January,78,95,86,75,80,69,68,68,68,68,68,92,95
ASV,"Ol Tukai",KE,"Kenya","Asia",-2.6448,37.2529,1130,24678,2716,91,"tropical — wet & dry seasons","small town",July,84,85,86,80,73,80,91,93,92,92,84,74,75
ASW,"Aswan",EG,"Egypt","Africa",23.9611,32.8204,196,379774,3854,0,"hot desert","regional city",January,53,100,100,100,60,20,0,0,0,10,50,100,100
ATC,"Arthur's Town",BS,"Bahamas","Asia",24.6294,-75.6738,1,3137,2672,169,"tropical — wet & dry seasons","beach resort",February,83,89,90,90,87,78,76,80,78,75,78,84,89
ATK,"Atqasuk",US,"United States","North America",70.467,-157.436,28,,2393,93,"subpolar / tundra","small town",July,3,0,0,0,0,0,7,27,0,0,0,0,0
ATM,"Altamira",BR,"Brazil","South America",-3.2531,-52.2539,110,126279,1752,242,"tropical monsoon","regional city",August,67,61,61,61,61,61,73,79,82,72,69,67,61
ATT,"Atmautluak",US,"United States","North America",60.8667,-162.273,3,6450,2851,142,"subarctic","small town",July,14,0,0,0,0,7,50,54,46,13,0,0,0
ATZ,"Asyut",EG,"Egypt","Africa",27.046,31.0128,229,600000,3723,3,"hot desert","city break",February,81,75,100,100,100,80,50,50,50,70,100,100,92
AUC,"Arauca",CO,"Colombia","South America",7.0689,-70.7369,128,85585,2234,130,"tropical — wet & dry seasons","small town",December,66,71,54,50,62,64,64,64,64,64,68,75,87
AUK,"Alakanuk",US,"United States","North America",62.6827,-164.7225,3,,2780,141,"subarctic","seaside town",July,8,0,0,0,0,0,21,33,33,7,0,0,0
AUL,"Aur Atoll",MH,"Marshall Islands","Asia",8.1453,171.173,9,438,,,"tropical rainforest","beach resort",February,64,67,70,68,63,63,63,63,63,63,63,63,63
AUQ,"Hiva Oa",PF,"French Polynesia","Oceania",-9.7688,-139.011,442,1762,,,"semi-arid","beach resort",August,84,82,83,80,82,82,85,86,87,87,87,84,86
AUR,"Aurillac",FR,"France","Europe",44.8914,2.4219,631,34724,1927,156,"oceanic / maritime","small town",July,37,0,0,6,31,49,76,79,76,77,44,0,0
AUU,"Aurukun",AU,"Australia","Oceania",-13.354,141.72,7,1282,2759,96,"tropical — wet & dry seasons","beach resort",July,73,68,68,68,78,91,94,95,94,66,55,49,54
AUX,"Araguaína",BR,"Brazil","South America",-7.2279,-48.2405,227,105019,2146,211,"tropical — wet & dry seasons","regional city",July,68,64,64,64,64,76,89,90,71,51,58,64,64
AVA,"Anshun (Xixiu)",CN,"China","Asia",26.2606,105.8733,1466,3662000,1402,195,"humid subtropical","major city break",March,56,21,49,80,75,59,59,59,59,64,69,54,21
AVK,"Arvaikheer",MN,"Mongolia","Asia",46.2503,102.802,1787,29420,2978,83,"semi-arid","small town",June,33,0,0,0,16,62,87,83,86,62,0,0,0
AVN,"Avignon",FR,"France","Europe",43.9073,4.9018,34,89769,2540,102,"Mediterranean","small town",July,57,7,14,43,70,84,87,89,88,82,78,38,7
AWA,"Hawassa",ET,"Ethiopia","Asia",7.1006,38.3965,1727,422200,2891,91,"oceanic / maritime","highland city",January,78,93,90,80,69,69,76,72,69,69,72,81,90
AWK,"Wake",UM,"U.S. Outlying Islands","Oceania",19.2824,166.6366,4,,,,"semi-arid","beach resort",January,81,87,87,86,85,86,86,75,65,67,75,85,87
AXA,"The Valley",AI,"Anguilla","Asia",18.2048,-63.0538,31,2035,2978,200,"semi-arid","beach resort",February,87,93,94,94,92,85,89,87,85,80,77,82,89
AXD,"Alexandroupoli",GR,"Greece","Europe",40.8559,25.9563,4,52979,2847,96,"Mediterranean","beach resort",August,53,0,0,22,59,88,88,91,93,88,77,35,0
AXF,"Bayanhot",CN,"China","Asia",38.7483,105.5842,1395,7202654,2891,51,"cold desert","major city break",May,49,0,0,8,71,92,90,89,89,90,55,0,0
AXJ,"Amakusa",JP,"Japan","Asia",32.4825,130.159,101,83082,1796,205,"humid subtropical","beach resort",October,44,6,12,27,41,62,62,62,62,62,68,46,18
AXP,"Spring Point",BS,"Bahamas","Asia",22.4418,-73.9709,3,240,2540,150,"semi-arid","beach resort",February,85,89,90,90,88,81,84,87,85,82,74,80,87
AXU,"Axum",ET,"Ethiopia","Asia",14.1468,38.7728,2101,457900,3022,63,"semi-arid","highland city",January,89,97,96,95,93,91,89,69,69,85,93,96,96
AYJ,"Faizabad",IN,"India","Asia",26.7477,82.1637,99,153047,2584,44,"Mediterranean","regional city",November,62,91,91,74,18,0,7,53,67,67,88,94,93
AYQ,"Yulara",AU,"Australia","Oceania",-25.1859,130.977,492,2244,3329,76,"hot desert","small town",August,82,47,65,93,97,97,72,80,98,97,95,75,64
AZN,"Andijan",UZ,"Uzbekistan","Asia",40.7277,72.294,471,750000,2521,65,"semi-arid","city break",September,56,0,0,44,89,90,91,74,83,93,83,30,0
AZS,"Samana",DO,"Dominican Republic","North America",19.2693,-69.7374,2,11432,2628,162,"semi-arid","beach resort",February,84,85,89,87,86,82,87,85,84,83,83,78,84
BAG,"Baguio",PH,"Philippines","Asia",16.375,120.6199,1290,447824,2365,156,"tropical monsoon","city break",January,73,87,87,83,78,65,65,65,65,65,65,70,78
BAS,"Ballalae",SB,"Solomon Islands","Asia",-6.9907,155.8867,1,1053,2015,246,"tropical rainforest","beach resort",January,63,63,63,63,63,63,63,63,63,63,63,63,63
BAY,"Baia Mare",RO,"Romania","Europe",47.6584,23.4644,179,136553,1840,144,"continental","regional city",September,38,0,0,0,46,72,71,72,77,78,45,0,0
BAZ,"Barcelos",BR,"Brazil","South America",-0.9812,-62.9186,32,18626,1883,235,"tropical rainforest","small town",September,64,62,62,62,62,62,62,62,66,70,68,63,62
BBG,"Butaritari",KI,"Kiribati","Asia",3.0858,172.811,4,1834,,,"tropical rainforest","beach resort",October,63,63,63,63,63,63,63,63,63,63,65,64,63
BBK,"Kasane",BW,"Botswana","Africa",-17.8317,25.1662,996,9143,3066,53,"semi-arid","small town",May,79,70,73,79,90,97,96,97,97,68,48,59,70
BBM,"Battambang",KH,"Cambodia","Asia",13.0956,103.224,12,154773,2584,119,"tropical — wet & dry seasons","regional city",December,70,90,71,57,53,60,67,67,67,67,67,85,92
BBN,"Bario",MY,"Malaysia","Asia",3.7346,115.4785,1060,6968,2190,237,"tropical rainforest","small town",January,64,64,64,64,64,64,64,64,64,64,64,64,64
BBO,"Berbera",SO,"Somalia","Asia",10.385,44.9367,30,242344,3154,6,"hot desert","beach resort",January,82,97,97,96,90,76,58,58,58,67,93,95,96
BBQ,"Codrington",AG,"Antigua & Barbuda","Asia",17.6212,-61.7983,9,1325,2803,190,"tropical — wet & dry seasons","beach resort",February,82,90,92,91,88,81,83,80,76,73,69,76,85
BBR,"Basse-Terre",GP,"Guadeloupe","North America",16.0136,-61.7429,7,11472,2628,251,"tropical — wet & dry seasons","beach resort",February,77,86,89,88,84,78,75,71,69,67,67,68,81
BCA,"Baracoa",CU,"Cuba","Asia",20.3653,-74.5062,7,48362,2409,128,"tropical — wet & dry seasons","beach resort",February,81,87,89,87,85,75,79,84,80,76,67,78,85
BCH,"Baucau",TL,"Timor-Leste","Asia",-8.4865,126.4,531,17186,2803,109,"tropical — wet & dry seasons","beach resort",August,84,68,68,74,86,89,91,94,95,95,94,86,68
BCI,"Barcaldine",AU,"Australia","Asia",-23.5663,145.3021,267,1638,3416,56,"semi-arid","small town",July,80,51,62,84,96,97,96,98,98,96,77,55,44
BCO,"Jinka",ET,"Ethiopia","Asia",5.7497,36.5602,1363,54400,2935,90,"tropical — wet & dry seasons","small town",February,84,92,93,82,69,79,87,88,86,87,80,81,85
BCU,"Bauchi",NG,"Nigeria","Asia",10.4828,9.744,597,693700,2803,67,"semi-arid","city break",January,71,96,67,47,35,49,73,68,68,72,90,85,96
BDB,"Bundaberg",AU,"Australia","Oceania",-24.905,152.3226,31,73747,2891,110,"humid subtropical","beach resort",September,81,72,69,73,86,86,85,89,89,90,81,84,72
BDD,"Badu",AU,"Australia","Asia",-10.1495,142.1737,10,2805,2453,137,"tropical — wet & dry seasons","beach resort",August,77,66,66,66,66,74,86,89,91,90,86,78,66
BDH,"Bandar Lengeh",IR,"Iran","Asia",26.5323,54.8248,22,39853,3197,20,"hot desert","beach resort",May,91,93,95,94,97,98,78,78,78,88,98,95,94
BDP,"Bhadrapur",NP,"Nepal","Asia",26.5708,88.0796,95,19523,2234,74,"humid subtropical","small town",January,73,91,90,87,55,45,58,64,64,64,75,91,91
BDQ,"Vadodara",IN,"India","Asia",22.3362,73.2263,37,1822221,2978,37,"tropical — wet & dry seasons","city break",January,64,96,87,48,10,0,35,69,69,69,94,96,96
BDT,"Gbadolite",CD,"Congo - Kinshasa","Asia",4.2527,20.9753,412,73835,2234,124,"tropical — wet & dry seasons","small town",December,70,80,69,72,67,64,64,64,64,64,64,75,89
BDU,"Målselv",NO,"Norway","Europe",69.0558,18.5404,75,41915,1375,208,"subarctic","small town",July,10,0,0,0,0,0,22,47,38,11,0,0,0
BEB,"Balivanich",GB,"United Kingdom","Europe",57.4811,-7.3628,4,18500,1523,255,"oceanic / maritime","seaside town",July,12,0,0,0,0,12,24,29,28,28,15,5,0
BED,"Bedford",US,"United States","North America",42.47,-71.289,39,49337,2453,125,"hot-summer continental","small town",July,37,0,0,0,25,63,73,76,76,76,47,6,0
BEF,"Bluefields",NI,"Nicaragua","North America",11.991,-83.7741,7,44373,2059,203,"tropical monsoon","beach resort",March,69,74,82,84,79,63,63,63,63,63,63,63,66
BEK,"Bareilly",IN,"India","Asia",28.4221,79.4508,174,817000,2672,42,"humid subtropical","city break",November,64,91,90,91,27,0,7,47,67,67,91,94,93
BEM,"Beni Mellal",MA,"Morocco","Africa",32.4019,-6.3159,513,210397,3066,58,"Mediterranean","regional city",May,70,43,58,77,88,92,86,38,48,92,88,74,57
BEN,"Benina",LY,"Libya","Asia",32.0968,20.2695,122,757490,3154,54,"semi-arid","coastal city break",June,87,60,60,78,97,97,98,98,98,97,94,93,72
BEU,"Bedourie",AU,"Australia","Asia",-24.3461,139.46,90,150,3679,37,"hot desert","small town",April,72,19,38,57,99,99,98,99,99,98,79,49,29
BEW,"Beira",MZ,"Mozambique","Africa",-19.7964,34.9076,10,687764,2978,122,"tropical — wet & dry seasons","coastal city break",August,83,69,69,70,83,92,91,90,95,94,92,86,69
BFD,"Bradford",US,"United States","North America",41.8031,-78.6401,644,8507,2015,168,"continental","small town",August,34,0,0,0,25,60,71,71,73,73,30,0,0
BFF,"Scottsbluff",US,"United States","North America",41.874,-103.596,1203,14802,2891,89,"semi-arid","small town",September,46,0,0,15,51,83,85,87,89,90,53,0,0
BFJ,"Bijie",CN,"China","Asia",27.2671,105.4721,1459,1137383,1445,217,"humid subtropical","city break",April,52,7,35,67,74,65,59,59,61,67,65,48,14
BFL,"Bakersfield",US,"United States","North America",35.4336,-119.057,147,443129,3241,36,"semi-arid","city break",May,77,61,69,93,94,97,79,49,59,78,97,95,53
BFN,"Bloemfontein",ZA,"South Africa","Africa",-29.0927,26.3024,1347,556637,3312,80,"semi-arid","city break",September,83,84,85,87,90,88,56,57,89,97,93,88,85
BFQ,"Puerto Piña",PA,"Panama","Asia",7.5874,-78.1799,3,9497,1577,206,"tropical monsoon","beach resort",February,62,62,78,69,60,60,60,60,60,60,60,60,60
BFV,"Buriram",TH,"Thailand","Asia",15.2295,103.253,178,46673,2847,111,"tropical — wet & dry seasons","small town",December,71,94,66,52,49,61,68,68,68,68,73,92,95
BFY,"Bengbu",CN,"China","Asia",33.1663,117.0583,22,972784,2146,107,"humid subtropical","city break",October,53,0,14,62,80,76,66,57,64,76,83,55,7
BGC,"Bragança",PT,"Portugal","Europe",41.8578,-6.7071,684,35341,2365,146,"Mediterranean","small town",July,47,0,0,20,40,77,87,89,89,87,57,13,0
BGF,"Bangui",CF,"Central African Republic","Africa",4.3985,18.5188,363,831925,2095,129,"tropical — wet & dry seasons","city break",December,70,81,65,73,71,68,65,63,63,63,63,77,89
BGG,"Bingöl",TR,"Türkiye","Asia",38.8601,40.5945,1058,128935,2759,114,"Mediterranean","alpine / mountain city",September,48,0,0,7,46,83,91,75,66,93,86,28,0
BGK,"Big Creek",BZ,"Belize","Asia",16.5194,-88.4079,2,13381,2409,166,"tropical monsoon","beach resort",April,69,65,75,80,85,71,65,65,65,65,65,65,65
BGM,"Binghamton",US,"United States","North America",42.2087,-75.9798,487,46032,2102,159,"continental","small town",July,35,0,0,0,31,68,70,72,71,71,42,0,0
BHB,"Bar Harbor",US,"United States","North America",44.45,-68.3615,23,2552,1971,136,"continental","seaside town",July,28,0,0,0,0,36,58,75,75,66,27,0,0
BHI,"Bahía Blanca",AR,"Argentina","South America",-38.725,-62.1693,75,299101,2321,78,"humid subtropical","beach resort",December,64,81,80,80,81,50,29,21,43,62,76,79,82
BHJ,"Bhuj",IN,"India","Asia",23.2878,69.6702,79,289429,3285,16,"semi-arid","regional city",January,73,98,98,69,39,39,56,65,71,76,68,97,98
BHO,"Bhopal",IN,"India","Asia",23.2875,77.3374,520,1798218,2847,48,"Mediterranean","city break",December,66,94,94,66,19,0,34,68,68,68,91,94,95
BHQ,"Broken Hill",AU,"Australia","Oceania",-32.0014,141.472,282,17456,3110,71,"hot desert","small town",April,80,56,83,94,95,87,55,55,71,95,95,93,85
BHR,"Bharatpur",NP,"Nepal","Asia",27.6781,84.4294,208,369377,2190,56,"humid subtropical","regional city",November,72,89,88,87,59,44,45,64,64,64,81,91,91
BHS,"Bathurst",AU,"Australia","Oceania",-33.4068,149.6512,733,36230,2540,139,"oceanic / maritime","small town",October,59,82,79,82,80,44,14,7,22,50,85,81,80
BHU,"Bhavnagar",IN,"India","Asia",21.7522,72.1852,9,605882,2978,30,"semi-arid","coastal city break",January,63,96,87,48,0,0,36,69,69,69,84,96,96
BHV,"Bahawalpur",PK,"Pakistan","Asia",29.3481,71.718,119,903795,3154,25,"hot desert","city break",January,55,97,96,94,48,0,0,9,19,37,68,96,96
BID,"Block",US,"United States","North America",41.1684,-71.5786,39,1277000,2584,122,"oceanic / maritime","city break",July,31,0,0,0,0,26,63,77,77,76,41,13,0
BIH,"Bishop",US,"United States","North America",37.3731,-118.364,1253,3806,3416,33,"Mediterranean","alpine / mountain town",June,62,0,8,47,80,97,99,78,88,99,96,48,0
BIK,"Biak",ID,"Indonesia","Asia",-1.19,136.108,13,41731,1752,232,"tropical rainforest","beach resort",January,61,61,61,61,61,61,61,61,61,61,61,61,61
BIM,"South Bimini",BS,"Bahamas","Asia",25.6999,-79.2647,7,949,3066,132,"tropical — wet & dry seasons","beach resort",January,80,90,90,89,85,75,70,71,70,70,75,86,90
BJB,"Bojnord",IR,"Iran","Asia",37.493,57.3082,1060,208582,2803,72,"semi-arid","regional city",August,58,0,0,37,82,92,94,85,95,95,94,23,0
BJF,"Båtsfjord",NO,"Norway","Europe",70.6003,29.6926,146,2166,1197,218,"subpolar / tundra","seaside town",July,2,0,0,0,0,0,0,17,11,0,0,0,0
BJM,"Bujumbura",BI,"Burundi","Africa",-3.324,29.3185,781,769317,2373,161,"tropical — wet & dry seasons","city break",July,72,65,65,65,65,76,87,90,85,76,65,65,65
BJR,"Bahir Dar",ET,"Ethiopia","Asia",11.6081,37.3216,1818,350000,2978,83,"humid subtropical","highland city",January,82,96,95,91,86,72,69,69,69,69,83,92,95
BJZ,"Badajoz",ES,"Spain","Europe",38.8913,-6.8213,179,150530,2860,120,"Mediterranean","regional city",June,65,36,43,63,86,89,94,48,57,91,80,61,35
BKC,"Buckland",US,"United States","North America",65.9816,-161.149,6,2026,2618,110,"subarctic","small town",July,12,0,0,0,0,0,44,54,40,0,0,0,0
BKG,"Branson",US,"United States","North America",36.5321,-93.2005,389,11431,2716,106,"humid subtropical","small town",August,50,0,0,37,70,69,77,77,78,78,76,39,0
BKM,"Bakalalan",MY,"Malaysia","Asia",3.974,115.618,922,38093,2146,244,"tropical rainforest","small town",January,64,64,64,64,64,64,64,64,64,64,64,64,64
BKN,"Balkanabat",TM,"Turkmenistan","Asia",39.6811,54.206,0,87822,2628,48,"cold desert","small town",September,51,0,15,67,91,92,47,28,38,94,92,45,0
BKQ,"Blackall",AU,"Australia","Asia",-24.4317,145.4297,280,1365,3416,56,"semi-arid","small town",May,78,51,61,74,96,97,95,97,97,95,76,54,43
BKW,"Beaver",US,"United States","North America",37.7873,-81.1242,756,4420,2234,158,"humid subtropical","small town",September,42,0,0,12,54,69,71,67,75,76,63,19,0
BKZ,"Bukoba",TZ,"Tanzania","Africa",-1.332,31.8212,1141,144938,2234,212,"tropical — wet & dry seasons","regional city",July,73,76,72,64,64,66,86,87,83,74,66,64,71
BLB,"Panamá City",PA,"Panama","North America",8.9148,-79.5996,9,1281000,1744,179,"tropical — wet & dry seasons","coastal city break",February,69,85,87,85,69,61,61,61,61,61,61,61,69
BLE,"Borlange",SE,"Sweden","Europe",60.422,15.5152,151,41955,1681,158,"continental","small town",July,22,0,0,0,0,37,59,69,58,38,0,0,0
BLJ,"Batna",DZ,"Algeria","Africa",35.7521,6.3086,813,289504,2891,76,"Mediterranean","regional city",June,64,21,29,56,85,86,92,75,82,86,87,49,21
BLW,"Beledweyne",SO,"Somalia","Asia",4.767,45.2388,192,55410,3110,42,"semi-arid","small town",December,68,78,58,48,56,72,76,77,67,57,64,74,86
BLZ,"Blantyre",MW,"Malawi","Asia",-15.6772,34.9723,766,902588,2797,87,"tropical — wet & dry seasons","city break",August,79,68,68,68,86,92,93,91,94,93,65,64,68
BMK,"Borkum",DE,"Germany","Asia",53.5964,6.7092,1,5186,1527,204,"oceanic / maritime","seaside town",August,28,0,0,0,13,38,56,66,71,56,30,0,0
BMO,"Banmaw",MM,"Myanmar (Burma)","Asia",24.2704,97.2476,115,165022,2321,121,"humid subtropical","regional city",February,80,90,91,90,85,77,65,65,65,76,80,90,91
BMR,"Baltrum",DE,"Germany","Asia",53.7249,7.3733,1,167458,1534,198,"oceanic / maritime","seaside town",July,30,0,0,0,20,45,63,72,72,56,31,0,0
BMW,"Bordj Badji Mokhtar",DZ,"Algeria","Asia",21.3778,0.927,399,16437,2935,8,"hot desert","small town",January,47,96,96,87,39,10,0,0,0,0,48,96,96
BMY,"Waala",NC,"New Caledonia","Oceania",-19.7205,163.6611,88,2127,2628,112,"tropical — wet & dry seasons","beach resort",September,81,74,74,67,72,79,82,87,87,90,88,84,82
BNB,"Boende",CD,"Congo - Kinshasa","Asia",-0.2867,20.8836,352,50794,1971,132,"tropical rainforest","small town",January,65,73,66,63,66,63,64,66,63,63,63,63,64
BNI,"Benin",NG,"Nigeria","Africa",6.317,5.5995,74,1782000,1752,122,"tropical — wet & dry seasons","city break",January,69,86,82,76,63,61,61,61,61,61,61,75,85
BNN,"Brønnøy",NO,"Norway","Europe",65.4611,12.2175,6,9636,1394,271,"subarctic","seaside town",July,10,0,0,0,0,0,27,43,37,15,0,0,0
BNS,"Barinas",VE,"Venezuela","Asia",8.615,-70.2142,185,397279,2365,119,"tropical — wet & dry seasons","regional city",December,68,81,63,58,61,65,65,65,65,65,66,75,86
BNY,"Anua",SB,"Solomon Islands","Asia",-11.3022,159.7983,11,,2234,195,"tropical rainforest","beach resort",August,64,64,64,64,64,64,64,64,68,64,64,64,64
BOC,"Isla Colón",PA,"Panama","North America",9.3408,-82.2508,0,17997,2497,204,"tropical rainforest","beach resort",February,69,71,81,79,69,66,66,66,66,66,66,66,66
BOR,"Ton Phueng",LA,"Laos","Asia",20.324,100.1654,369,65348,2453,135,"tropical — wet & dry seasons","small town",February,74,90,92,80,58,53,64,66,66,66,77,87,91
BOT,"Bosset",PG,"Papua New Guinea","Asia",-7.2373,141.1063,18,,1840,193,"tropical rainforest","small town",January,62,62,62,62,62,62,62,62,62,62,62,62,62
BOY,"Bobo Dioulasso",BF,"Burkina Faso","Africa",11.1601,-4.331,452,904920,2847,77,"tropical — wet & dry seasons","city break",October,59,67,38,28,34,46,55,68,68,68,83,76,77
BPE,"Qinhuangdao (Changli)",CN,"China","Asia",39.6664,119.0614,15,3372102,2672,77,"hot-summer continental","major city break",May,44,0,0,8,68,86,79,67,67,84,66,0,0
BPT,"Beaumont/Port Arthur",US,"United States","North America",29.9508,-94.0207,3,115282,2540,103,"humid subtropical","regional city",March,63,35,51,76,74,70,66,66,66,66,67,74,47
BPX,"Bangda",CN,"China","Asia",30.5536,97.1083,4337,86280,2453,146,"subpolar / tundra","alpine / mountain town",July,16,0,0,0,0,21,46,48,44,33,0,0,0
BPY,"Besalampy",MG,"Madagascar","Asia",-16.7445,44.4825,36,12000,3329,76,"tropical — wet & dry seasons","beach resort",May,86,71,71,71,89,98,98,98,98,97,94,81,71
BQB,"Busselton",AU,"Australia","Oceania",-33.6872,115.4003,16,27233,2584,112,"Mediterranean","beach resort",February,76,91,92,90,86,76,54,47,49,58,87,88,91
BQG,"Bogorodskoye",RU,"Russia","Asia",52.381,140.4494,51,103000,2328,157,"continental","regional city",July,25,0,0,0,0,27,74,79,70,51,0,0,0
BQJ,"Batagay",RU,"Russia","Asia",67.648,134.695,212,4266,2161,129,"subarctic","small town",July,12,0,0,0,0,0,39,59,41,0,0,0,0
BQK,"Brunswick",US,"United States","North America",31.2588,-81.4665,7,34689,2759,114,"humid subtropical","beach resort",November,69,42,54,74,83,79,68,72,68,73,78,85,53
BQN,"Aguadilla",PR,"Puerto Rico","North America",18.4949,-67.1294,64,16073,2935,197,"tropical — wet & dry seasons","beach resort",February,80,88,90,87,83,75,81,79,74,69,69,73,86
BQU,"Bequia",VC,"St. Vincent & Grenadines","Asia",12.9884,-61.262,3,24518,2847,199,"tropical — wet & dry seasons","beach resort",February,85,91,93,92,92,88,83,82,80,80,76,79,88
BRA,"Barreiras",BR,"Brazil","South America",-12.0789,-45.009,746,159734,2672,148,"tropical — wet & dry seasons","regional city",June,80,67,72,68,81,91,94,94,94,84,75,69,67
BRB,"Barreirinhas",BR,"Brazil","Asia",-2.7566,-42.8032,10,65589,2672,223,"tropical — wet & dry seasons","small town",July,73,67,67,67,67,67,82,87,84,74,65,74,78
BRD,"Brainerd",US,"United States","North America",46.4029,-94.1297,372,13371,2365,116,"continental","small town",September,34,0,0,0,20,64,73,75,78,79,20,0,0
BRM,"Barquisimeto",VE,"Venezuela","Asia",10.0427,-69.3586,619,1240714,2584,124,"tropical — wet & dry seasons","city break",February,82,91,92,90,83,76,76,76,77,79,76,81,87
BRO,"Brownsville",US,"United States","North America",25.9072,-97.4252,5,186738,2584,71,"humid subtropical","regional city",January,83,90,90,89,88,84,72,80,77,68,83,87,89
BRR,"Eoligarry",GB,"United Kingdom","Europe",57.0228,-7.4431,0,2310,1516,254,"oceanic / maritime","seaside town",July,11,0,0,0,0,6,18,29,27,28,15,5,0
BRW,"Utqiaġvik",US,"United States","North America",71.2854,-156.766,9,4384,2330,89,"subpolar / tundra","seaside town",January,0,0,0,0,0,0,0,0,0,0,0,0,0
BRX,"Barahona",DO,"Dominican Republic","North America",18.2515,-71.1204,2,77160,3066,142,"semi-arid","beach resort",January,89,94,94,93,90,85,90,89,85,88,84,86,91
BSA,"Bosaso",SO,"Somalia","Asia",11.2752,49.1392,9,74287,3066,25,"hot desert","beach resort",January,88,97,97,97,96,87,68,68,77,77,97,96,97
BSC,"Bahía Solano",CO,"Colombia","South America",6.2029,-77.3947,21,9400,964,250,"tropical rainforest","beach resort",January,56,56,56,56,56,56,56,56,56,56,56,56,56
BSG,"Bata",GQ,"Equatorial Guinea","Africa",1.9055,9.8057,2,173046,1921,186,"tropical rainforest","beach resort",July,65,62,62,62,62,62,69,78,74,62,62,62,62
BSK,"Biskra",DZ,"Algeria","Africa",34.7932,5.7389,78,204661,3066,34,"hot desert","regional city",March,69,62,71,93,91,92,48,10,28,82,92,93,62
BSO,"Basco",PH,"Philippines","Asia",20.4513,121.98,65,9647,2278,162,"tropical monsoon","beach resort",February,73,83,86,85,83,65,65,65,65,65,65,72,77
BSX,"Pathein",MM,"Myanmar (Burma)","Asia",16.8152,94.7799,7,237089,2540,141,"semi-arid","regional city",December,76,92,75,55,46,69,73,70,77,83,84,91,93
BTC,"Batticaloa",LK,"Sri Lanka","Asia",7.7051,81.6772,3,86742,2409,101,"tropical monsoon","beach resort",July,73,65,72,77,69,72,84,85,83,76,65,65,65
BTI,"Barter",US,"United States","North America",70.134,-143.582,0,,2393,63,"subpolar / tundra","seaside town",January,0,0,0,0,0,0,0,0,0,0,0,0,0
BTK,"Bratsk",RU,"Russia","Asia",56.3696,101.7018,490,256600,2344,155,"subarctic","regional city",August,25,0,0,0,0,34,78,79,80,34,0,0,0
BTM,"Butte",US,"United States","North America",45.9548,-112.497,1684,34190,2540,115,"continental","alpine / mountain town",July,33,0,0,0,7,47,79,88,87,79,14,0,0
BTT,"Bettles",US,"United States","North America",66.9139,-151.529,194,,2577,112,"subarctic","small town",July,14,0,0,0,0,0,63,66,39,0,0,0,0
BTU,"Bintulu",MY,"Malaysia","Asia",3.1239,113.02,19,151617,2102,267,"tropical rainforest","beach resort",January,64,64,64,64,64,64,64,64,64,64,64,64,64
BTW,"Batu Licin",ID,"Indonesia","Asia",-3.4124,115.995,7,,2409,142,"tropical rainforest","beach resort",August,67,65,65,65,65,65,65,65,75,74,70,65,65
BUA,"Buka",PG,"Papua New Guinea","Asia",-5.4223,154.6727,2,53986,2015,248,"tropical rainforest","beach resort",January,63,63,63,63,63,63,63,63,63,63,63,63,63
BUI,"Bokondini",ID,"Indonesia","Asia",-3.6846,138.6774,1365,66080,1621,244,"tropical rainforest","highland town",January,60,60,60,60,60,60,60,60,60,60,60,60,60
BUN,"Buenaventura",CO,"Colombia","South America",3.8196,-76.9898,14,432385,1402,237,"tropical rainforest","coastal city break",July,64,69,69,64,59,59,67,70,70,67,59,59,61
BUQ,"Bulawayo",ZW,"Zimbabwe","Asia",-20.0163,28.6229,1329,699385,3120,64,"semi-arid","city break",June,88,74,76,83,92,96,97,97,97,96,93,82,71
BUT,"Jakar",BT,"Bhutan","Asia",27.5622,90.7471,2575,6243,2540,96,"oceanic / maritime","highland town",June,30,0,0,15,31,45,55,55,55,46,41,15,0
BUU,"Muara Bungo",ID,"Indonesia","Asia",-1.5416,102.1816,51,21243,2190,186,"tropical rainforest","small town",June,65,64,64,64,64,64,68,68,65,64,64,64,64
BUX,"Bunia",CD,"Congo - Kinshasa","Asia",1.5657,30.2207,1242,399282,2146,172,"tropical — wet & dry seasons","regional city",January,74,85,83,71,71,72,76,76,71,67,67,69,80
BVE,"Brive",FR,"France","Europe",45.0397,1.4856,301,152199,1883,156,"oceanic / maritime","regional city",July,48,0,7,32,50,75,77,80,79,80,65,25,0
BVG,"Berlevåg",NO,"Norway","Europe",70.8715,29.0341,10,906,1197,214,"subpolar / tundra","seaside town",January,0,0,0,0,0,0,0,0,0,0,0,0,0
BVH,"Vilhena",BR,"Brazil","South America",-12.6944,-60.0983,613,95832,2059,133,"tropical — wet & dry seasons","small town",June,73,63,63,63,68,80,89,89,86,80,63,63,63
BVJ,"Bovanenkovo",RU,"Russia","Asia",70.3153,68.3336,7,,1449,193,"subpolar / tundra","small town",July,1,0,0,0,0,0,0,12,0,0,0,0,0
BVS,"Breves",BR,"Brazil","South America",-1.6365,-50.4436,22,106968,2190,271,"tropical rainforest","regional city",August,64,64,64,64,64,64,64,68,77,63,55,53,64
BWK,"Gornji Humac",HR,"Croatia","Europe",43.2845,16.6784,534,214741,2365,137,"Mediterranean","beach resort",July,51,0,0,26,60,82,84,88,86,78,70,35,6
BWO,"Balakovo",RU,"Russia","Asia",51.8583,47.7456,28,199572,1946,133,"hot-summer continental","regional city",August,39,0,0,0,35,82,82,82,84,83,20,0,0
BWT,"Burnie",AU,"Australia","Oceania",-40.997,145.726,17,20417,2146,152,"oceanic / maritime","seaside town",February,42,74,77,64,51,30,17,17,16,23,31,45,58
BWX,"Banyuwangi",ID,"Indonesia","Asia",-8.3102,114.3401,25,685967,3285,103,"tropical — wet & dry seasons","coastal city break",August,81,71,71,71,76,82,87,90,93,93,88,75,71
BXH,"Balkhash",KZ,"Kazakhstan","Asia",46.8942,75.0045,432,81364,2759,80,"semi-arid","small town",August,45,0,0,0,54,92,92,92,94,94,23,0,0
BXR,"Bam",IR,"Iran","Asia",29.0842,58.45,968,99268,3066,28,"hot desert","small town",October,70,56,79,95,96,68,29,29,49,78,97,96,64
BXT,"Bontang-Borneo Island",ID,"Indonesia","Asia",0.1217,117.4766,15,865306,2190,169,"tropical rainforest","coastal city break",August,65,64,64,64,64,64,64,64,71,64,64,64,64
BXY,"Baikonur",KZ,"Kazakhstan","Asia",45.622,63.2108,99,70000,2759,70,"cold desert","small town",September,46,0,0,0,77,93,84,66,85,95,47,0,0
BYK,"Bouaké",CI,"Côte d’Ivoire","Africa",7.7388,-5.0737,365,832371,2092,98,"tropical — wet & dry seasons","city break",December,68,71,58,67,68,64,63,64,67,63,63,81,87
BYM,"Bayamo",CU,"Cuba","Asia",20.3964,-76.6214,60,192632,2497,113,"semi-arid","regional city",January,82,90,90,89,78,77,78,76,73,79,75,86,90
BYN,"Bayankhongor",MN,"Mongolia","Asia",46.1633,100.704,1852,30931,3110,75,"semi-arid","small town",June,33,0,0,0,8,63,90,89,90,55,0,0,0
BYO,"Bonito",BR,"Brazil","South America",-21.2473,-56.4524,331,39163,2540,105,"tropical — wet & dry seasons","small town",July,75,66,68,74,77,77,85,88,88,73,64,70,67
BYR,"Læsø",DK,"Denmark","Asia",57.2772,11.0001,6,142937,1802,153,"oceanic / maritime","seaside town",July,20,0,0,0,0,26,43,61,59,43,12,0,0
BYW,"Blakely",US,"United States","Asia",48.5792,-122.8238,22,486903,1840,158,"oceanic / maritime","city break",August,30,0,0,0,13,40,55,79,84,60,23,0,0
BZI,"Balıkesir",TR,"Türkiye","Asia",39.6193,27.926,98,238151,2803,100,"Mediterranean","regional city",June,62,7,21,50,79,88,90,84,76,90,85,56,20
BZK,"Bryansk",RU,"Russia","Europe",53.2144,34.176,200,427236,1805,177,"continental","city break",August,32,0,0,0,20,69,75,74,79,60,7,0,0
BZL,"Barisal",BD,"Bangladesh","Asia",22.801,90.3012,3,1553000,2190,86,"tropical — wet & dry seasons","city break",January,68,90,88,59,36,45,64,64,64,64,64,85,89
BZR,"Béziers",FR,"France","Europe",43.3235,3.3539,14,74081,2321,114,"Mediterranean","beach resort",July,60,14,21,48,67,82,86,88,87,84,78,46,21
CAB,"Cabinda",AO,"Angola","Asia",-5.5984,12.1881,10,550000,1270,56,"tropical — wet & dry seasons","coastal city break",July,69,62,61,58,60,68,85,86,85,83,67,58,60
CAC,"Cascavel",BR,"Brazil","South America",-25.0003,-53.5012,749,257172,2102,122,"humid subtropical","regional city",August,67,64,66,70,69,64,66,69,78,71,64,64,64
CAF,"Carauari",BR,"Brazil","South America",-4.8715,-66.8976,84,30892,1752,241,"tropical rainforest","small town",August,64,61,61,61,61,61,66,69,74,69,61,61,61
CAH,"Cà Mau",VN,"Vietnam","Asia",9.1777,105.1778,1,356636,2102,160,"tropical — wet & dry seasons","regional city",February,70,87,89,77,64,64,64,64,64,64,64,64,80
CAJ,"Canaima",VE,"Venezuela","Asia",6.232,-62.8548,399,18591,2321,169,"tropical — wet & dry seasons","small town",February,73,84,86,75,74,65,65,65,65,70,75,74,78
CAL,"Campbeltown",GB,"United Kingdom","Europe",55.4372,-5.6864,8,4500,1417,229,"oceanic / maritime","seaside town",July,12,0,0,0,0,12,23,34,32,28,15,0,0
CAT,"Cascais",PT,"Portugal","Europe",38.725,-9.3552,93,36436,2672,116,"Mediterranean","seaside town",July,70,41,43,49,64,82,93,94,94,90,80,58,48
CAU,"Caruaru",BR,"Brazil","South America",-8.2824,-36.0135,568,402290,2321,262,"tropical — wet & dry seasons","city break",November,79,81,80,77,74,70,65,70,78,84,87,89,88
CAW,"Campos dos Goytacazes",BR,"Brazil","South America",-21.6983,-41.3017,15,511168,2278,181,"tropical — wet & dry seasons","city break",July,77,65,74,68,80,83,87,88,87,83,76,65,65
CBH,"Béchar",DZ,"Algeria","Asia",31.6457,-2.2699,810,165241,3460,28,"hot desert","regional city",March,67,65,82,98,98,89,40,0,10,68,95,96,65
CBO,"Cotabato",PH,"Philippines","Asia",7.1648,124.2099,51,1273715,2278,157,"tropical rainforest","coastal city break",February,67,69,75,71,68,65,65,65,65,65,65,65,65
CBQ,"Calabar",NG,"Nigeria","Africa",4.976,8.3472,60,540000,1577,178,"tropical monsoon","coastal city break",December,65,81,73,61,60,60,60,60,60,60,60,60,84
CBT,"Catumbela",AO,"Angola","Asia",-12.4792,13.4869,2,95034,2059,45,"semi-arid","beach resort",June,82,77,77,71,78,90,91,91,90,88,83,68,79
CCA,"Chimore",BO,"Bolivia","Asia",-16.9768,-65.1456,229,5147,2584,80,"semi-arid","small town",July,81,68,70,79,86,89,85,92,91,81,77,81,72
CCC,"Cayo Coco",CU,"Cuba","Asia",22.461,-78.3284,2,142027,2716,125,"tropical — wet & dry seasons","beach resort",January,81,91,91,89,86,70,71,79,72,71,73,87,91
CCE,"New Cairo",EG,"Egypt","Africa",30.0647,31.84,238,11893000,3373,17,"hot desert","major city break",February,81,73,98,98,97,89,60,40,50,79,98,96,90
CCK,"West Island",CC,"Cocos (Keeling) Islands","Asia",-12.1922,96.8341,1,120,,,"tropical — wet & dry seasons","beach resort",August,73,69,64,63,63,70,69,74,83,82,83,78,72
CCM,"Criciúma",BR,"Brazil","South America",-28.7257,-49.4245,26,204217,2146,210,"humid subtropical","beach resort",April,69,64,66,68,76,71,75,66,73,66,68,70,68
CCV,"Craig Cove",VU,"Vanuatu","Asia",-16.265,167.924,21,13397,2365,207,"tropical rainforest","beach resort",August,70,65,65,65,65,66,71,78,79,78,70,67,65
CCZ,"Chub Cay",BS,"Bahamas","Asia",25.4171,-77.8809,1,227940,2891,174,"tropical — wet & dry seasons","beach resort",February,79,88,89,88,85,74,69,72,69,69,73,84,88
CDB,"Cold Bay",US,"United States","North America",55.2079,-162.725,25,1009,2865,231,"subpolar / tundra","seaside town",August,3,0,0,0,0,0,0,13,19,6,0,0,0
CDC,"Cedar City",US,"United States","North America",37.701,-113.099,1705,30184,3241,66,"Mediterranean","alpine / mountain town",June,50,0,0,15,47,95,97,92,92,94,62,8,0
CDE,"Chengde",CN,"China","Asia",41.1225,118.0739,733,449325,2803,82,"hot-summer continental","city break",May,45,0,0,8,76,87,77,70,75,85,60,0,0
CDP,"Kadapa",IN,"India","Asia",14.5132,78.7692,133,344893,2672,42,"tropical — wet & dry seasons","regional city",January,53,93,56,19,0,8,50,55,62,64,68,76,89
CDR,"Chadron",US,"United States","North America",42.8376,-103.095,1000,5775,2847,91,"semi-arid","small town",September,45,0,0,15,50,82,83,78,88,89,53,0,0
CDV,"Cordova",US,"United States","North America",60.4918,-145.478,15,68779,2493,131,"subarctic","seaside town",July,10,0,0,0,0,0,22,39,39,17,0,0,0
CEC,"Crescent City",US,"United States","North America",41.7789,-124.2364,16,6774,2409,122,"oceanic / maritime","seaside town",August,35,11,11,11,18,35,51,69,76,65,43,22,11
CEL,"Canela",BR,"Brazil","South America",-29.3701,-50.8317,827,48946,2102,205,"humid subtropical","small town",April,64,65,68,68,72,63,58,48,62,64,64,68,68
CEM,"Central",US,"United States","North America",65.5738,-144.7807,280,28295,2487,89,"subarctic","small town",July,15,0,0,0,0,21,60,64,40,0,0,0,0
CEZ,"Cortez",US,"United States","North America",37.303,-108.628,1801,8715,3241,72,"hot-summer continental","alpine / mountain town",June,50,0,0,16,54,93,96,91,91,90,62,8,0
CFB,"Cabo Frio",BR,"Brazil","South America",-22.9215,-42.0719,1,261721,2409,180,"tropical — wet & dry seasons","beach resort",June,75,65,72,65,77,79,86,86,86,82,75,65,65
CFE,"Clermont-Ferrand",FR,"France","Europe",45.7867,3.1692,325,233050,1840,156,"oceanic / maritime","regional city",September,41,0,0,14,39,62,77,77,77,79,52,13,0
CFG,"Cienfuegos",CU,"Cuba","Asia",22.15,-80.4142,28,186644,2672,117,"semi-arid","beach resort",January,86,92,92,92,91,83,81,83,79,79,81,91,91
CFK,"Chlef",DZ,"Algeria","Asia",36.2166,1.3411,145,449167,2847,74,"Mediterranean","city break",June,71,41,56,77,84,88,94,57,56,90,87,74,49
CFN,"Donegal",IE,"Ireland","Europe",55.0442,-8.341,6,2618,1344,252,"oceanic / maritime","seaside town",July,18,0,0,0,12,23,39,43,42,33,21,5,0
CFS,"Coffs Harbour",AU,"Australia","Oceania",-30.3206,153.116,3,78759,2628,139,"humid subtropical","beach resort",September,68,67,67,67,76,73,49,58,63,79,76,71,70
CGI,"Cape Girardeau",US,"United States","North America",37.2253,-89.5708,102,39462,2584,110,"humid subtropical","small town",August,50,0,0,36,70,70,77,74,79,79,75,37,0
CGM,"Mambajao",PH,"Philippines","Asia",9.2539,124.7091,10,10058,2234,181,"tropical rainforest","beach resort",April,65,64,64,64,70,68,64,64,64,64,64,64,64
CHG,"Chaoyang",CN,"China","Asia",41.5381,120.435,172,956000,2716,71,"hot-summer continental","city break",September,46,0,0,8,75,87,78,74,75,88,68,0,0
CHH,"Chachapoyas",PE,"Peru","South America",-6.2019,-77.8562,2536,32026,2453,134,"highland","highland town",July,86,81,83,81,83,88,90,91,91,89,86,84,84
CHM,"Chimbote",PE,"Peru","South America",-9.1496,-78.5238,12,349846,1840,56,"hot desert","seaside town",June,87,88,88,87,88,88,89,89,82,82,88,88,87
CHT,"Te One",NZ,"New Zealand","Asia",-43.8119,-176.4651,12,140,,,"oceanic / maritime","seaside town",January,35,53,52,51,39,32,25,20,20,20,26,33,46
CHU,"Chuathbaluk",US,"United States","North America",61.5791,-159.216,65,104,2752,137,"subarctic","small town",June,18,0,0,0,0,22,62,60,52,14,0,0,0
CHX,"Changuinola",PA,"Panama","North America",9.459,-82.5151,8,17997,2453,202,"tropical rainforest","beach resort",February,69,71,81,78,69,66,66,66,66,66,66,66,66
CHY,"Choiseul Bay",SB,"Solomon Islands","Asia",-6.7119,156.3961,4,1053,1971,249,"tropical rainforest","beach resort",January,63,63,63,63,63,63,63,63,63,63,63,63,63
CIJ,"Cobija",BO,"Bolivia","Asia",-11.0391,-68.7828,236,26585,2190,136,"tropical — wet & dry seasons","small town",June,70,64,64,64,66,79,87,87,76,63,67,64,64
CIK,"Chalkyitsik",US,"United States","North America",66.645,-143.74,165,,2449,82,"subarctic","small town",June,20,0,0,0,0,30,78,75,56,0,0,0,0
CIU,"Kincheloe",US,"United States","North America",46.242,-84.4621,240,13827,1883,172,"continental","small town",July,23,0,0,0,0,13,49,76,74,55,6,0,0
CIW,"Canouan",VC,"St. Vincent & Grenadines","Asia",12.699,-61.3424,2,24518,2847,199,"tropical — wet & dry seasons","beach resort",February,81,88,92,91,90,85,78,75,73,75,70,72,83
CJL,"Chitral",PK,"Pakistan","Asia",35.8862,71.7999,1491,57157,2453,82,"continental","alpine / mountain town",June,44,0,0,0,34,74,91,89,90,91,53,0,0
CJM,"Chumphon",TH,"Thailand","Asia",10.7112,99.3617,5,55835,2453,165,"tropical monsoon","beach resort",February,70,76,87,76,75,66,66,66,66,66,66,66,68
CJN,"Cijulang",ID,"Indonesia","Asia",-7.7199,108.489,6,1174964,2716,142,"tropical monsoon","coastal city break",August,71,67,67,67,67,67,70,77,88,79,67,67,67
CJZ,"Cajazeiras",BR,"Brazil","Asia",-6.8827,-38.6158,332,63239,2891,235,"tropical — wet & dry seasons","small town",August,76,71,69,69,69,82,90,93,95,76,65,65,69
CKB,"Bridgeport",US,"United States","North America",39.2966,-80.2281,359,1018000,1927,163,"humid subtropical","city break",August,42,0,0,12,54,69,69,68,74,74,61,19,0
CKD,"Crooked Creek",US,"United States","North America",61.8703,-158.1376,49,,2759,137,"subarctic","small town",July,15,0,0,0,0,14,53,58,44,6,0,0,0
CKH,"Chokurdah",RU,"Russia","Asia",70.6231,147.902,49,2506,1701,165,"subarctic","small town",July,7,0,0,0,0,0,26,37,19,0,0,0,0
CKS,"Parauapebas",BR,"Brazil","South America",-6.1178,-50.0034,627,267836,1752,235,"tropical — wet & dry seasons","regional city",July,67,61,61,61,61,67,84,86,68,57,64,67,61
CKW,"Christmas Creek Mine",AU,"Australia","Asia",-22.3543,119.6426,440,2587,3460,62,"semi-arid","small town",August,66,23,41,62,86,97,96,97,99,99,49,29,19
CKX,"Chicken",US,"United States","North America",64.0665,-141.9513,485,1258,2335,104,"subarctic","small town",July,13,0,0,0,0,14,51,55,39,0,0,0,0
CKZ,"Çanakkale",TR,"Türkiye","Asia",40.1377,26.4268,5,143622,3022,98,"Mediterranean","beach resort",August,56,0,7,22,51,91,92,95,96,92,71,42,7
CLL,"College Station",US,"United States","North America",30.5886,-96.3638,94,107889,2584,92,"humid subtropical","regional city",April,66,47,62,78,79,72,60,65,47,78,72,79,53
CLP,"Clarks Point",US,"United States","North America",58.8337,-158.529,13,2404,2799,160,"subarctic","seaside town",July,13,0,0,0,0,7,41,51,44,18,0,0,0
CLQ,"Colima",MX,"Mexico","North America",19.277,-103.577,746,223287,2190,75,"tropical — wet & dry seasons","regional city",March,74,89,88,90,64,53,61,64,64,64,73,87,90
CLV,"Caldas Novas",BR,"Brazil","South America",-17.7251,-48.6063,693,98622,2540,160,"tropical — wet & dry seasons","small town",July,77,66,66,66,79,89,92,93,93,78,68,66,66
CMF,"Chambéry",FR,"France","Europe",45.6381,5.8802,234,61640,1840,154,"oceanic / maritime","alpine / mountain town",July,40,0,0,13,45,60,75,76,75,76,49,6,0
CMG,"Corumbá",BR,"Brazil","South America",-19.0119,-57.6728,134,96520,2409,96,"tropical — wet & dry seasons","small town",July,73,66,68,74,82,81,89,90,90,60,54,60,61
CMI,"Savoy",US,"United States","North America",40.0398,-88.2762,227,8133,2497,120,"hot-summer continental","small town",September,44,0,0,13,62,73,72,74,78,79,64,13,0
CMU,"Kundiawa",PG,"Papua New Guinea","Asia",-6.0243,144.971,1514,9383,1577,268,"tropical rainforest","highland town",August,64,60,60,60,60,60,68,73,74,68,66,60,60
CMW,"Camaguey",CU,"Cuba","Asia",21.4199,-77.848,124,347562,2716,110,"tropical — wet & dry seasons","regional city",January,80,92,91,88,85,67,67,80,71,68,73,87,92
CMX,"Hancock",US,"United States","North America",47.1684,-88.4891,324,4555,2102,138,"continental","small town",August,26,0,0,0,0,31,55,75,77,62,12,0,0
CND,"Constanța",RO,"Romania","Europe",44.3622,28.4883,99,317832,1664,101,"humid subtropical","regional city",August,40,0,0,0,27,73,78,80,83,81,46,7,0
CNI,"Changhai",CN,"China","Asia",39.2664,122.667,27,454338,2628,92,"hot-summer continental","coastal city break",May,41,0,0,0,43,84,78,67,67,83,65,0,0
CNJ,"Cloncurry",AU,"Australia","Oceania",-20.6686,140.504,187,3167,3416,49,"semi-arid","small town",July,73,50,56,70,87,98,97,99,99,89,58,37,34
CNM,"Carlsbad",US,"United States","North America",32.3375,-104.263,993,114746,3241,47,"cold desert","regional city",March,73,40,64,96,96,94,56,62,71,88,93,80,40
CNP,"Neerlerit Inaat",GL,"Greenland","Asia",70.7431,-22.6505,9,,1638,111,"subpolar / tundra","seaside town",January,0,0,0,0,0,0,0,0,0,0,0,0,0
CNQ,"Corrientes",AR,"Argentina","South America",-27.4455,-58.7619,61,346334,2672,68,"humid subtropical","regional city",July,72,54,65,67,67,78,82,88,88,84,68,67,60
CNY,"Moab",US,"United States","North America",38.755,-109.755,1387,5235,3154,72,"semi-arid","small town",June,53,0,0,31,71,94,96,75,93,93,77,8,0
COD,"Cody",US,"United States","North America",44.5202,-109.024,1543,9792,2759,98,"hot-summer continental","alpine / mountain town",July,41,0,0,0,29,62,87,91,91,89,37,0,0
COL,"Coll",GB,"United Kingdom","Asia",56.6019,-6.6178,6,8140,1510,241,"oceanic / maritime","seaside town",August,12,0,0,0,0,12,24,29,32,28,15,5,0
CPC,"Chapelco/San Martin de los Andes",AR,"Argentina","South America",-40.0754,-71.1373,781,23519,2584,94,"oceanic / maritime","small town",January,46,89,89,88,48,12,0,0,0,20,48,72,88
CPD,"Coober Pedy",AU,"Australia","Oceania",-29.0383,134.7222,224,2106,3329,62,"hot desert","small town",August,82,39,57,97,97,97,73,73,98,97,97,87,67
CPE,"Campeche",MX,"Mexico","North America",19.816,-90.5001,9,220389,2321,78,"tropical — wet & dry seasons","beach resort",February,78,86,88,88,88,79,65,72,68,65,67,83,86
CPR,"Casper",US,"United States","North America",42.9074,-106.4616,1624,60285,2891,98,"hot-summer continental","alpine / mountain town",August,41,0,0,0,29,69,89,90,92,91,37,0,0
CPV,"Campina Grande",BR,"Brazil","South America",-7.2697,-35.8961,494,417261,2321,236,"tropical — wet & dry seasons","city break",November,79,80,78,76,71,70,65,70,80,85,89,90,88
CPX,"Culebra",PR,"Puerto Rico","North America",18.313,-65.3039,5,1486,2935,209,"tropical — wet & dry seasons","beach resort",February,81,89,91,89,86,78,83,80,76,70,70,74,86
CQW,"Wulong",CN,"China","Asia",29.4657,107.6937,1728,78225,1226,194,"humid subtropical","highland town",April,42,0,13,43,63,58,58,58,58,59,58,38,0
CRD,"Comodoro Rivadavia",AR,"Argentina","South America",-45.7869,-67.4634,43,140850,2059,60,"semi-arid","seaside town",January,57,89,87,83,64,35,14,7,21,44,66,88,87
CRI,"Colonel Hill",BS,"Bahamas","Asia",22.7456,-74.1824,4,240,2540,153,"semi-arid","beach resort",February,85,89,90,90,87,81,85,87,85,83,73,80,87
CRM,"Catarman",PH,"Philippines","Asia",12.5016,124.6353,5,97738,2321,208,"tropical rainforest","beach resort",April,66,65,65,65,72,65,65,65,65,65,65,65,65
CRU,"Carriacou Island",GD,"Grenada","Asia",12.4761,-61.4728,4,7500,2803,181,"tropical — wet & dry seasons","beach resort",February,81,87,91,90,90,85,77,75,73,75,69,72,82
CRV,"Crotone",IT,"Italy","Europe",38.9972,17.0802,157,78970,2365,100,"Mediterranean","beach resort",July,62,24,23,45,68,85,87,89,88,79,78,54,29
CRZ,"Türkmenabat",TM,"Turkmenistan","Asia",38.9307,63.564,194,234817,2935,40,"cold desert","regional city",September,52,0,8,69,93,94,48,29,48,96,96,39,0
CSA,"Colonsay",GB,"United Kingdom","Asia",56.0575,-6.2431,11,15757,1447,238,"oceanic / maritime","seaside town",July,11,0,0,0,0,12,23,28,26,27,15,0,0
CSH,"Solovetsky Islands",RU,"Russia","Europe",65.03,35.7333,16,13829,1932,189,"subarctic","seaside town",July,8,0,0,0,0,0,13,39,32,13,0,0,0
CSK,"Cap Skirring",SN,"Senegal","Asia",12.3953,-16.748,16,1822,2803,75,"tropical — wet & dry seasons","beach resort",January,85,95,95,93,95,95,80,68,68,68,73,94,95
CSW,"Cabo San Lucas",MX,"Mexico","Asia",22.9491,-109.9395,202,202694,2672,18,"hot desert","beach resort",March,91,93,93,94,94,94,94,91,84,77,90,91,93
CTC,"Catamarca",AR,"Argentina","South America",-28.5931,-65.7512,465,188812,3197,63,"semi-arid","regional city",August,90,74,83,87,91,96,97,97,98,95,92,89,75
CTD,"Chitré",PA,"Panama","Asia",7.9878,-80.4098,7,8969,2409,199,"tropical — wet & dry seasons","beach resort",February,71,90,92,72,60,65,65,65,65,65,65,65,77
CTL,"Charleville",AU,"Australia","Oceania",-26.4133,146.262,303,3515,3329,62,"semi-arid","small town",April,82,51,62,90,96,96,84,88,96,95,95,73,52
CUA,"Comondú",MX,"Mexico","Asia",25.0538,-111.615,63,40935,2759,12,"hot desert","small town",March,86,94,94,95,95,95,95,65,61,66,89,93,94
CUE,"Cuenca",EC,"Ecuador","South America",-2.8895,-78.9844,2526,636996,1708,164,"highland","highland city",October,61,67,65,55,57,60,49,52,59,66,68,67,67
CUF,"Cuneo",IT,"Italy","Europe",44.5475,7.623,377,1652000,2102,123,"humid subtropical","city break",July,47,0,0,20,52,77,80,83,83,81,65,18,0
CUK,"Caye Caulker",BZ,"Belize","Asia",17.735,-88.0329,0,2729,2497,146,"tropical monsoon","beach resort",April,72,72,83,85,87,70,66,66,66,66,66,66,69
CUM,"Cumaná",VE,"Venezuela","Asia",10.4503,-64.1305,5,405626,2803,79,"tropical — wet & dry seasons","coastal city break",February,83,89,93,91,91,87,78,76,74,73,79,79,83
CUP,"Carúpano",VE,"Venezuela","Asia",10.66,-63.2617,16,167187,2672,135,"tropical — wet & dry seasons","beach resort",February,78,83,89,89,88,82,70,68,70,75,75,76,76
CUQ,"Coen",AU,"Australia","Asia",-13.7611,143.1133,157,,2672,104,"tropical — wet & dry seasons","small town",August,78,67,67,67,79,90,92,93,94,94,73,68,54
CVM,"Ciudad Victoria",MX,"Mexico","North America",23.7033,-98.9565,227,332100,2102,48,"tropical — wet & dry seasons","regional city",December,70,87,87,86,59,47,48,54,59,64,75,85,88
CVN,"Clovis",US,"United States","North America",34.4266,-103.0788,1279,104180,3197,64,"semi-arid","regional city",April,64,8,32,70,94,90,79,78,85,88,90,48,8
CVQ,"Carnarvon",AU,"Australia","Oceania",-24.8843,113.6664,3,4879,3548,52,"hot desert","beach resort",September,97,97,95,97,98,97,92,95,97,99,99,99,97
CVU,"Corvo",PT,"Portugal","Europe",39.6715,-31.1136,15,3907,1621,189,"Mediterranean","beach resort",August,41,23,24,24,25,32,46,69,73,69,47,35,27
CWA,"Mosinee",US,"United States","North America",44.7774,-89.6702,384,4030,2365,125,"continental","small town",July,35,0,0,0,26,62,71,76,75,76,32,0,0
CWC,"Chernivtsi",UA,"Ukraine","Europe",48.2593,25.9808,242,298251,1708,143,"continental","regional city",September,37,0,0,0,40,75,71,72,77,79,33,0,0
CWJ,"Cangyuan",CN,"China","Asia",23.2763,99.3732,1804,323708,2234,159,"oceanic / maritime","highland city",February,74,72,90,89,81,69,64,64,64,65,69,86,74
CWS,"Center",US,"United States","Asia",48.49,-122.8316,41,486903,1883,154,"oceanic / maritime","city break",July,34,0,0,6,19,47,62,86,85,67,29,5,0
CXI,"Kiritimati",KI,"Kiribati","Asia",1.9863,-157.35,3,1881,,,"tropical — wet & dry seasons","beach resort",August,79,79,74,72,70,77,78,83,85,85,85,84,77
CXJ,"Caxias Do Sul",BR,"Brazil","South America",-29.1972,-51.1876,750,381270,2102,203,"humid subtropical","regional city",April,64,64,68,68,69,62,56,53,68,64,64,66,66
CXP,"Cilacap",ID,"Indonesia","Asia",-7.6451,109.034,24,1174964,2716,140,"tropical monsoon","coastal city break",August,71,67,67,67,67,67,70,77,88,79,67,67,67
CYA,"Les Cayes",HT,"Haiti","Asia",18.2711,-73.7883,59,175457,2672,120,"semi-arid","beach resort",February,85,89,91,90,89,82,84,86,83,81,73,81,88
CYB,"West End",KY,"Cayman Islands","North America",19.687,-79.8828,3,1306,2935,145,"tropical — wet & dry seasons","beach resort",February,81,91,92,91,90,76,73,80,75,71,69,79,88
CYC,"Caye Chapel",BZ,"Belize","Asia",17.6838,-88.045,1,65222,2497,146,"tropical monsoon","beach resort",April,72,72,83,85,87,70,66,66,66,66,66,66,69
CYF,"Chefornak",US,"United States","North America",60.1367,-164.2792,13,,2832,166,"subarctic","seaside town",August,5,0,0,0,0,0,7,20,25,6,0,0,0
CYI,"Shuishang",TW,"Taiwan","Asia",23.4626,120.3905,23,2850285,1927,178,"humid subtropical","major city break",February,72,81,83,78,71,62,62,62,62,62,77,81,83
CYO,"Cayo Largo del Sur",CU,"Cuba","Asia",21.6165,-81.546,2,23606,2803,115,"semi-arid","beach resort",January,86,93,92,93,91,83,80,82,77,76,79,91,91
CYP,"Calbayog City",PH,"Philippines","Asia",12.0726,124.5451,3,67921,2321,203,"tropical rainforest","beach resort",April,66,65,65,65,74,65,65,65,65,65,65,65,65
CYS,"Cheyenne",US,"United States","North America",41.1557,-104.812,1868,65132,2935,96,"hot-summer continental","alpine / mountain town",September,44,0,0,8,36,77,87,87,89,90,53,0,0
CYT,"Yakataga",US,"United States","Asia",60.081,-142.4945,7,,2369,170,"subpolar / tundra","seaside town",July,2,0,0,0,0,0,0,11,11,0,0,0,0
CYU,"Cuyo",PH,"Philippines","Asia",10.8581,121.069,23,7549,2321,142,"tropical monsoon","beach resort",March,71,79,83,84,82,65,65,65,65,65,65,65,65
CYX,"Cherskiy",RU,"Russia","Asia",68.7406,161.338,4,3707,1807,136,"subarctic","small town",July,9,0,0,0,0,0,33,45,26,0,0,0,0
CYZ,"Cauayan City",PH,"Philippines","Asia",16.9299,121.753,58,167297,2497,157,"tropical rainforest","regional city",March,66,74,76,77,55,53,59,66,66,66,66,66,66
CZE,"Coro",VE,"Venezuela","Asia",11.4149,-69.6809,15,246657,3110,67,"semi-arid","beach resort",March,89,92,94,95,94,92,92,91,91,80,81,81,87
CZS,"Cruzeiro Do Sul",BR,"Brazil","South America",-7.5999,-72.7695,193,91888,1664,249,"tropical monsoon","small town",July,66,61,61,61,61,63,73,78,76,69,61,61,61
CZU,"Corozal",CO,"Colombia","South America",9.3327,-75.2856,161,39800,2015,83,"tropical — wet & dry seasons","small town",December,68,72,54,53,64,69,74,69,71,70,66,70,84
DAU,"Daru",PG,"Papua New Guinea","Asia",-9.0868,143.208,5,15214,2234,170,"tropical — wet & dry seasons","beach resort",August,76,64,64,64,64,72,83,86,89,88,86,82,66
DAV,"David",PA,"Panama","North America",8.389,-82.4364,16,82907,2102,196,"tropical monsoon","beach resort",February,70,82,86,83,72,64,64,64,64,64,64,64,70
DBA,"Dalbandin",PK,"Pakistan","Asia",28.8783,64.3998,846,14621,3460,8,"hot desert","small town",April,66,65,98,97,99,40,10,10,29,60,99,98,82
DBB,"El Alamein",EG,"Egypt","Asia",30.9243,28.4616,42,27697,3285,35,"hot desert","beach resort",June,87,54,63,81,97,98,99,98,99,98,97,95,70
DBC,"Baicheng",CN,"China","Asia",45.5053,123.0197,143,386861,2759,76,"hot-summer continental","regional city",May,41,0,0,0,54,87,80,75,80,86,31,0,0
DBO,"Dubbo",AU,"Australia","Oceania",-32.2167,148.575,279,43516,2935,103,"humid subtropical","small town",April,76,70,86,86,91,76,44,45,61,90,88,86,84
DBQ,"Dubuque",US,"United States","North America",42.402,-90.7095,321,58799,2716,117,"hot-summer continental","small town",September,38,0,0,0,39,75,70,74,76,77,47,0,0
DBR,"Darbhanga",IN,"India","Asia",26.1928,85.9169,49,296039,2190,48,"Mediterranean","regional city",November,64,90,89,72,26,16,26,58,64,64,82,91,91
DCF,"Canefield",DM,"Dominica","North America",15.3367,-61.3921,0,16571,2672,217,"tropical monsoon","beach resort",February,74,83,86,86,81,75,70,67,67,67,67,67,77
DCM,"Castres",FR,"France","Europe",43.5563,2.2892,224,47275,2059,135,"humid subtropical","small town",July,51,0,7,33,52,79,83,85,84,82,72,26,7
DCY,"Daocheng",CN,"China","Asia",29.3163,100.0603,4410,31113,2234,162,"subpolar / tundra","highland town",June,15,0,0,0,0,35,48,38,33,25,0,0,0
DDC,"Dodge City",US,"United States","North America",37.7634,-99.9656,788,27912,3066,78,"humid subtropical","small town",September,55,0,0,53,86,81,80,65,81,89,87,39,0
DDG,"Dandong (Zhenxing)",CN,"China","Asia",40.0255,124.2867,5,870000,2540,108,"hot-summer continental","coastal city break",May,39,0,0,0,42,78,73,66,66,78,63,0,0
DDR,"Xigazê (Dingri)",CN,"China","Asia",28.6046,86.798,4310,,2321,108,"subpolar / tundra","highland town",June,17,0,0,0,0,22,57,45,41,35,0,0,0
DEA,"Dera Ghazi Khan",PK,"Pakistan","Asia",29.961,70.4859,147,494464,3241,22,"hot desert","city break",November,55,89,96,91,58,0,0,0,19,29,78,98,97
DEC,"Decatur",US,"United States","North America",39.8346,-88.8657,204,73254,2497,116,"hot-summer continental","small town",September,44,0,0,13,62,72,72,75,78,79,64,13,0
DEE,"Yuzhno-Kurilsk",RU,"Russia","Asia",43.9611,145.685,211,7777,1796,226,"continental","seaside town",August,15,0,0,0,0,0,18,39,52,44,22,0,0
DEF,"Dezful",IR,"Iran","Asia",32.4344,48.3976,143,315482,2672,52,"semi-arid","regional city",March,48,50,74,88,87,46,0,0,0,9,73,87,64
DEM,"Dembidollo",ET,"Ethiopia","Asia",8.554,34.858,1572,97600,2847,94,"tropical — wet & dry seasons","highland town",January,77,94,93,80,79,68,68,68,68,68,68,83,91
DEX,"Dekai",ID,"Indonesia","Asia",-4.8557,139.482,56,66080,1752,208,"tropical rainforest","small town",January,61,61,61,61,61,61,61,61,61,61,61,61,61
DGA,"Dangriga",BZ,"Belize","Asia",16.9825,-88.231,1,9927,2409,164,"tropical monsoon","beach resort",April,70,69,79,83,86,70,65,65,65,65,65,65,66
DGH,"Deoghar",IN,"India","Asia",24.4468,86.705,244,203123,2190,60,"humid subtropical","regional city",November,65,90,90,71,25,22,38,64,64,64,75,91,91
DHM,"Kangra",IN,"India","Asia",32.1649,76.263,759,9528,2759,64,"humid subtropical","small town",October,72,44,64,84,89,71,53,68,68,70,93,93,69
DHN,"Dothan",US,"United States","North America",31.3213,-85.4496,117,68567,2759,112,"humid subtropical","small town",October,66,39,56,75,73,79,65,63,63,77,82,79,46
DHX,"Kediri",ID,"Indonesia","Asia",-7.7495,111.9468,99,301424,3022,113,"tropical — wet & dry seasons","regional city",July,69,69,69,69,69,75,84,89,75,54,49,62,69
DIB,"Dibrugarh",IN,"India","Asia",27.4839,95.0169,109,166366,2453,114,"humid subtropical","regional city",December,75,90,85,77,66,66,66,66,66,66,72,90,92
DIE,"Antisiranana",MG,"Madagascar","Africa",-12.3494,49.2917,104,136959,2935,136,"tropical — wet & dry seasons","beach resort",July,83,69,69,69,80,89,92,93,93,93,92,87,69
DIG,"Diqing (Shangri-La)",CN,"China","Asia",27.7936,99.6772,3279,186400,2278,158,"oceanic / maritime","highland city",June,34,0,0,14,34,61,76,59,62,59,35,8,0
DIJ,"Dijon",FR,"France","Europe",47.2689,5.09,219,169946,1708,166,"oceanic / maritime","regional city",September,42,0,0,19,52,68,76,77,75,79,50,12,0
DIK,"Dickinson",US,"United States","North America",46.7975,-102.8019,786,23765,2672,98,"continental","small town",August,37,0,0,0,22,68,80,84,86,86,15,0,0
DIL,"Dili",TL,"Timor-Leste","Asia",-8.5466,125.5245,6,234331,2759,109,"tropical — wet & dry seasons","beach resort",August,84,68,68,73,85,89,91,94,95,94,93,85,68
DIN,"Dien Bien Phu",VN,"Vietnam","Asia",21.3975,103.008,481,84672,1840,158,"humid subtropical","small town",February,73,84,87,82,73,56,62,62,62,63,75,82,85
DIR,"Dire Dawa",ET,"Ethiopia","Asia",9.6235,41.855,1134,343000,3066,53,"tropical — wet & dry seasons","regional city",January,86,96,95,89,76,82,88,76,70,76,90,93,95
DIU,"Diu",IN,"India","Asia",20.7142,70.9219,9,23991,2978,28,"tropical — wet & dry seasons","beach resort",January,87,96,96,96,96,96,69,69,69,74,94,95,96
DJG,"Djanet",DZ,"Algeria","Asia",24.2854,9.4637,964,14655,3723,10,"hot desert","small town",February,76,91,100,100,100,60,30,30,40,60,99,100,100
DKA,"Katsina",NG,"Nigeria","Africa",13.0078,7.6604,499,670000,2935,49,"semi-arid","city break",January,65,96,77,48,19,27,47,69,69,77,74,85,96
DLE,"Dole",FR,"France","Europe",47.039,5.4276,193,25878,1708,169,"oceanic / maritime","small town",September,41,0,0,18,50,64,72,73,72,75,53,12,0
DLG,"Dillingham",US,"United States","North America",59.0447,-158.505,23,2404,2804,158,"subarctic","seaside town",July,13,0,0,0,0,7,41,51,44,18,0,0,0
DLR,"Dalnerechensk",RU,"Russia","Asia",45.8779,133.7358,91,28300,2365,134,"hot-summer continental","small town",September,36,0,0,0,28,79,77,70,70,81,21,0,0
DLZ,"Dalanzadgad",MN,"Mongolia","Asia",43.6086,104.3677,1456,24863,3154,62,"cold desert","small town",May,45,0,0,0,49,96,94,92,94,95,24,0,0
DMB,"Taraz",KZ,"Kazakhstan","Asia",42.8536,71.3036,661,358153,2628,82,"semi-arid","regional city",August,51,0,0,29,71,88,90,83,93,93,66,0,0
DMU,"Dimapur",IN,"India","Asia",25.8839,93.7711,146,135860,2365,78,"humid subtropical","regional city",January,75,91,89,84,62,59,59,65,65,65,76,89,91
DND,"Dundee",GB,"United Kingdom","Europe",56.4525,-3.0258,3,151592,1676,190,"oceanic / maritime","regional city",July,22,0,0,0,13,32,48,59,51,44,17,0,0
DNK,"Dnipro",UA,"Ukraine","Europe",48.3572,35.1006,147,1050000,1840,133,"hot-summer continental","city break",August,41,0,0,0,48,79,78,80,82,81,41,0,0
DNR,"Dinard",FR,"France","Europe",48.5877,-2.08,61,11993,1752,178,"oceanic / maritime","seaside town",June,42,0,0,20,40,59,80,80,80,74,50,18,0
DOD,"Dodoma",TZ,"Tanzania","Africa",-6.1706,35.756,1113,765179,3335,110,"tropical — wet & dry seasons","city break",June,89,71,79,77,85,96,99,99,99,99,97,90,71
DOG,"Dongola",SD,"Sudan","Asia",19.1537,30.4301,235,56167,3767,3,"hot desert","small town",January,53,100,100,100,50,20,0,0,0,10,50,100,100
DOL,"Deauville",FR,"France","Europe",49.3652,0.1545,144,4677,1708,173,"oceanic / maritime","seaside town",June,41,0,0,19,40,58,78,78,77,73,49,18,0
DOP,"Dolpa",NP,"Nepal","Asia",28.9857,82.8187,2492,23296,2321,104,"continental","highland town",June,24,0,0,0,14,40,54,54,54,45,21,0,0
DOV,"Dover",US,"United States","North America",39.1295,-75.466,4,39403,2584,113,"humid subtropical","beach resort",May,45,0,0,13,58,77,74,73,73,75,68,33,0
DPL,"Dipolog",PH,"Philippines","Asia",8.602,123.3419,2,93549,2190,174,"tropical rainforest","beach resort",April,67,65,74,75,76,64,64,64,64,64,64,64,64
DPO,"Devonport",AU,"Australia","Oceania",-41.1697,146.43,7,26150,2234,153,"oceanic / maritime","seaside town",February,45,76,78,67,53,39,25,24,18,25,33,46,60
DPT,"Deputatskiy",RU,"Russia","Europe",69.3925,139.89,277,3484,1943,141,"subpolar / tundra","small town",July,1,0,0,0,0,0,0,11,0,0,0,0,0
DQM,"Duqm",OM,"Oman","Asia",19.5019,57.6342,118,,3285,12,"hot desert","beach resort",January,75,98,98,96,59,39,38,59,69,69,78,98,98
DRG,"Deering",US,"United States","North America",66.0689,-162.7669,10,1997,2559,111,"subarctic","seaside town",July,8,0,0,0,0,0,22,41,34,0,0,0,0
DRJ,"Drietabbetje",SR,"Suriname","Asia",4.1114,-54.6728,74,,2321,199,"tropical monsoon","small town",September,66,65,65,65,65,65,65,65,70,83,56,60,65
DRV,"Baa Atoll",MV,"Maldives","Asia",5.1561,73.1302,2,5044,,,"tropical — wet & dry seasons","beach resort",February,69,82,85,83,75,63,63,63,63,63,63,63,63
DSD,"Grande Anse",GP,"Guadeloupe","North America",16.2969,-61.0844,4,53514,2672,189,"tropical — wet & dry seasons","beach resort",February,78,87,89,88,85,79,77,74,71,70,67,71,82
DSE,"Dessie",ET,"Ethiopia","Asia",11.1098,39.7259,1857,270400,2978,74,"humid subtropical","highland city",January,85,95,92,86,81,87,86,69,69,77,89,93,94
DSI,"Destin",US,"United States","North America",30.4001,-86.4715,6,13523,2759,110,"humid subtropical","beach resort",May,68,45,54,74,72,80,68,68,68,71,78,79,53
DSO,"Sŏndŏng-ni",KP,"North Korea","Asia",39.7452,127.474,3,773000,2365,114,"hot-summer continental","coastal city break",June,36,0,0,0,27,71,74,65,65,66,54,7,0
DSY,"Ta Noun",KH,"Cambodia","Asia",10.9142,103.2267,20,73036,2409,167,"tropical monsoon","beach resort",January,72,87,87,78,69,65,65,65,65,65,65,71,85
DTB,"Siborong-Borong",ID,"Indonesia","Asia",2.2597,98.9919,1416,341200,2278,192,"tropical rainforest","regional city",January,65,65,65,65,65,65,65,65,65,65,65,65,65
DTD,"Datadawai-Borneo Island",ID,"Indonesia","Asia",0.807,114.5291,154,,2015,226,"tropical rainforest","small town",January,63,63,63,63,63,63,63,63,63,63,63,63,63
DTU,"Wudalianchi",CN,"China","Asia",48.441,126.1284,308,243283,2628,105,"continental","regional city",May,32,0,0,0,15,78,75,69,74,76,0,0,0
DUE,"Chitato",AO,"Angola","Asia",-7.4009,20.8185,751,246880,2321,108,"tropical — wet & dry seasons","regional city",June,75,69,69,65,73,88,92,92,79,77,67,65,65
DUJ,"Dubois",US,"United States","North America",41.1783,-78.8987,547,7597,2015,164,"continental","small town",August,36,0,0,0,31,66,70,71,73,73,43,0,0
DUM,"Dumai",ID,"Indonesia","Asia",1.609,101.4335,15,349389,2278,196,"tropical rainforest","regional city",February,65,65,68,65,65,65,65,65,65,65,65,65,65
DUT,"Unalaska",US,"United States","North America",53.8988,-166.545,4,4491,2832,229,"subpolar / tundra","seaside town",August,2,0,0,0,0,0,0,7,13,0,0,0,0
DVL,"Devils Lake",US,"United States","North America",48.1155,-98.9088,440,7351,2321,98,"continental","small town",August,35,0,0,0,21,65,75,79,82,82,14,0,0
DWB,"Soalala",MG,"Madagascar","Asia",-16.1017,45.3588,40,15174,3241,83,"tropical — wet & dry seasons","small town",June,84,71,71,71,85,95,96,94,96,96,83,75,71
DWD,"Dawadmi",SA,"Saudi Arabia","Asia",24.4499,44.1212,920,86861,3416,18,"hot desert","small town",January,68,99,99,99,98,50,20,10,10,40,99,98,99
DYR,"Anadyr",RU,"Russia","Asia",64.7349,177.741,53,15604,2228,144,"subpolar / tundra","seaside town",July,4,0,0,0,0,0,7,26,20,0,0,0,0
DZN,"Zhezkazgan",KZ,"Kazakhstan","Asia",47.709,67.7381,378,104357,2584,82,"semi-arid","regional city",September,44,0,0,0,45,91,91,92,92,93,23,0,0
EAR,"Kearney",US,"United States","North America",40.727,-99.0068,648,33021,2935,86,"hot-summer continental","small town",September,46,0,0,23,63,75,78,81,80,86,57,8,0
EAT,"Wenatchee",US,"United States","North America",47.3989,-120.207,372,33636,2015,94,"hot-summer continental","small town",July,45,0,0,7,43,85,87,89,89,88,49,0,0
EAU,"Eau Claire",US,"United States","North America",44.8658,-91.4843,270,67778,2453,120,"continental","small town",July,35,0,0,0,26,66,69,75,73,75,32,0,0
EAX,"Kwatta",SR,"Suriname","Asia",5.8604,-55.192,1,254169,2540,191,"tropical monsoon","beach resort",September,72,68,73,73,66,66,66,66,75,84,84,79,66
EBA,"Campo nell'Elba (LI)",IT,"Italy","Europe",42.7609,10.2398,5,157017,2190,129,"Mediterranean","beach resort",July,54,21,21,27,42,62,87,88,86,80,69,42,26
EBD,"El-Obeid",SD,"Sudan","Asia",13.1532,30.2327,581,393311,3329,38,"hot desert","regional city",January,66,99,89,59,30,19,37,63,76,71,57,89,99
EBJ,"Esbjerg",DK,"Denmark","Europe",55.5259,8.5534,24,71698,1695,174,"oceanic / maritime","seaside town",July,26,0,0,0,7,39,56,68,65,49,24,0,0
EDL,"Eldoret",KE,"Kenya","Africa",0.4045,35.2389,2099,475716,2716,178,"highland","highland city",February,71,85,86,71,67,67,67,67,67,67,67,67,79
EDO,"Balıkesir",TR,"Türkiye","Asia",39.5525,27.0102,10,238151,2847,97,"Mediterranean","beach resort",July,61,6,13,35,65,90,92,95,95,91,85,48,13
EDR,"Pormpuraaw",AU,"Australia","Oceania",-14.8965,141.6091,2,,2891,82,"tropical — wet & dry seasons","beach resort",July,75,69,69,69,85,94,95,96,96,67,56,51,55
EEK,"Eek",US,"United States","North America",60.2132,-162.044,4,6450,2834,149,"subarctic","seaside town",July,11,0,0,0,0,0,35,46,38,13,0,0,0
EGC,"Bergerac",FR,"France","Europe",44.8253,0.5186,49,28317,1927,158,"oceanic / maritime","small town",July,48,0,7,33,51,76,78,81,81,81,65,26,0
EGS,"Egilsstaðir",IS,"Iceland","Europe",65.2833,-14.4014,22,2572,1331,166,"oceanic / maritime","small town",July,6,0,0,0,0,0,18,28,22,5,0,0,0
EGX,"Egegik",US,"United States","North America",58.1844,-157.3749,26,,2782,164,"subarctic","seaside town",July,8,0,0,0,0,0,14,33,32,13,0,0,0
EIE,"Yeniseysk",RU,"Russia","Asia",58.4742,92.1125,78,19920,2049,201,"subarctic","small town",August,24,0,0,0,0,26,78,76,79,25,0,0,0
EIK,"Yeysk",RU,"Russia","Asia",46.68,38.21,20,87814,1971,128,"humid subtropical","seaside town",August,42,0,0,0,35,82,81,82,85,84,49,0,0
EIS,"Beef Island",VG,"British Virgin Islands","Asia",18.4455,-64.5417,4,8449,2935,209,"semi-arid","beach resort",February,87,92,94,93,91,85,88,86,83,80,77,80,89
EJA,"Barrancabermeja",CO,"Colombia","South America",7.0243,-73.8068,126,191403,2059,178,"tropical monsoon","regional city",December,63,73,56,54,63,63,68,60,57,66,63,63,74
EJH,"Al Wajh",SA,"Saudi Arabia","Asia",26.1986,36.4764,19,26636,3811,1,"hot desert","beach resort",February,100,99,100,100,100,100,100,100,100,100,100,99,99
EJT,"Enejit",MH,"Marshall Islands","Asia",6.0404,171.9846,0,854,,,"tropical rainforest","beach resort",January,63,63,63,63,63,63,63,63,63,63,63,63,63
EKO,"Elko",US,"United States","North America",40.8249,-115.792,1538,20279,3066,80,"hot-summer continental","alpine / mountain town",July,45,0,0,0,29,81,94,95,95,93,54,0,0
EKS,"Shakhtyorsk",RU,"Russia","Asia",49.1903,142.083,15,16677,1971,152,"subarctic","seaside town",August,11,0,0,0,0,0,13,38,48,31,0,0,0
ELC,"Elcho",AU,"Australia","Oceania",-12.0194,135.571,28,2182,2847,100,"tropical — wet & dry seasons","beach resort",July,82,68,68,68,68,88,93,95,95,95,94,88,68
ELD,"El Dorado",US,"United States","North America",33.221,-92.8133,76,18386,2803,101,"humid subtropical","small town",September,58,19,30,60,73,74,77,62,63,79,73,59,24
ELF,"El Fasher",SD,"Sudan","Asia",13.6149,25.3246,728,252609,3373,28,"hot desert","regional city",January,72,99,99,69,50,39,39,61,72,65,68,99,99
ELG,"El Menia",DZ,"Algeria","Asia",30.5807,2.8616,395,57344,3635,14,"hot desert","small town",March,66,58,83,99,99,90,30,0,20,59,99,99,58
ELH,"North Eleuthera",BS,"Bahamas","Asia",25.4758,-76.6808,1,227940,2803,183,"tropical — wet & dry seasons","beach resort",January,79,89,89,88,85,73,68,73,69,68,74,83,88
ELI,"Elim",US,"United States","North America",64.6147,-162.272,50,3727,2707,120,"subarctic","seaside town",July,7,0,0,0,0,0,22,32,25,0,0,0,0
ELM,"Elmira/Corning",US,"United States","North America",42.1599,-76.8916,286,46032,2146,160,"continental","small town",August,34,0,0,0,25,62,72,72,73,72,36,0,0
ELS,"East London",ZA,"South Africa","Africa",-33.0356,27.8259,122,478676,2628,112,"humid subtropical","city break",May,77,69,75,76,77,88,82,80,77,76,77,71,75
EMD,"Emerald",AU,"Australia","Oceania",-23.5675,148.179,190,14906,3110,81,"semi-arid","small town",May,82,63,69,84,92,94,91,93,94,93,89,70,56
EME,"Emden",DE,"Germany","Asia",53.3911,7.2275,0,51526,1515,198,"oceanic / maritime","seaside town",July,30,0,0,0,20,45,63,72,71,56,31,0,0
EMK,"Emmonak",US,"United States","North America",62.7861,-164.491,3,,2782,139,"subarctic","small town",July,7,0,0,0,0,0,14,33,33,7,0,0,0
ENA,"Kenai",US,"United States","North America",60.5709,-151.2452,28,7661,2611,136,"subarctic","seaside town",July,9,0,0,0,0,0,27,38,36,11,0,0,0
ENE,"Ende",ID,"Indonesia","Asia",-8.8491,121.661,8,87269,2803,114,"tropical — wet & dry seasons","beach resort",August,80,68,68,68,74,83,90,91,93,91,85,76,68
ENF,"Enontekio",FI,"Finland","Asia",68.3626,23.4243,303,1765,1429,174,"subarctic","small town",July,8,0,0,0,0,0,23,44,29,0,0,0,0
ENI,"El Nido",PH,"Philippines","Asia",11.2024,119.4161,3,51367,2497,130,"tropical monsoon","beach resort",March,73,85,88,89,86,66,66,66,66,66,66,66,71
ENO,"Encarnación",PY,"Paraguay","Asia",-27.2275,-55.8376,190,74983,2278,104,"humid subtropical","small town",August,68,65,70,65,65,65,72,76,77,71,65,65,65
ENT,"Eniwetok Atoll",MH,"Marshall Islands","Asia",11.3407,162.328,5,,,,"tropical — wet & dry seasons","beach resort",January,74,84,84,84,79,77,77,67,63,63,63,68,80
EOI,"Eday",GB,"United Kingdom","Asia",59.1906,-2.7722,2,7390,1375,245,"oceanic / maritime","seaside town",August,8,0,0,0,0,0,12,24,29,23,11,0,0
EPR,"Esperance",AU,"Australia","Oceania",-33.6844,121.823,137,13883,2584,132,"Mediterranean","seaside town",December,80,87,88,88,88,85,63,55,61,77,87,87,90
EPU,"Pärnu",EE,"Estonia","Europe",58.419,24.4728,11,40228,1991,185,"continental","seaside town",July,28,0,0,0,0,48,71,78,76,53,6,0,0
EQS,"Esquel",AR,"Argentina","South America",-42.908,-71.1395,792,28486,2234,81,"oceanic / maritime","small town",February,38,82,84,68,40,6,0,0,0,14,33,54,77
ERC,"Erzincan",TR,"Türkiye","Asia",39.7102,39.527,1146,150714,2803,117,"continental","alpine / mountain city",July,44,0,0,0,28,71,91,94,94,93,58,0,0
ERF,"Erfurt",DE,"Germany","Europe",50.9783,10.9607,313,218793,1509,174,"oceanic / maritime","regional city",June,35,0,0,0,34,56,76,73,76,71,33,0,0
ERH,"Errachidia",MA,"Morocco","Africa",31.9475,-4.3983,1032,100870,3241,33,"semi-arid","regional city",May,72,55,71,93,93,94,67,29,38,92,93,85,56
ERI,"Erie",US,"United States","North America",42.0831,-80.1739,221,99475,1971,162,"hot-summer continental","small town",August,34,0,0,0,19,55,72,72,76,73,42,0,0
ERL,"Erenhot",CN,"China","Asia",43.4241,112.0911,1006,16427,3110,56,"cold desert","small town",May,44,0,0,0,40,95,93,91,92,94,24,0,0
ESC,"Escanaba",US,"United States","North America",45.7232,-87.0886,180,12334,2146,150,"continental","small town",July,25,0,0,0,0,12,50,77,77,62,18,0,0
ESD,"Eastsound",US,"United States","North America",48.7082,-122.91,4,486903,1796,156,"oceanic / maritime","city break",July,34,0,0,6,19,46,62,86,84,67,29,5,0
ESL,"Elista",RU,"Russia","Europe",46.3739,44.3309,147,106971,2015,122,"hot-summer continental","regional city",August,43,0,0,0,57,81,83,76,87,84,49,0,0
ESM,"Tachina",EC,"Ecuador","South America",0.9785,-79.6266,5,218727,964,148,"tropical — wet & dry seasons","beach resort",August,67,56,56,56,56,59,71,77,80,78,75,75,68
ETM,"Eilat",IL,"Israel","Asia",29.727,35.0141,84,52299,3592,13,"hot desert","small town",March,82,74,98,99,99,90,60,50,50,80,99,99,91
ETZ,"Metz",FR,"France","Europe",48.9821,6.2513,261,409186,1489,176,"oceanic / maritime","city break",September,39,0,0,13,46,68,75,76,74,77,44,0,0
EUA,"Eua Island",TO,"Tonga","Asia",-21.3783,-174.958,107,22400,,,"tropical rainforest","beach resort",July,70,63,63,63,63,70,72,77,76,74,75,71,71
EUN,"Laayoune",EH,"Western Sahara","Africa",27.1425,-13.2249,66,196331,2978,9,"hot desert","beach resort",May,94,94,94,94,95,96,96,96,86,95,91,93,95
EUX,"Oranjestad",BQ,"Caribbean Netherlands","North America",17.4965,-62.9794,34,1097,2935,200,"semi-arid","beach resort",February,86,92,94,93,91,84,87,86,83,80,76,81,89
EVG,"Sveg",SE,"Sweden","Europe",62.0478,14.4229,357,2543,1588,169,"subarctic","small town",July,15,0,0,0,0,18,45,55,44,18,0,0,0
EWB,"New Bedford",US,"United States","North America",41.6761,-70.9569,20,136082,2497,124,"oceanic / maritime","seaside town",July,37,0,0,0,19,52,75,78,78,75,48,19,0
EWN,"New Bern",US,"United States","North America",35.073,-77.0429,4,30070,2672,114,"humid subtropical","small town",April,58,20,32,52,77,74,72,67,67,67,75,58,31
FBD,"Fayzabad",AF,"Afghanistan","Asia",37.1221,70.5201,1168,44421,2577,68,"semi-arid","small town",July,57,0,0,36,72,90,93,94,94,94,77,30,0
FBE,"Francisco Beltrão",BR,"Brazil","South America",-26.0594,-53.0638,647,96666,2190,143,"humid subtropical","small town",August,65,64,67,67,68,64,57,61,76,69,64,64,64
FCN,"Cuxhaven",DE,"Germany","Asia",53.7677,8.6592,22,1973896,1588,193,"oceanic / maritime","city break",August,27,0,0,0,13,39,56,66,72,56,24,0,0
FDE,"Førde",NO,"Norway","Europe",61.3911,5.7569,318,10339,1403,280,"oceanic / maritime","small town",July,12,0,0,0,0,5,35,44,39,25,0,0,0
FDU,"Bandundu",CD,"Congo - Kinshasa","Asia",-3.3113,17.3817,323,202904,2102,116,"tropical — wet & dry seasons","regional city",July,70,68,65,64,64,69,85,88,81,69,64,64,64
FEC,"Feira de Santana",BR,"Brazil","South America",-12.2007,-38.9062,234,619609,2059,222,"tropical — wet & dry seasons","city break",October,76,71,79,77,72,68,71,73,79,81,82,82,74
FGU,"Fangatau",PF,"French Polynesia","Oceania",-15.82,-140.8881,0,,,,"tropical — wet & dry seasons","beach resort",August,77,68,71,75,77,77,80,84,85,85,79,74,70
FHZ,"Fakahina",PF,"French Polynesia","Oceania",-15.9923,-140.1642,3,,,,"tropical — wet & dry seasons","beach resort",August,77,68,71,75,78,77,80,84,85,85,79,75,70
FIE,"Fair Isle",GB,"United Kingdom","Asia",59.5347,-1.6285,70,7150,1265,252,"oceanic / maritime","seaside town",July,5,0,0,0,0,0,6,18,17,17,5,0,0
FJR,"Fujairah",AE,"United Arab Emirates","Asia",25.1084,56.3281,26,118933,3373,13,"hot desert","beach resort",April,74,95,97,96,98,49,29,39,49,59,89,97,96
FKI,"Kisangani",CD,"Congo - Kinshasa","Asia",0.4816,25.338,429,1181788,1971,139,"tropical rainforest","city break",January,68,79,70,63,63,65,70,75,67,63,63,63,70
FKQ,"Fakfak",ID,"Indonesia","Asia",-2.9205,132.267,131,18900,1840,210,"tropical rainforest","beach resort",January,62,62,62,62,62,62,62,62,62,62,62,62,62
FKS,"Fukushima",JP,"Japan","Asia",37.2274,140.431,371,294237,1840,230,"humid subtropical","regional city",May,36,0,0,0,34,67,64,62,63,62,52,25,0
FLA,"Florencia",CO,"Colombia","South America",1.5892,-75.5644,244,168346,1445,217,"tropical monsoon","regional city",August,66,71,67,59,59,60,67,73,77,74,60,59,61
FLG,"Flagstaff",US,"United States","North America",35.1398,-111.6698,2133,70320,3416,65,"continental","alpine / mountain town",June,51,0,0,16,56,97,98,87,87,93,63,16,0
FLS,"Whitemark",AU,"Australia","Oceania",-40.0917,147.993,7,308,2234,153,"oceanic / maritime","seaside town",January,46,77,76,68,55,41,26,20,20,27,34,47,61
FLW,"Santa Cruz das Flores",PT,"Portugal","Europe",39.4553,-31.1314,31,1725,1621,189,"Mediterranean","beach resort",August,41,23,24,24,25,32,46,69,73,69,47,35,27
FLZ,"Sibolga (Pinangsori)",ID,"Indonesia","Asia",1.5571,98.8871,9,266882,2540,172,"tropical rainforest","beach resort",January,66,66,66,66,66,66,66,66,66,66,66,66,66
FMA,"Formosa",AR,"Argentina","South America",-26.2127,-58.2281,60,222226,2584,95,"humid subtropical","regional city",August,69,49,57,60,67,73,82,84,88,82,68,67,53
FMI,"Kalemie",CD,"Congo - Kinshasa","Asia",-5.8756,29.25,778,206257,2628,109,"tropical — wet & dry seasons","regional city",June,79,67,70,67,71,90,94,94,93,90,80,67,67
FMT,"Faresmaathodaa",MV,"Maldives","Asia",0.1926,73.1968,2,11140,,,"tropical rainforest","beach resort",March,67,73,78,79,67,63,68,63,63,63,63,63,63
FNA,"Freetown (Lungi-Town)",SL,"Sierra Leone","Asia",8.6164,-13.1955,26,827000,2102,157,"tropical monsoon","coastal city break",January,76,91,91,91,86,66,64,64,64,64,64,78,90
FND,"Funadhoo",MV,"Maldives","Asia",6.1624,73.2875,0,2900,,,"tropical — wet & dry seasons","beach resort",February,70,83,86,83,77,63,63,63,63,65,63,63,68
FNI,"Nîmes/Garons",FR,"France","Europe",43.7574,4.4164,92,1400000,2540,100,"Mediterranean","city break",July,56,7,14,42,68,82,86,88,87,82,74,31,7
FNJ,"Pyongyang",KP,"North Korea","Asia",39.2241,125.67,25,3300000,2492,109,"hot-summer continental","major city break",May,40,0,0,0,49,80,76,66,66,76,64,0,0
FOA,"Foula",GB,"United Kingdom","Asia",60.1217,-2.0532,46,6760,1214,256,"oceanic / maritime","seaside town",July,5,0,0,0,0,0,6,18,17,17,5,0,0
FOD,"Fort Dodge",US,"United States","North America",42.5526,-94.1912,340,24649,2584,108,"hot-summer continental","small town",September,39,0,0,0,46,74,72,78,74,79,48,0,0
FOG,"Foggia (FG)",IT,"Italy","Europe",41.4336,15.5346,80,954265,2321,120,"Mediterranean","city break",July,61,14,21,42,70,85,86,87,87,83,82,54,21
FON,"La Fortuna",CR,"Costa Rica","Asia",10.4693,-84.5791,107,3010,2146,190,"tropical — wet & dry seasons","small town",February,72,85,87,87,80,64,64,64,64,64,64,64,80
FPO,"Freeport",BS,"Bahamas","Asia",26.558,-78.6956,1,26910,2935,154,"tropical — wet & dry seasons","beach resort",January,79,88,88,85,83,76,69,69,69,69,77,86,88
FRD,"Friday Harbor",US,"United States","North America",48.5237,-123.0246,29,2340,1883,152,"oceanic / maritime","seaside town",July,34,0,0,6,19,47,62,86,85,67,29,5,0
FRE,"Fera",SB,"Solomon Islands","Asia",-8.1075,159.577,0,2700,2015,230,"tropical rainforest","beach resort",January,63,63,63,63,63,63,63,63,63,63,63,63,63
FRL,"Forlì (FC)",IT,"Italy","Europe",44.1948,12.0701,27,1500000,1971,130,"humid subtropical","city break",July,48,0,0,26,53,78,82,84,82,77,63,25,0
FRO,"Florø",NO,"Norway","Europe",61.5836,5.0247,6,9024,1347,285,"oceanic / maritime","seaside town",July,11,0,0,0,0,11,27,35,34,20,0,0,0
FRS,"San Benito",GT,"Guatemala","North America",16.9137,-89.8661,121,30764,2453,153,"tropical monsoon","small town",February,68,77,84,76,60,55,66,66,66,66,66,66,73
FRW,"Francistown",BW,"Botswana","Africa",-21.1592,27.4688,1001,103417,3197,55,"semi-arid","regional city",July,90,80,82,87,94,97,97,98,98,97,84,86,79
FSH,"Singkil",ID,"Indonesia","Asia",2.2696,97.9679,3,46800,2409,148,"tropical rainforest","beach resort",January,65,65,65,65,65,65,65,65,65,65,65,65,65
FSM,"Fort Smith",US,"United States","North America",35.3366,-94.3674,135,88194,2716,97,"humid subtropical","small town",September,53,0,20,56,72,67,76,62,60,77,75,53,13
FSP,"Saint-Pierre",PM,"St. Pierre & Miquelon","North America",46.7627,-56.175,3,6200,1427,175,"subarctic","seaside town",August,12,0,0,0,0,0,6,35,53,35,11,0,0
FTE,"El Calafate",AR,"Argentina","South America",-50.282,-72.0539,197,8000,2085,65,"oceanic / maritime","small town",January,35,77,77,55,28,0,0,0,0,14,36,57,70
FTI,"Fitiuta Village",AS,"American Samoa","Oceania",-14.2161,-169.4238,35,873,,,"tropical rainforest","beach resort",August,68,63,63,63,63,67,76,77,79,75,66,63,63
FTU,"Tôlanaro",MG,"Madagascar","Africa",-25.0381,46.9561,8,71258,2716,144,"tropical monsoon","beach resort",August,76,67,67,67,70,77,84,84,86,86,81,75,67
FUJ,"Goto",JP,"Japan","Asia",32.6663,128.833,76,34391,1752,216,"humid subtropical","beach resort",October,41,6,12,17,31,51,61,61,61,61,69,48,19
FUN,"Funafuti",TV,"Tuvalu","Oceania",-8.5239,179.197,3,6320,,,"tropical rainforest","beach resort",September,63,63,63,63,63,63,63,63,63,65,63,63,63
FUT,"Futuna Island",WF,"Wallis & Futuna","Oceania",-14.3116,-178.0665,8,480,,,"tropical rainforest","beach resort",July,67,63,63,63,63,63,70,78,78,74,63,63,63
FYJ,"Fuyuan",CN,"China","Asia",48.1972,134.363,60,30000,2365,127,"hot-summer continental","small town",September,34,0,0,0,22,74,76,69,70,80,14,0,0
FYN,"Fuyun",CN,"China","Asia",46.8042,89.512,936,19772,2891,77,"continental","alpine / mountain town",June,38,0,0,0,23,77,92,92,92,78,0,0,0
FYU,"Fort Yukon",US,"United States","North America",66.5717,-145.25,129,428,2508,85,"subarctic","small town",June,23,0,0,0,0,37,87,83,63,7,0,0,0
GAE,"Gabès",TN,"Tunisia","Asia",33.7337,9.9194,119,219517,3292,30,"hot desert","regional city",May,76,56,72,95,96,97,69,39,49,85,95,94,63
GAF,"Gafsa",TN,"Tunisia","Asia",34.422,8.8225,316,95242,3154,40,"hot desert","small town",May,73,47,64,94,94,95,68,39,48,94,94,86,55
GAL,"Galena",US,"United States","North America",64.7362,-156.937,44,3299,2650,120,"subarctic","small town",June,14,0,0,0,0,14,60,58,38,0,0,0,0
GAM,"Gambell",US,"United States","North America",63.7677,-171.7333,7,640,1851,179,"subpolar / tundra","seaside town",January,0,0,0,0,0,0,0,0,0,0,0,0,0
GAN,"Gan",MV,"Maldives","Asia",-0.693,73.1526,0,11140,,,"tropical rainforest","beach resort",February,66,68,78,77,66,63,66,63,63,63,63,63,63
GAQ,"Gao",ML,"Mali","Asia",16.2485,-0.0054,257,133110,3110,28,"hot desert","regional city",January,44,97,78,39,0,0,0,24,43,44,38,68,97
GAX,"Gamba",GA,"Gabon","Asia",-2.7853,10.0472,7,12565,1314,128,"tropical — wet & dry seasons","beach resort",July,68,58,58,58,58,70,85,86,85,82,62,58,58
GAY,"Gaya",IN,"India","Asia",24.7443,84.9512,112,474093,2321,52,"Mediterranean","city break",November,61,90,90,63,18,0,19,58,65,65,81,92,92
GBB,"Gabala",AZ,"Azerbaijan","Asia",40.8086,47.7254,338,127400,1971,76,"semi-arid","regional city",June,52,0,0,35,69,82,84,77,78,84,83,28,0
GBI,"Kalaburagi",IN,"India","Asia",17.3082,76.9652,466,543147,2759,45,"semi-arid","city break",January,63,95,66,37,18,9,60,68,68,68,81,93,95
GBJ,"Grand-Bourg",GP,"Guadeloupe","Asia",15.8689,-61.2701,5,5867,2672,201,"tropical monsoon","beach resort",February,75,83,86,86,80,75,72,67,67,67,67,67,77
GBZ,"Claris",NZ,"New Zealand","Asia",-36.2414,175.472,4,1547200,1971,186,"oceanic / maritime","coastal city break",February,49,67,72,71,57,47,35,29,29,31,39,47,58
GCC,"Gillette",US,"United States","North America",44.3489,-105.539,1319,32649,2759,103,"semi-arid","small town",August,41,0,0,0,29,67,86,88,90,90,37,0,0
GCH,"Gachsaran",IR,"Iran","Asia",30.3339,50.8338,733,122604,3154,50,"semi-arid","regional city",May,60,7,31,68,93,97,58,49,48,88,96,65,21
GCK,"Garden City",US,"United States","North America",37.9275,-100.724,879,27005,2978,76,"humid subtropical","small town",September,56,0,0,53,87,83,81,65,82,89,88,39,0
GDB,"Gondia",IN,"India","Asia",21.5268,80.2903,302,132813,2759,61,"tropical — wet & dry seasons","regional city",November,61,92,83,46,0,0,34,68,68,68,86,94,94
GDE,"Gode",ET,"Ethiopia","Asia",5.9351,43.5786,282,67900,3154,34,"hot desert","small town",July,62,59,49,38,48,74,77,78,68,58,59,70,68
GDQ,"Azezo",ET,"Ethiopia","Asia",12.5199,37.434,1969,466000,3022,82,"tropical — wet & dry seasons","highland city",January,84,97,96,94,89,76,69,69,69,69,85,93,96
GDT,"Cockburn Town",TC,"Turks & Caicos Islands","Asia",21.4445,-71.1423,3,3720,2540,161,"semi-arid","beach resort",February,85,88,90,89,89,82,86,87,84,80,79,82,87
GDV,"Glendive",US,"United States","North America",47.1377,-104.8069,747,5490,2628,92,"semi-arid","small town",August,40,0,0,0,37,73,82,86,88,88,30,0,0
GDZ,"Gelendzhik",RU,"Russia","Europe",44.5821,38.0125,33,50715,2102,140,"humid subtropical","beach resort",August,38,0,0,0,20,60,79,80,85,78,45,13,0
GEC,"Lefkoniko (Geçitkale)",CY,"Cyprus","Asia",35.2359,33.7201,44,224300,3110,64,"semi-arid","beach resort",June,78,35,37,62,87,96,97,97,97,96,95,84,49
GEL,"Santo Ângelo",BR,"Brazil","South America",-28.2825,-54.1696,320,76917,2321,148,"humid subtropical","small town",August,67,65,72,70,65,67,70,65,73,66,65,65,65
GER,"Nueva Gerona",CU,"Cuba","Asia",21.8347,-82.7838,17,20264,2759,118,"semi-arid","beach resort",March,85,91,91,92,90,82,77,81,75,75,79,90,91
GET,"Moonyoonooka",AU,"Australia","Oceania",-28.7961,114.707,34,38595,3154,81,"semi-arid","beach resort",November,90,95,85,95,94,89,87,71,81,92,95,96,96
GEV,"Gällivare",SE,"Sweden","Europe",67.1324,20.8146,304,10362,1537,171,"subarctic","small town",July,9,0,0,0,0,0,29,49,35,0,0,0,0
GFF,"Griffith",AU,"Australia","Oceania",-34.2508,146.067,131,20569,2803,94,"semi-arid","small town",April,74,63,79,88,91,76,44,37,52,90,89,88,89
GFK,"Grand Forks",US,"United States","North America",47.9493,-97.1761,255,57011,2321,97,"continental","small town",September,34,0,0,0,21,64,73,78,80,81,14,0,0
GGF,"Almeirim",BR,"Brazil","South America",-1.4795,-52.5782,190,34280,2059,237,"tropical monsoon","small town",September,67,63,63,63,63,63,63,68,80,83,66,64,68
GGG,"Longview",US,"United States","North America",32.384,-94.7115,105,82287,2672,95,"humid subtropical","small town",September,61,26,38,67,77,73,76,64,57,79,73,73,31
GGJ,"Guaíra",BR,"Brazil","Asia",-24.0811,-54.1917,268,39279,2234,102,"humid subtropical","small town",July,71,67,67,73,72,66,77,80,79,75,64,64,64
GGR,"Garowe",SO,"Somalia","Asia",8.4585,48.5681,444,57300,3022,42,"hot desert","small town",January,79,97,97,77,65,65,65,77,77,66,75,94,97
GGS,"Gobernador Gregores",AR,"Argentina","Asia",-48.7831,-70.15,357,4497,2015,58,"semi-arid","small town",January,39,87,87,65,29,0,0,0,0,15,43,65,79
GGT,"Moss Town",BS,"Bahamas","Asia",23.5626,-75.878,2,7314,2672,159,"semi-arid","beach resort",March,86,90,91,92,89,81,81,84,83,80,79,86,90
GHA,"El Atteuf",DZ,"Algeria","Asia",32.3841,3.7941,444,142913,3416,23,"hot desert","regional city",April,68,57,82,97,98,88,39,0,20,68,98,98,65
GHB,"Governor's Harbour",BS,"Bahamas","Asia",25.2847,-76.331,6,3137,2716,177,"tropical — wet & dry seasons","beach resort",February,80,88,89,88,85,74,71,75,73,68,74,83,88
GHT,"Ghat",LY,"Libya","Asia",25.1456,10.1426,696,14630,3679,7,"hot desert","small town",January,67,100,99,100,80,40,20,20,20,40,89,100,99
GIC,"Boigu",AU,"Australia","Asia",-9.2328,142.218,3,199,2278,156,"tropical — wet & dry seasons","beach resort",September,76,65,65,65,65,76,85,87,89,90,87,74,59
GID,"Gitega",BI,"Burundi","Asia",-3.4172,29.9113,1646,64904,2278,189,"oceanic / maritime","highland town",July,75,65,67,65,65,79,89,90,88,85,74,65,65
GIL,"Gilgit",PK,"Pakistan","Asia",35.9188,74.3336,1459,216760,2584,57,"semi-arid","regional city",September,45,0,0,0,44,83,90,90,90,91,54,0,0
GIS,"Gisborne",NZ,"New Zealand","Oceania",-38.6633,177.978,3,38100,2102,140,"oceanic / maritime","seaside town",February,56,78,79,75,63,50,29,22,30,44,57,73,77
GJA,"Guanaja",HN,"Honduras","Asia",16.4454,-85.9066,7,5538,2409,192,"tropical monsoon","beach resort",April,69,65,75,80,84,72,65,65,65,65,65,65,65
GJL,"Jijel",DZ,"Algeria","Africa",36.7941,5.8737,7,605179,2803,104,"Mediterranean","coastal city break",July,66,33,28,42,57,80,93,94,92,87,85,59,39
GKA,"Goronka",PG,"Papua New Guinea","Asia",-6.0817,145.392,1585,18503,1621,257,"tropical rainforest","highland town",August,66,60,60,60,60,66,72,75,76,72,71,62,60
GKK,"Huvadhu Atoll",MV,"Maldives","Asia",0.7324,73.4336,8,6376,,,"tropical rainforest","beach resort",March,67,73,78,79,67,63,68,63,63,63,63,63,63
GKN,"Gulkana",US,"United States","North America",62.1559,-145.4547,477,110,2472,97,"subarctic","small town",July,18,0,0,0,0,29,55,67,53,14,0,0,0
GLF,"Golfito",CR,"Costa Rica","North America",8.654,-83.1822,19,6777,2190,192,"tropical monsoon","beach resort",February,69,80,85,74,71,64,64,64,64,64,64,64,69
GLK,"Galcaio",SO,"Somalia","Asia",6.7808,47.4547,287,61200,3066,43,"hot desert","small town",January,79,97,78,67,69,81,75,87,76,65,78,82,87
GLT,"Gladstone",AU,"Australia","Oceania",-23.8698,151.2254,15,45185,2935,101,"humid subtropical","beach resort",September,84,72,69,75,89,91,88,91,91,92,86,86,74
GLV,"Golovin",US,"United States","North America",64.5505,-163.007,15,175,2705,120,"subarctic","seaside town",July,7,0,0,0,0,0,22,33,25,0,0,0,0
GMA,"Gemena",CD,"Congo - Kinshasa","Asia",3.2354,19.7713,420,198056,2102,130,"tropical — wet & dry seasons","regional city",January,68,85,74,64,64,64,64,64,64,64,64,66,84
GMB,"Gambela",ET,"Ethiopia","Asia",8.1288,34.5631,542,97600,2935,73,"tropical — wet & dry seasons","small town",November,62,57,38,27,47,69,69,69,69,69,69,83,73
GME,"Gomel",BY,"Belarus","Asia",52.527,31.0167,138,501102,1805,163,"continental","city break",August,34,0,0,0,27,70,76,74,78,74,13,0,0
GMI,"Gasmata",PG,"Papua New Guinea","Asia",-6.2711,150.331,1,18847,2102,236,"tropical rainforest","beach resort",January,64,64,64,64,64,64,64,64,64,64,64,64,64
GMO,"Gombe",NG,"Nigeria","Asia",10.2989,10.9,471,560000,2847,62,"tropical — wet & dry seasons","city break",October,65,86,57,38,27,50,70,68,68,68,90,76,86
GMQ,"Golog (Maqên)",CN,"China","Asia",34.4181,100.3011,3776,59900,2628,151,"subpolar / tundra","alpine / mountain town",August,12,0,0,0,0,7,31,43,44,20,0,0,0
GMZ,"Alajero, La Gomera Island",ES,"Spain","Africa",28.0296,-17.2146,219,150661,2672,45,"semi-arid","beach resort",August,73,60,53,53,62,70,78,86,94,93,89,73,66
GNJ,"Ganja",AZ,"Azerbaijan","Asia",40.7387,46.3204,326,330663,2102,67,"semi-arid","regional city",August,57,0,7,43,77,81,84,87,88,87,84,37,7
GNS,"Gunungsitoli",ID,"Indonesia","Asia",1.1663,97.7052,6,136707,2453,158,"tropical rainforest","beach resort",January,66,66,66,66,66,66,66,66,66,66,66,66,66
GNU,"Goodnews",US,"United States","North America",59.1176,-161.5752,4,258,2863,167,"subarctic","small town",August,5,0,0,0,0,0,7,20,25,6,0,0,0
GOM,"Goma",CD,"Congo - Kinshasa","Asia",-1.6668,29.238,1530,432587,2015,181,"highland","highland city",July,68,67,67,63,63,64,77,82,74,65,63,63,63
GOP,"Gorakhpur",IN,"India","Asia",26.7397,83.4497,84,1324570,2409,45,"Mediterranean","city break",November,61,91,90,73,18,0,13,52,59,65,85,93,92
GOQ,"Golmud",CN,"China","Asia",36.4006,94.7861,2843,215214,3022,31,"cold desert","regional city",August,42,0,0,0,40,72,94,94,95,80,24,0,0
GOU,"Garoua",CM,"Cameroon","Africa",9.3348,13.3721,230,34957,2927,85,"tropical — wet & dry seasons","small town",October,57,58,29,19,35,54,71,69,69,69,84,67,58
GOV,"Nhulunbuy",AU,"Australia","Oceania",-12.2694,136.818,53,3350,2803,99,"tropical — wet & dry seasons","beach resort",August,81,68,68,68,68,83,92,93,94,94,93,88,68
GOY,"Tura",RU,"Russia","Asia",64.3335,100.4329,618,5444,1920,192,"subarctic","small town",July,11,0,0,0,0,0,44,53,30,0,0,0,0
GPB,"Guarapuava",BR,"Brazil","South America",-25.3883,-51.5235,1062,182093,2146,172,"oceanic / maritime","regional city",August,66,64,64,69,73,67,56,61,75,68,64,66,64
GPI,"Guapi",CO,"Colombia","South America",2.5701,-77.898,6,13853,1095,255,"tropical monsoon","beach resort",August,62,62,58,58,57,57,64,70,76,72,57,57,59
GPS,"Isla Baltra",EC,"Ecuador","South America",-0.4538,-90.2659,46,12696,2409,146,"hot desert","beach resort",July,89,86,82,84,83,90,91,92,91,92,91,92,91
GRI,"Grand Island",US,"United States","North America",40.9675,-98.3096,560,51440,2978,88,"hot-summer continental","small town",September,45,0,0,15,63,74,76,82,80,85,57,8,0
GRJ,"George",ZA,"South Africa","Africa",-34.0056,22.3789,192,188580,2584,118,"oceanic / maritime","seaside town",January,82,88,88,85,87,88,73,65,70,80,86,85,88
GRQ,"Groningen",NL,"Netherlands","Europe",53.1191,6.5777,4,244807,1448,206,"oceanic / maritime","regional city",June,34,0,0,0,33,57,75,72,72,63,31,0,0
GRW,"Santa Cruz da Graciosa",PT,"Portugal","Europe",39.0922,-28.0298,22,1776,1708,189,"Mediterranean","beach resort",August,50,31,31,32,33,46,60,77,83,78,55,44,35
GRY,"Grímsey/Sandvík",IS,"Iceland","Europe",66.5458,-18.0173,21,3234,1162,181,"subpolar / tundra","seaside town",January,0,0,0,0,0,0,0,0,0,0,0,0,0
GST,"Gustavus",US,"United States","North America",58.4253,-135.707,8,31555,1935,200,"oceanic / maritime","seaside town",July,12,0,0,0,0,10,32,42,42,21,0,0,0
GTA,"Gatokae",SB,"Solomon Islands","Asia",-8.7384,158.2028,11,,2059,220,"tropical rainforest","beach resort",January,63,63,63,63,63,63,63,63,63,63,63,63,63
GTE,"Groote Eylandt",AU,"Australia","Oceania",-13.9724,136.4586,12,1191,3022,82,"tropical — wet & dry seasons","beach resort",August,85,69,69,69,75,93,96,96,97,96,95,88,74
GTR,"Columbus/W Point/Starkville",US,"United States","North America",33.4503,-88.5914,79,25366,2497,108,"humid subtropical","small town",September,57,18,28,58,68,72,73,64,66,75,74,63,22
GUB,"San Quintín",MX,"Mexico","North America",28.0261,-114.024,5,4777,3110,6,"hot desert","beach resort",April,91,96,96,96,97,97,96,78,67,75,96,96,96
GUC,"Gunnison",US,"United States","North America",38.5347,-106.9346,2336,6076,3154,84,"subarctic","alpine / mountain town",June,32,0,0,0,0,38,94,89,89,68,8,0,0
GUP,"Gallup",US,"United States","Asia",35.5117,-108.7882,1970,23240,3373,68,"semi-arid","small town",June,54,0,0,24,64,97,98,90,91,93,72,16,0
GUR,"Gurney",PG,"Papua New Guinea","Asia",-10.3115,150.334,20,10025,2234,198,"tropical rainforest","beach resort",December,65,64,64,64,64,64,64,65,68,64,66,66,72
GUZ,"Guarapari",BR,"Brazil","South America",-20.6465,-40.4919,11,124656,2365,197,"tropical — wet & dry seasons","beach resort",July,75,67,75,67,75,79,83,84,84,84,75,65,65
GVR,"Governador Valadares",BR,"Brazil","South America",-18.8959,-41.9829,170,250878,1883,189,"tropical — wet & dry seasons","regional city",June,75,63,71,69,79,84,87,87,87,84,68,62,62
GWD,"Gwadar",PK,"Pakistan","Asia",25.2967,62.4988,18,75694,3329,5,"hot desert","beach resort",February,73,96,98,98,59,30,39,59,69,59,69,98,97
GWL,"Gwalior",IN,"India","Asia",26.2933,78.2278,188,1054420,2803,36,"semi-arid","city break",November,61,93,93,75,19,0,0,48,61,68,92,94,94
GWT,"Sylt",DE,"Germany","Europe",54.9132,8.3405,7,85838,1658,186,"oceanic / maritime","seaside town",August,18,0,0,0,0,13,38,49,53,43,18,0,0
GXF,"Seiyun",YE,"Yemen","Asia",15.9659,48.7881,641,105552,3022,23,"hot desert","regional city",January,64,97,97,87,67,39,19,19,19,39,87,97,97
GXG,"Negage",AO,"Angola","Asia",-7.7545,15.2877,1258,92950,2102,82,"tropical — wet & dry seasons","small town",July,76,74,72,64,66,81,90,91,89,82,69,64,70
GXH,"Gannan (Xiahe)",CN,"China","Asia",34.819,102.6223,3185,534555,2409,150,"subarctic","alpine / mountain city",July,20,0,0,0,14,33,50,60,55,31,0,0,0
GYA,"Guayaramerín",BO,"Bolivia","Asia",-10.8886,-65.381,138,36008,1883,136,"tropical — wet & dry seasons","small town",July,64,62,62,62,65,76,85,87,51,47,46,62,62
GYM,"Guaymas",MX,"Mexico","North America",27.969,-110.925,13,117253,2891,27,"hot desert","beach resort",April,76,94,94,95,96,77,38,48,48,48,83,94,95
GYU,"Guyuan (Yuanzhou)",CN,"China","Asia",36.0789,106.2169,1736,504848,2409,97,"continental","alpine / mountain city",May,40,0,0,0,59,84,80,76,75,72,36,0,0
GYY,"Gary",US,"United States","North America",41.6171,-87.4132,178,77156,2409,128,"hot-summer continental","small town",September,40,0,0,0,44,72,74,74,74,78,57,7,0
GYZ,"Cosmo Newbery",AU,"Australia","Asia",-28.0345,123.8151,467,143,3197,97,"hot desert","small town",August,82,44,61,92,94,95,80,80,97,97,95,85,65
GZG,"Garzê (Garzê)",CN,"China","Asia",31.7575,99.5542,4096,72698,2365,158,"subpolar / tundra","alpine / mountain town",August,17,0,0,0,0,34,40,45,49,31,0,0,0
GZO,"Gizo",SB,"Solomon Islands","Asia",-8.0978,156.864,2,7177,1971,243,"tropical rainforest","beach resort",January,63,63,63,63,63,63,63,63,63,63,63,63,63
HAA,"Hasvik",NO,"Norway","Europe",70.4867,22.1397,6,15094,1260,230,"subpolar / tundra","seaside town",July,1,0,0,0,0,0,0,6,6,0,0,0,0
HAC,"Hachijojima",JP,"Japan","Asia",33.1148,139.7856,89,7211,1752,206,"humid subtropical","beach resort",August,39,12,12,16,26,41,51,61,63,61,56,42,23
HAD,"Halmstad",SE,"Sweden","Europe",56.6911,12.8202,26,70480,1736,170,"oceanic / maritime","seaside town",July,30,0,0,0,20,52,67,71,70,57,18,0,0
HAL,"Halali",NA,"Namibia","Asia",-19.0285,16.4585,1102,5000,3373,62,"semi-arid","small town",May,85,74,81,86,95,99,99,99,99,89,58,65,71
HAQ,"Haa Dhaalu Atoll",MV,"Maldives","Asia",6.7432,73.1671,3,9500,,,"tropical — wet & dry seasons","beach resort",February,71,85,86,84,78,63,63,63,63,65,63,63,70
HBQ,"Haibei (Qilian)",CN,"China","Asia",38.0081,100.6451,3149,69902,3022,93,"subpolar / tundra","alpine / mountain town",July,12,0,0,0,0,7,35,47,40,14,0,0,0
HBX,"Hubballi",IN,"India","Asia",15.3611,75.0821,664,943788,2716,67,"tropical — wet & dry seasons","city break",January,70,95,76,46,36,58,67,67,67,67,76,90,94
HCJ,"Hechi (Jinchengjiang)",CN,"China","Asia",24.8043,107.7108,674,3830000,1445,172,"humid subtropical","major city break",November,64,47,75,75,70,59,59,59,59,62,72,78,54
HCR,"Holy Cross",US,"United States","North America",62.1883,-159.775,21,176,2767,130,"subarctic","small town",July,15,0,0,0,0,14,56,60,45,7,0,0,0
HDF,"Zirchow",DE,"Germany","Europe",53.8787,14.1523,20,68082,1698,166,"oceanic / maritime","seaside town",August,30,0,0,0,14,40,64,73,76,65,26,0,0
HDK,"Kulhudhuffushi",MV,"Maldives","Asia",6.6308,73.0678,0,9500,,,"tropical — wet & dry seasons","beach resort",February,71,85,86,84,78,63,63,63,63,65,63,63,70
HDM,"Hamadan",IR,"Iran","Asia",34.8664,48.5607,1753,528256,2716,84,"Mediterranean","alpine / mountain city",September,52,0,0,22,57,91,94,76,85,95,91,15,0
HDS,"Hoedspruit",ZA,"South Africa","Asia",-24.3619,31.0529,523,3782,3022,61,"semi-arid","small town",June,87,75,81,81,88,95,96,96,96,94,89,81,77
HEA,"Herāt",AF,"Afghanistan","Asia",34.21,62.2283,980,574300,2978,41,"semi-arid","city break",September,67,8,30,75,90,95,77,68,77,97,96,68,22
HEH,"Heho",MM,"Myanmar (Burma)","Asia",20.7471,96.792,1186,93041,2409,127,"semi-arid","small town",February,83,91,93,92,89,77,77,71,69,76,78,89,92
HEI,"Oesterdeichstrich",DE,"Germany","Europe",54.1533,8.9017,1,1973896,1664,193,"oceanic / maritime","city break",August,27,0,0,0,13,39,56,66,72,56,24,0,0
HEK,"Heihe",CN,"China","Asia",50.1716,127.3089,320,223832,2472,114,"continental","regional city",June,30,0,0,0,7,68,75,68,73,68,0,0,0
HFA,"Haifa",IL,"Israel","Asia",32.8102,35.0437,4,1011000,3110,60,"Mediterranean","coastal city break",June,80,43,46,65,84,95,97,97,97,97,92,85,57
HFN,"Höfn",IS,"Iceland","Europe",64.2956,-15.2272,2,1690,1320,181,"oceanic / maritime","seaside town",July,5,0,0,0,0,0,16,25,19,5,0,0,0
HFS,"Råda",SE,"Sweden","Europe",60.0201,13.5789,143,61492,1674,169,"subarctic","small town",July,20,0,0,0,0,30,52,68,56,31,0,0,0
HFT,"Hammerfest",NO,"Norway","Europe",70.6797,23.6686,76,11448,1323,246,"subarctic","seaside town",July,5,0,0,0,0,0,6,28,23,0,0,0,0
HGA,"Hargeisa",SO,"Somalia","Africa",9.5141,44.0835,1362,477876,3066,44,"hot desert","city break",January,92,96,96,94,83,90,94,93,89,90,92,94,94
HGD,"Hughenden",AU,"Australia","Asia",-20.815,144.225,316,1253,3197,67,"semi-arid","small town",August,78,52,64,81,94,96,95,96,97,96,66,53,43
HGI,"Hollongi",IN,"India","Asia",26.9668,93.6388,104,126736,2453,91,"humid subtropical","regional city",January,76,91,88,82,66,66,66,66,66,66,72,89,91
HGL,"Helgoland",DE,"Germany","Europe",54.1853,7.9158,2,1333,1614,194,"oceanic / maritime","seaside town",August,21,0,0,0,0,19,44,54,60,49,24,0,0
HGN,"Mae Hong Son",TH,"Thailand","Asia",19.3013,97.9758,269,9109,2672,138,"tropical — wet & dry seasons","small town",February,71,92,94,64,42,47,60,67,67,67,72,88,92
HGO,"Korhogo",CI,"Côte d’Ivoire","Africa",9.3872,-5.5567,368,440926,2628,98,"tropical — wet & dry seasons","city break",November,65,66,46,43,56,62,72,67,67,67,77,82,75
HGR,"Hagerstown",US,"United States","North America",39.7088,-77.728,211,40432,2321,132,"humid subtropical","small town",August,42,0,0,6,50,71,72,73,75,72,62,20,0
HGU,"Mount Hagen",PG,"Papua New Guinea","Asia",-5.8282,144.2994,1635,33623,1533,278,"tropical rainforest","highland town",July,63,60,60,60,60,60,64,71,71,65,64,60,60
HHH,"Hilton Head",US,"United States","North America",32.2244,-80.6975,4,40512,2716,112,"humid subtropical","beach resort",May,63,35,40,53,75,79,68,71,67,76,79,71,46
HHQ,"Hua Hin",TH,"Thailand","Asia",12.6362,99.9515,10,126355,2540,121,"tropical — wet & dry seasons","beach resort",February,75,87,91,83,81,66,66,66,66,66,66,77,89
HHR,"Hawthorne",US,"United States","North America",33.9228,-118.335,18,88451,3154,34,"semi-arid","seaside town",June,87,63,63,83,94,96,98,97,98,97,95,93,64
HHZ,"Hikueru",PF,"French Polynesia","Oceania",-17.5483,-142.612,3,199,,,"tropical — wet & dry seasons","beach resort",August,74,63,66,71,72,77,78,83,84,82,76,73,63
HIB,"Hibbing",US,"United States","North America",47.3848,-92.8369,408,16204,2146,133,"continental","small town",August,30,0,0,0,7,51,72,76,77,71,7,0,0
HID,"Horn",AU,"Australia","Oceania",-10.5856,142.2928,6,2805,2540,132,"tropical — wet & dry seasons","beach resort",September,79,66,66,66,66,81,89,91,92,93,91,84,66
HII,"Lake Havasu City",US,"United States","North America",34.5705,-114.3577,230,53553,3767,23,"hot desert","small town",April,66,72,88,98,99,80,20,10,19,49,97,97,64
HIL,"Shilavo",ET,"Ethiopia","Asia",6.0775,44.7637,395,45900,3110,38,"hot desert","small town",July,70,78,58,48,54,81,77,87,67,57,67,79,87
HIN,"Sacheon",KR,"South Korea","Asia",35.0886,128.0717,4,3480000,2409,99,"humid subtropical","major coastal city",October,43,0,0,26,51,67,65,65,65,65,80,35,0
HJB,"Hejing",CN,"China","Asia",42.9764,83.9955,2507,282718,2803,70,"subpolar / tundra","alpine / mountain city",August,13,0,0,0,0,7,34,47,49,15,0,0,0
HJJ,"Huaihua",CN,"China","Asia",27.4431,109.7047,263,552622,1402,182,"humid subtropical","city break",September,51,6,32,58,62,59,59,59,65,71,71,55,20
HJR,"Khajuraho",IN,"India","Asia",24.8172,79.9186,219,152218,2759,48,"Mediterranean","regional city",November,62,92,92,65,9,0,15,61,68,68,90,94,94
HKN,"Kimbe",PG,"Papua New Guinea","Asia",-5.4638,150.4073,12,18847,2015,247,"tropical rainforest","beach resort",August,63,63,63,63,63,63,63,63,64,63,64,63,63
HLN,"Helena",US,"United States","North America",46.6068,-111.983,1168,32091,2584,97,"continental","alpine / mountain town",July,38,0,0,0,21,61,79,88,87,87,29,0,0
HLZ,"Hamilton",NZ,"New Zealand","Oceania",-37.867,175.332,49,192100,2020,166,"oceanic / maritime","regional city",November,58,78,77,76,66,47,29,23,36,50,63,79,73
HMS,"Muara Teweh",ID,"Indonesia","Asia",-1.0258,114.9288,43,46652,2234,175,"tropical rainforest","small town",August,65,64,64,64,64,64,64,64,70,69,64,64,64
HMV,"Hemavan",SE,"Sweden","Europe",65.8061,15.0828,457,299,1398,227,"subarctic","small town",July,6,0,0,0,0,0,11,35,25,0,0,0,0
HNH,"Hoonah",US,"United States","North America",58.0961,-135.4101,2,31555,1929,211,"subarctic","seaside town",July,11,0,0,0,0,11,28,36,36,16,0,0,0
HNM,"Hana",US,"United States","Oceania",20.7956,-156.014,19,1235,2540,170,"tropical — wet & dry seasons","beach resort",June,83,83,75,72,85,87,89,88,86,87,84,82,81
HNS,"Haines",US,"United States","North America",59.2439,-135.5239,6,1713,2007,155,"subarctic","small town",July,7,0,0,0,0,0,16,31,31,10,0,0,0
HOB,"Hobbs",US,"United States","North America",32.6875,-103.217,1112,38416,3154,55,"semi-arid","small town",March,71,24,48,94,94,91,73,71,81,87,91,71,24
HOF,"Hofuf",SA,"Saudi Arabia","Asia",25.2853,49.4852,178,637389,3329,25,"hot desert","city break",February,55,90,98,98,79,20,0,0,0,10,69,98,98
HOG,"Holguin",CU,"Cuba","Asia",20.7851,-76.3155,97,319102,2497,117,"tropical — wet & dry seasons","regional city",February,82,89,90,89,86,75,76,83,79,78,71,82,88
HOI,"Otepa",PF,"French Polynesia","Oceania",-18.0748,-140.946,2,1009,,,"tropical — wet & dry seasons","beach resort",July,74,63,67,71,71,77,77,83,83,81,76,71,63
HOK,"Lajamanu",AU,"Australia","Asia",-18.3367,130.638,314,653,3460,59,"semi-arid","small town",August,69,51,58,74,87,98,99,99,100,69,39,27,32
HOM,"Homer",US,"United States","North America",59.6445,-151.4792,19,5515,2647,151,"subarctic","seaside town",July,9,0,0,0,0,0,20,37,34,11,0,0,0
HOR,"Horta",PT,"Portugal","Europe",38.5199,-28.7159,26,6572,1708,186,"Mediterranean","beach resort",July,55,36,37,36,38,51,67,83,82,76,60,50,40
HOT,"Hot Springs",US,"United States","North America",34.4788,-93.0963,156,35635,2847,102,"humid subtropical","small town",June,54,13,25,59,69,68,78,54,54,78,74,57,18
HOV,"Ørsta",NO,"Norway","Europe",62.18,6.0741,78,6337,1354,274,"oceanic / maritime","seaside town",July,14,0,0,0,0,16,40,49,44,24,0,0,0
HPA,"Lifuka",TO,"Tonga","Asia",-19.777,-174.341,5,2016,,,"tropical monsoon","beach resort",July,69,63,63,63,63,69,71,80,76,74,72,68,65
HPB,"Hooper Bay",US,"United States","North America",61.5239,-166.147,3,1187,2692,162,"subpolar / tundra","seaside town",August,3,0,0,0,0,0,0,13,19,0,0,0,0
HPG,"Shennongjia (Hongping)",CN,"China","Asia",31.626,110.34,2583,395376,1621,185,"continental","alpine / mountain city",June,32,0,0,7,42,58,61,60,61,61,36,0,0
HQL,"Tashikuergan",CN,"China","Asia",37.6613,75.2889,3252,8919,2540,70,"subpolar / tundra","alpine / mountain town",July,17,0,0,0,0,8,38,69,61,23,0,0,0
HQQ,"Anyang",CN,"China","Asia",35.8708,114.4619,95,1146839,2409,79,"humid subtropical","city break",October,53,0,0,61,87,84,73,59,69,79,88,37,0
HRH,"Aligarh",IN,"India","Asia",27.8614,78.1454,183,805000,2716,37,"semi-arid","city break",November,64,92,92,92,28,0,8,47,61,73,92,94,94
HRI,"Mattala",LK,"Sri Lanka","Asia",6.2839,81.1242,46,80506,2365,98,"tropical rainforest","beach resort",July,69,67,73,72,65,65,76,79,75,66,65,65,65
HRO,"Harrison",US,"United States","North America",36.2615,-93.1547,410,28348,2716,107,"humid subtropical","small town",August,50,0,0,37,70,69,77,77,78,78,76,39,0
HSA,"Turkıstan",KZ,"Kazakhstan","Asia",43.3111,68.5504,289,227098,2803,72,"hot-summer continental","regional city",September,49,0,0,29,79,90,84,56,76,95,76,0,0
HSC,"Shaoguan",CN,"China","Asia",24.9786,113.421,81,1028460,1708,173,"humid subtropical","city break",October,62,43,62,61,61,61,61,61,61,71,78,73,52
HSL,"Huslia",US,"United States","North America",65.6979,-156.351,63,304,2611,116,"subarctic","small town",June,15,0,0,0,0,15,63,60,39,0,0,0,0
HSR,"Rajkot",IN,"India","Asia",22.3788,71.0394,195,1390640,3110,24,"semi-arid","city break",January,68,97,97,58,19,10,39,70,70,73,85,96,97
HSS,"Hisar",IN,"India","Asia",29.1861,75.7414,212,544829,2803,26,"semi-arid","city break",November,63,94,93,92,46,9,8,37,46,58,85,95,95
HTG,"Khatanga",RU,"Russia","Asia",71.9781,102.491,27,3205,1512,180,"subarctic","small town",July,5,0,0,0,0,0,13,30,12,0,0,0,0
HTS,"Huntington",US,"United States","North America",38.3667,-82.558,251,48638,2234,139,"humid subtropical","small town",August,45,0,0,19,61,71,74,70,77,77,70,26,0
HTT,"Mengnai",CN,"China","Asia",38.2016,90.8378,2898,27000,3110,39,"cold desert","small town",July,29,0,0,0,8,40,71,95,88,48,0,0,0
HUG,"Huehuetenango",GT,"Guatemala","Asia",15.3167,-91.5056,1871,79426,2453,155,"highland","highland town",February,77,91,92,90,85,66,66,66,66,66,66,84,91
HUH,"Fare",PF,"French Polynesia","Oceania",-16.6871,-151.0216,6,1540,,,"tropical — wet & dry seasons","beach resort",September,73,63,63,64,69,73,79,83,83,84,77,70,63
HUN,"Hualien City",TW,"Taiwan","Asia",24.0232,121.618,13,99458,1664,226,"humid subtropical","beach resort",October,59,44,51,55,65,61,61,61,61,61,72,66,51
HUO,"Holingol",CN,"China","Asia",45.4872,119.4072,980,102214,2891,101,"continental","alpine / mountain city",August,31,0,0,0,0,67,82,78,83,67,0,0,0
HUS,"Hughes",US,"United States","North America",66.0411,-154.263,90,1323,2619,116,"subarctic","small town",July,13,0,0,0,0,0,55,59,38,0,0,0,0
HUU,"Huánuco",PE,"Peru","South America",-9.8788,-76.2048,1851,196627,2146,143,"highland","highland city",August,82,77,75,76,83,84,87,87,88,87,82,79,74
HUY,"Grimsby, Lincolnshire",GB,"United Kingdom","Europe",53.5762,-0.3495,25,1529000,1525,187,"oceanic / maritime","city break",July,32,0,0,7,26,45,61,74,74,65,31,6,0
HVB,"Hervey Bay",AU,"Australia","Oceania",-25.3201,152.8807,14,52230,2891,115,"humid subtropical","beach resort",September,78,69,69,69,81,82,81,81,87,89,80,84,69
HVD,"Khovd",MN,"Mongolia","Asia",47.9541,91.6282,1471,29800,2891,69,"semi-arid","small town",August,31,0,0,0,0,54,90,90,91,47,0,0,0
HVG,"Honningsvåg",NO,"Norway","Europe",71.0097,25.9836,6,2484,1260,256,"subpolar / tundra","seaside town",July,2,0,0,0,0,0,0,17,12,0,0,0,0
HVR,"Havre",US,"United States","North America",48.5414,-109.7629,788,9834,2847,61,"continental","small town",July,37,0,0,0,22,63,82,90,90,82,15,0,0
HWR,"Halwara",IN,"India","Asia",30.7485,75.6298,240,9761,2803,28,"semi-arid","small town",November,64,77,91,91,55,9,8,35,50,63,94,95,94
HXD,"Delingha",CN,"China","Asia",37.1253,97.2687,2860,88227,3066,54,"semi-arid","small town",August,40,0,0,0,40,69,88,87,90,77,24,0,0
HYA,"Hyannis",US,"United States","North America",41.6693,-70.2804,18,14120,2453,127,"oceanic / maritime","seaside town",July,30,0,0,0,0,19,52,80,80,70,42,12,0
HYS,"Hays",US,"United States","North America",38.8445,-99.2731,607,21092,2978,82,"humid subtropical","small town",September,51,0,0,38,79,78,80,72,79,86,80,23,0
HZH,"Liping",CN,"China","Asia",26.3222,109.1499,483,82710,1402,187,"humid subtropical","small town",October,51,6,32,51,61,59,59,59,65,70,73,56,20
IAA,"Igarka",RU,"Russia","Asia",67.4372,86.6219,25,7470,1664,229,"subarctic","small town",July,12,0,0,0,0,0,42,62,35,0,0,0,0
IAG,"Niagara Falls",US,"United States","North America",43.1073,-78.9462,177,48916,1971,152,"hot-summer continental","small town",August,35,0,0,0,19,62,74,73,76,74,42,0,0
IAM,"In Aménas",DZ,"Algeria","Asia",28.0515,9.6429,561,9225,3548,7,"hot desert","small town",March,67,66,91,100,99,60,30,10,20,50,99,100,83
IAN,"Kiana",US,"United States","North America",66.9761,-160.439,52,447,2517,107,"subarctic","small town",July,11,0,0,0,0,0,50,53,32,0,0,0,0
IAO,"Del Carmen",PH,"Philippines","Asia",9.8591,126.014,7,4053,2321,214,"tropical rainforest","beach resort",January,65,65,65,65,65,65,65,65,65,65,65,65,65
IAR,"Yaroslavl",RU,"Russia","Asia",57.5607,40.1574,90,608722,1919,195,"continental","city break",August,28,0,0,0,0,63,75,73,77,52,0,0,0
IBA,"Ibadan",NG,"Nigeria","Africa",7.3625,3.9783,220,3649000,1971,108,"tropical — wet & dry seasons","major city break",December,72,86,85,78,67,63,63,63,63,63,63,80,87
IBB,"Puerto Villamil",EC,"Ecuador","Asia",-0.9426,-90.953,7,2200,2453,133,"hot desert","beach resort",June,89,87,84,84,84,91,92,92,92,92,92,92,91
IBE,"Ibagué",CO,"Colombia","South America",4.4216,-75.1333,915,529635,1971,168,"tropical rainforest","city break",January,69,78,73,65,63,63,69,74,76,73,63,63,68
ICC,"Isla de Coche",VE,"Venezuela","Asia",10.7944,-63.9816,3,815141,2803,74,"tropical — wet & dry seasons","coastal city break",February,78,84,91,90,89,84,69,68,68,70,74,74,78
ICI,"Cicia",FJ,"Fiji","Asia",-17.7433,-179.342,8,,,,"tropical monsoon","beach resort",July,69,63,63,63,63,71,72,80,78,77,69,65,63
IDY,"Île d'Yeu",FR,"France","Europe",46.7176,-2.3925,16,438537,1840,176,"oceanic / maritime","city break",July,33,6,0,6,20,33,54,68,68,61,43,24,12
IEG,"Zielona Góra",PL,"Poland","Europe",52.1385,15.7986,56,623997,1584,162,"oceanic / maritime","city break",September,39,0,0,0,48,78,77,73,76,79,40,0,0
IFJ,"Ísafjörður",IS,"Iceland","Europe",66.0581,-23.1353,0,2736,1036,225,"subpolar / tundra","seaside town",July,1,0,0,0,0,0,0,11,5,0,0,0,0
IFO,"Ivano-Frankivsk",UA,"Ukraine","Europe",48.8842,24.6861,277,241239,1577,154,"continental","regional city",September,35,0,0,0,39,64,68,69,75,76,32,0,0
IGA,"Matthew Town",BS,"Bahamas","Asia",20.975,-73.6669,3,452,2497,138,"tropical — wet & dry seasons","beach resort",February,82,87,90,88,87,77,81,85,81,76,69,79,86
IGD,"Iğdır",TR,"Türkiye","Asia",39.9766,43.8766,937,101700,2584,100,"humid subtropical","alpine / mountain city",September,53,0,0,29,63,82,85,88,89,90,87,22,0
IGG,"Igiugig",US,"United States","North America",59.324,-155.902,26,,2754,155,"subarctic","small town",July,16,0,0,0,0,14,48,57,49,18,0,0,0
IGR,"Puerto Iguazu",AR,"Argentina","South America",-25.7373,-54.4734,267,54903,1971,106,"humid subtropical","small town",August,67,63,67,69,67,63,70,75,77,68,63,63,63
IGT,"Sunzha",RU,"Russia","Asia",43.3233,45.0126,355,71841,1752,131,"humid subtropical","small town",September,42,0,0,13,51,72,70,75,78,79,60,7,0
IIA,"Inis Meáin",IE,"Ireland","Asia",53.093,-9.5681,3,102287,1297,240,"oceanic / maritime","seaside town",July,22,0,0,6,18,29,40,50,49,39,27,10,0
IKG,"Karakol",KG,"Kyrgyzstan","Asia",42.5081,78.4078,1702,84351,2540,98,"continental","alpine / mountain town",July,36,0,0,0,29,56,84,86,86,74,22,0,0
IKI,"Iki",JP,"Japan","Asia",33.749,129.785,12,30352,1796,197,"humid subtropical","beach resort",October,44,6,12,22,46,62,62,62,62,62,69,48,19
IKO,"Nikolski",US,"United States","North America",52.9416,-168.8495,18,,2877,219,"subpolar / tundra","seaside town",August,1,0,0,0,0,0,0,0,13,0,0,0,0
IKS,"Tiksi",RU,"Russia","Asia",71.6977,128.903,9,5700,1827,143,"subpolar / tundra","seaside town",January,0,0,0,0,0,0,0,0,0,0,0,0,0
IKU,"Tamchy",KG,"Kyrgyzstan","Asia",42.5856,76.7012,1651,42875,2497,118,"continental","alpine / mountain town",July,34,0,0,0,21,49,78,88,88,67,15,0,0
ILD,"Lleida",ES,"Spain","Europe",41.7282,0.535,349,140797,2584,109,"Mediterranean","regional city",July,62,15,22,51,78,85,89,90,89,85,84,43,15
ILF,"Ilford",CA,"Canada","Asia",56.0516,-95.6188,195,1007,2337,149,"subarctic","small town",June,22,0,0,0,0,21,72,72,68,33,0,0,0
ILI,"Iliamna",US,"United States","North America",59.7544,-154.911,52,,2707,156,"subarctic","small town",July,18,0,0,0,0,20,59,60,52,22,0,0,0
ILP,"Île des Pins",NC,"New Caledonia","Oceania",-22.5889,167.456,95,1871,2453,177,"tropical — wet & dry seasons","beach resort",September,77,70,74,66,71,76,78,79,81,84,83,80,78
ILQ,"Ilo",PE,"Peru","South America",-17.695,-71.344,20,53476,2891,17,"hot desert","beach resort",April,96,94,93,95,96,96,96,96,96,96,96,96,96
ILR,"Ilorin/Ogbomosho",NG,"Nigeria","Africa",8.4402,4.4939,342,1080000,2234,94,"tropical — wet & dry seasons","city break",November,69,81,63,59,68,68,64,64,64,64,64,88,82
ILY,"Isle of Islay, Argyll and Bute",GB,"United Kingdom","Europe",55.6827,-6.2575,11,87153,1430,235,"oceanic / maritime","seaside town",July,16,0,0,0,6,18,29,39,38,34,20,5,0
IMK,"Simikot",NP,"Nepal","Asia",29.9711,81.8189,2977,33968,2409,100,"subarctic","highland town",June,22,0,0,0,7,36,62,52,51,41,15,0,0
IMP,"Imperatriz",BR,"Brazil","South America",-5.5313,-47.46,129,218106,2146,238,"tropical — wet & dry seasons","regional city",June,66,64,64,64,64,76,89,81,63,43,55,64,64
IMT,"Kingsford",US,"United States","North America",45.8191,-88.1146,342,5069,2234,145,"continental","small town",August,33,0,0,0,13,56,73,75,77,75,25,0,0
INB,"Independence",BZ,"Belize","Asia",16.5346,-88.4416,10,13381,2409,166,"tropical monsoon","beach resort",April,70,71,78,81,84,69,65,65,65,65,65,65,67
INH,"Inhambane",MZ,"Mozambique","Asia",-23.8764,35.4085,6,95388,2978,116,"tropical — wet & dry seasons","beach resort",August,85,71,77,79,87,92,89,92,95,94,90,81,69
INL,"International Falls",US,"United States","North America",48.5662,-93.4031,357,6158,1971,131,"continental","small town",August,30,0,0,0,7,56,70,74,77,70,7,0,0
INO,"Inongo",CD,"Congo - Kinshasa","Asia",-1.9472,18.2858,316,68852,2102,125,"tropical monsoon","small town",July,68,69,65,64,64,65,77,82,74,64,64,64,64
INQ,"Inis Oírr",IE,"Ireland","Asia",53.0647,-9.5109,9,102287,1296,240,"oceanic / maritime","seaside town",July,22,0,0,6,18,29,40,50,49,39,27,10,0
INU,"Yaren",NR,"Nauru","Oceania",-0.5479,166.9195,2,1100,,,"tropical rainforest","beach resort",June,67,63,63,63,63,69,71,68,69,71,69,66,63
INZ,"In Salah",DZ,"Algeria","Africa",27.251,2.512,267,32518,3635,7,"hot desert","small town",January,57,100,100,99,79,30,0,0,0,10,69,100,99
IOA,"Ioannina",GR,"Greece","Europe",39.6964,20.8225,473,65574,2540,127,"Mediterranean","small town",July,47,0,0,13,42,78,89,91,89,78,61,23,0
IOR,"Inis Mór",IE,"Ireland","Europe",53.1067,-9.6536,4,102287,1298,240,"oceanic / maritime","seaside town",July,22,0,0,6,18,29,40,50,49,39,27,10,0
IPC,"Isla De Pascua",CL,"Chile","South America",-27.1654,-109.421,60,7322,2584,28,"Mediterranean","beach resort",February,81,88,90,87,83,78,74,78,72,71,80,85,88
IPH,"Ipoh",MY,"Malaysia","Asia",4.5673,101.0916,36,759952,2365,196,"tropical rainforest","city break",February,66,65,71,65,65,65,68,66,65,65,65,65,65
IPI,"Ipiales",CO,"Colombia","South America",0.8619,-77.6718,2971,77729,1358,179,"highland","highland town",September,41,42,42,39,37,40,36,38,46,52,45,37,39
IPL,"Imperial",US,"United States","North America",32.8354,-115.574,0,17095,3592,14,"hot desert","small town",April,70,81,97,98,99,90,30,10,10,49,99,98,73
IPN,"Ipatinga",BR,"Brazil","South America",-19.4707,-42.4876,238,407894,2146,179,"tropical — wet & dry seasons","city break",July,76,64,70,65,80,85,89,90,89,85,68,64,64
IPT,"Williamsport",US,"United States","North America",41.2421,-76.9224,158,29201,2278,144,"hot-summer continental","small town",May,38,0,0,0,38,73,72,71,73,71,48,7,0
IQM,"Qiemo",CN,"China","Asia",38.2345,85.4655,1214,18893,2803,20,"cold desert","small town",April,55,0,0,32,95,95,94,94,95,95,64,0,0
IRA,"Kirakira",SB,"Solomon Islands","Asia",-10.4497,161.898,7,2107,2146,228,"tropical rainforest","beach resort",August,64,64,64,64,64,64,64,64,66,65,64,64,64
IRC,"Circle",US,"United States","North America",65.8277,-144.0762,185,613,2432,87,"subarctic","small town",June,24,0,0,0,0,44,84,81,62,14,0,0,0
IRG,"Lockhart River",AU,"Australia","Oceania",-12.7869,143.305,17,,2584,112,"tropical — wet & dry seasons","beach resort",September,79,67,67,67,70,87,90,91,92,93,90,75,60
IRJ,"La Rioja",AR,"Argentina","South America",-29.3816,-66.7958,435,178872,2891,47,"semi-arid","regional city",August,83,56,74,85,90,94,87,87,96,93,93,80,66
IRK,"Kirksville",US,"United States","North America",40.0935,-92.5449,293,17520,2540,111,"hot-summer continental","small town",September,44,0,0,20,63,70,69,75,73,78,65,14,0
IRP,"Isiro",CD,"Congo - Kinshasa","Asia",2.8276,27.5883,755,255409,2234,139,"tropical monsoon","regional city",January,69,85,80,64,64,64,64,64,64,64,64,64,82
IRZ,"Santa Isabel do Rio Negro",BR,"Brazil","South America",-0.3786,-64.9926,42,14176,1927,239,"tropical rainforest","small town",September,62,62,62,62,62,62,62,62,62,65,63,62,62
ISA,"Mount Isa",AU,"Australia","Oceania",-20.6664,139.4885,337,18317,3416,54,"semi-arid","small town",July,79,58,65,80,97,98,97,99,99,99,68,46,43
ISC,"St. Mary's, Isles of Scilly",GB,"United Kingdom","Europe",49.9134,-6.2919,33,42690,1533,210,"oceanic / maritime","seaside town",August,21,6,0,0,6,19,32,43,50,44,28,17,11
ISE,"Isparta",TR,"Türkiye","Asia",37.8554,30.3684,863,172334,2847,98,"Mediterranean","regional city",July,54,0,0,22,58,86,90,94,94,92,81,29,0
ISK,"Nashik",IN,"India","Asia",20.1191,73.9129,599,1486053,2803,40,"tropical — wet & dry seasons","city break",January,70,95,85,57,28,37,68,68,68,68,82,92,95
ITB,"Itaituba",BR,"Brazil","South America",-4.2421,-56.0007,32,123314,1971,224,"tropical monsoon","regional city",August,66,63,63,63,63,63,71,78,81,70,58,60,63
ITH,"Ithaca",US,"United States","North America",42.491,-76.4584,329,30788,2102,163,"continental","small town",September,34,0,0,0,25,68,70,71,71,72,36,0,0
ITU,"Kurilsk",RU,"Russia","Asia",45.2564,147.9555,115,1607,1577,230,"subarctic","seaside town",August,7,0,0,0,0,0,0,18,31,29,6,0,0
IUE,"Alofi",NU,"Niue","Asia",-19.0801,-169.9235,54,624,,,"tropical rainforest","beach resort",August,69,63,63,63,63,68,76,78,79,75,71,65,64
IWA,"Ivanovo",RU,"Russia","Europe",56.9394,40.9408,124,420839,1964,192,"continental","city break",August,29,0,0,0,0,64,75,76,78,53,0,0,0
IWD,"Ironwood",US,"United States","North America",46.5253,-90.1316,373,5002,2234,136,"continental","small town",August,28,0,0,0,0,43,73,74,75,62,12,0,0
IWJ,"Masuda",JP,"Japan","Asia",34.6764,131.79,53,45003,1752,208,"humid subtropical","beach resort",October,41,0,0,23,49,61,61,61,62,61,68,43,6
IXA,"Agartala",IN,"India","Asia",23.887,91.2404,16,400004,2234,94,"humid subtropical","city break",January,71,90,88,73,51,58,64,64,64,64,64,86,88
IXD,"Prayagraj",IN,"India","Asia",25.4401,81.7339,98,1073438,2716,43,"Mediterranean","city break",November,61,92,92,65,9,0,7,54,67,67,89,94,94
IXG,"Belagavi",IN,"India","Asia",15.8593,74.6183,757,943788,2759,70,"tropical — wet & dry seasons","city break",January,74,95,85,56,46,67,68,68,68,68,75,91,95
IXI,"Lilabari",IN,"India","Asia",27.2957,94.0973,100,166366,2453,115,"humid subtropical","regional city",December,75,90,86,79,66,66,66,66,66,66,71,90,92
IXK,"Keshod",IN,"India","Asia",21.3171,70.2704,50,76193,3066,31,"tropical — wet & dry seasons","beach resort",January,82,97,97,87,58,68,73,70,70,73,95,96,97
IXL,"Leh",IN,"India","Asia",34.1359,77.5465,3265,37475,2628,19,"continental","alpine / mountain town",June,38,0,0,0,15,53,91,89,88,91,31,0,0
IXM,"Madurai",IN,"India","Asia",9.8345,78.0934,135,1465625,2453,41,"tropical — wet & dry seasons","city break",January,63,92,73,45,42,45,58,64,62,58,66,66,82
IXP,"Pathankot",IN,"India","Asia",32.2336,75.6344,313,253987,2847,47,"humid subtropical","regional city",November,70,60,80,86,90,36,31,55,68,74,93,94,77
IXS,"Silchar",IN,"India","Asia",24.9129,92.9787,102,178865,2321,120,"humid subtropical","regional city",January,75,91,88,81,65,65,65,65,65,65,68,88,89
IXU,"Aurangabad",IN,"India","Asia",19.8629,75.3963,581,1175116,2847,44,"semi-arid","city break",January,66,95,86,47,19,9,56,68,68,68,85,92,95
IXY,"Kandla",IN,"India","Asia",23.1127,70.1003,29,25845,3285,17,"semi-arid","beach resort",December,72,98,98,69,39,39,53,64,71,73,68,97,99
IXZ,"Port Blair",IN,"India","Asia",11.6402,92.729,5,127562,2234,126,"tropical monsoon","beach resort",February,71,84,90,85,79,64,64,64,64,64,64,64,71
IZA,"Juiz de Fora",BR,"Brazil","South America",-21.5131,-43.1731,409,573285,1883,174,"humid subtropical","city break",July,73,62,63,62,77,82,86,87,86,81,71,62,62
IZT,"Ixtepec",MX,"Mexico","North America",16.446,-95.0937,24,25381,2497,56,"tropical — wet & dry seasons","small town",January,75,92,92,83,64,57,66,66,66,66,72,89,91
JAE,"Jaén",PE,"Peru","South America",-5.5925,-78.774,757,52493,2278,90,"semi-arid","small town",August,85,82,80,80,83,87,89,89,90,89,86,84,83
JAF,"Jaffna",LK,"Sri Lanka","Asia",9.7923,80.0701,11,250000,2540,56,"tropical — wet & dry seasons","beach resort",February,79,87,89,87,82,77,86,86,81,76,66,66,66
JAU,"Jauja",PE,"Peru","South America",-11.7831,-75.4734,3361,21057,2102,147,"subpolar / tundra","highland town",April,25,21,21,22,30,30,23,23,23,30,30,29,21
JBB,"Jember",ID,"Indonesia","Asia",-8.2425,113.6935,78,298585,3241,103,"tropical — wet & dry seasons","regional city",August,79,71,71,71,71,78,87,91,95,95,70,77,71
JBQ,"La Isabela",DO,"Dominican Republic","North America",18.5725,-69.9856,17,2201941,2716,157,"semi-arid","major coastal city",January,86,91,91,91,88,82,86,85,82,84,83,82,87
JBR,"Jonesboro",US,"United States","North America",35.8317,-90.6464,77,73907,2803,106,"humid subtropical","small town",September,56,7,19,55,72,70,80,78,71,81,77,51,12
JCL,"České Budějovice",CZ,"Czechia","Asia",48.9482,14.4283,422,93426,1533,165,"continental","small town",June,34,0,0,0,40,60,70,70,70,70,33,0,0
JDH,"Jodhpur",IN,"India","Asia",26.2511,73.0489,216,1056191,3154,20,"hot desert","city break",January,58,97,97,77,29,0,9,32,54,53,58,97,97
JDZ,"Jingdezhen",CN,"China","Asia",29.3386,117.176,38,473561,1883,150,"humid subtropical","city break",October,55,19,34,52,62,62,62,62,62,71,78,67,26
JEE,"Jérémie",HT,"Haiti","Asia",18.6631,-74.1703,61,175457,2540,122,"tropical — wet & dry seasons","beach resort",February,83,88,90,90,89,79,81,82,79,78,71,79,87
JEG,"Aasiaat",GL,"Greenland","Asia",68.7218,-52.7847,12,3005,1620,130,"subpolar / tundra","seaside town",July,2,0,0,0,0,0,0,20,7,0,0,0,0
JEJ,"Ailinglapalap Atoll",MH,"Marshall Islands","Asia",7.5654,168.962,3,112,,,"tropical rainforest","beach resort",February,64,65,69,64,63,63,63,63,63,63,63,63,63
JFR,"Paamiut",GL,"Greenland","Asia",62.0147,-49.6709,36,1308,1352,152,"subpolar / tundra","seaside town",July,1,0,0,0,0,0,0,6,0,0,0,0,0
JGA,"Jamnagar",IN,"India","Asia",22.4655,70.0126,18,600943,3197,21,"semi-arid","coastal city break",January,82,98,98,88,68,59,66,71,71,77,87,97,98
JGB,"Jagdalpur",IN,"India","Asia",19.0743,82.0368,554,125463,2584,74,"tropical — wet & dry seasons","regional city",February,68,92,93,54,25,24,67,67,67,67,75,90,92
JGD,"Jiagedaqi",CN,"China","Asia",50.3714,124.1175,369,135760,2627,115,"subarctic","regional city",June,27,0,0,0,0,55,76,69,74,49,0,0,0
JHM,"Lahaina",US,"United States","Oceania",20.9629,-156.673,72,11704,2891,113,"tropical — wet & dry seasons","beach resort",June,84,81,82,76,85,87,89,89,87,87,83,81,80
JHS,"Sisimiut",GL,"Greenland","Asia",66.9513,-53.7293,7,5227,1657,141,"subpolar / tundra","seaside town",July,1,0,0,0,0,0,0,6,0,0,0,0,0
JIC,"Jinchang",CN,"China","Asia",38.5422,102.3483,1440,228561,2935,48,"cold desert","regional city",May,48,0,0,8,71,93,92,89,89,91,47,0,0
JIJ,"Jijiga",ET,"Ethiopia","Asia",9.3319,42.9118,1805,483000,3022,56,"semi-arid","highland city",January,89,96,96,91,79,87,89,87,82,82,90,93,95
JIK,"Ikaria",GR,"Greece","Europe",37.6827,26.3471,21,23953,3066,81,"Mediterranean","beach resort",July,63,19,20,36,45,78,96,97,97,94,82,55,32
JIM,"Jimma",ET,"Ethiopia","Asia",7.6661,36.8166,1713,250900,2847,103,"highland","highland city",January,75,91,89,75,68,68,68,63,63,68,68,83,90
JIO,"Tiakur",ID,"Indonesia","Asia",-8.1407,127.9097,13,5227,2847,120,"tropical — wet & dry seasons","beach resort",September,79,68,68,68,73,71,81,89,92,93,93,89,68
JIQ,"Qianjiang",CN,"China","Asia",29.5133,108.8311,627,179079,1314,196,"humid subtropical","regional city",April,41,0,7,36,62,58,58,58,58,60,59,37,0
JIU,"Jiujiang",CN,"China","Asia",29.4769,115.8011,45,1164268,1840,146,"humid subtropical","city break",October,50,6,24,46,62,62,62,62,62,68,76,55,20
JJG,"Jaguaruna",BR,"Brazil","South America",-28.6753,-49.0596,33,20375,2146,211,"humid subtropical","beach resort",April,68,64,68,69,76,71,69,61,68,61,69,71,69
JJM,"Meru-Kinna",KE,"Kenya","Asia",0.1651,38.1951,603,80191,2891,82,"semi-arid","small town",June,83,92,75,72,68,89,94,94,94,76,76,76,86
JKG,"Jönköping",SE,"Sweden","Europe",57.7576,14.0687,226,112766,1640,188,"continental","regional city",July,21,0,0,0,0,37,53,68,58,38,0,0,0
JKH,"Chios",GR,"Greece","Europe",38.3432,26.1406,3,28322,3022,88,"Mediterranean","beach resort",July,60,12,13,29,52,85,94,97,97,94,81,48,19
JKL,"Kalymnos",GR,"Greece","Europe",36.9633,26.9406,229,19244,3154,88,"Mediterranean","beach resort",July,72,31,33,51,68,94,97,98,98,94,90,68,43
JKR,"Janakpur",NP,"Nepal","Asia",26.7088,85.9224,71,195438,2190,48,"humid subtropical","regional city",November,66,90,89,80,35,23,26,58,64,64,82,91,91
JLG,"Jalgaon",IN,"India","Asia",20.9627,75.6275,249,460228,2891,39,"tropical — wet & dry seasons","city break",December,61,95,76,38,0,0,42,69,69,69,88,93,96
JLN,"Joplin",US,"United States","North America",37.1518,-94.4983,294,51818,2672,101,"humid subtropical","small town",July,50,0,0,38,71,67,72,77,76,77,75,41,0
JLR,"Jabalpur",IN,"India","Asia",23.1778,80.052,489,1285000,2759,57,"Mediterranean","city break",November,65,92,92,64,19,0,34,68,68,68,89,94,94
JMJ,"Lancang",CN,"China","Asia",22.4177,99.784,1329,86877,2234,155,"humid subtropical","small town",February,75,79,90,87,82,69,64,64,64,64,67,84,81
JMO,"Jomsom",NP,"Nepal","Asia",28.7804,83.723,2736,600051,2234,105,"continental","highland city",July,19,0,0,0,0,26,48,54,48,40,14,0,0
JMS,"Jamestown",US,"United States","North America",46.9297,-98.6782,454,30075,2497,95,"continental","small town",September,37,0,0,0,29,72,77,80,82,83,21,0,0
JNX,"Naxos",GR,"Greece","Europe",37.0811,25.3681,0,7070,2978,66,"Mediterranean","beach resort",June,68,26,27,44,61,85,96,96,96,94,89,64,41
JNZ,"Jinzhou (Linghai)",CN,"China","Asia",40.936,121.2771,2,1166481,2672,73,"hot-summer continental","coastal city break",September,43,0,0,0,59,85,79,72,68,87,66,0,0
JOE,"Joensuu",FI,"Finland","Europe",62.6588,29.6194,116,78398,1774,213,"subarctic","small town",July,20,0,0,0,0,31,52,69,58,24,0,0,0
JOI,"Joinville",BR,"Brazil","South America",-26.2245,-48.7974,3,988000,1708,228,"humid subtropical","city break",August,65,61,61,61,68,68,69,70,74,64,61,61,61
JOL,"Jolo",PH,"Philippines","Asia",6.0537,121.011,28,101002,2234,155,"tropical rainforest","beach resort",February,69,72,77,76,76,70,64,64,64,64,64,69,73
JOS,"Jos",NG,"Nigeria","Africa",9.6398,8.8691,1286,1040000,2768,96,"tropical — wet & dry seasons","city break",January,82,95,95,84,81,74,73,68,68,69,82,94,95
JPE,"Paragominas",BR,"Brazil","Asia",-3.0198,-47.3165,138,105550,2102,268,"tropical monsoon","regional city",August,66,64,64,64,64,64,77,81,85,66,50,54,61
JPR,"Ji-Paraná",BR,"Brazil","South America",-10.8707,-61.8467,180,124333,1927,150,"tropical — wet & dry seasons","regional city",June,66,62,62,62,68,79,87,78,60,53,58,62,62
JPY,"Paraty",BR,"Brazil","Asia",-23.224,-44.7234,4,15118,1708,165,"humid subtropical","beach resort",August,70,61,61,61,72,77,81,80,82,77,66,61,61
JQA,"Uummannaq",GL,"Greenland","Asia",70.7342,-52.6962,85,1407,1512,126,"subpolar / tundra","seaside town",January,0,0,0,0,0,0,0,0,0,0,0,0,0
JRH,"Jorhat",IN,"India","Asia",26.7305,94.1754,92,126736,2453,93,"humid subtropical","regional city",December,75,91,88,82,66,59,59,66,66,66,75,90,92
JSH,"Crete Island",GR,"Greece","Europe",35.2161,26.1013,104,137154,2847,69,"Mediterranean","beach resort",June,71,33,34,44,60,93,95,95,95,93,88,72,46
JSJ,"Jiansanjiang",CN,"China","Asia",47.1082,132.6579,57,89442,2409,119,"hot-summer continental","small town",September,36,0,0,0,29,80,77,70,71,81,21,0,0
JSK,"Bandar-e-Jask",IR,"Iran","Asia",25.6548,57.8017,9,16680,3241,13,"hot desert","beach resort",May,94,93,96,95,97,98,77,88,97,98,98,97,95
JSO,"Sobral",BR,"Brazil","South America",-3.6145,-40.2314,94,203023,2409,235,"tropical — wet & dry seasons","regional city",July,70,70,65,65,65,72,82,88,73,65,55,64,71
JSR,"Jessore",BD,"Bangladesh","Asia",23.1838,89.1608,6,1553000,2146,72,"humid subtropical","city break",January,65,90,87,51,31,38,57,64,64,64,64,86,89
JST,"Johnstown",US,"United States","North America",40.3161,-78.8339,694,19966,2015,159,"hot-summer continental","small town",August,39,0,0,0,43,71,71,72,74,72,55,13,0
JSU,"Maniitsoq",GL,"Greenland","Asia",65.4125,-52.9394,12,2534,1575,128,"subpolar / tundra","seaside town",January,0,0,0,0,0,0,0,0,0,0,0,0,0
JSY,"Syros",GR,"Greece","Europe",37.4228,24.9509,69,21924,2935,63,"Mediterranean","beach resort",August,65,26,27,36,53,85,95,95,96,92,87,55,33
JTC,"Bauru",BR,"Brazil","South America",-22.1608,-49.0703,593,379297,2234,126,"tropical — wet & dry seasons","regional city",July,75,64,65,72,81,78,85,86,86,82,74,68,64
JTY,"Astypalaia",GR,"Greece","Europe",36.5799,26.3758,46,19244,3110,86,"Mediterranean","beach resort",June,72,38,40,44,61,86,97,97,97,94,90,70,45
JUB,"Juba",SS,"South Sudan","Asia",4.872,31.6011,460,450000,2754,102,"tropical — wet & dry seasons","city break",November,67,57,47,45,59,71,74,72,69,71,75,86,72
JUI,"Juist",DE,"Germany","Europe",53.6814,7.0564,2,1751,1532,200,"oceanic / maritime","seaside town",August,28,0,0,0,13,38,56,66,71,56,31,0,0
JUJ,"San Salvador de Jujuy",AR,"Argentina","South America",-24.3928,-65.0978,906,305891,2190,83,"humid subtropical","regional city",June,80,64,64,70,81,89,91,91,91,91,85,81,64
JUM,"Jumla",NP,"Nepal","Asia",29.2742,82.1933,2371,9073,2365,98,"oceanic / maritime","highland town",June,37,0,0,7,36,62,73,65,65,71,44,23,0
JUV,"Upernavik",GL,"Greenland","Asia",72.7902,-56.1306,105,1129,1575,116,"subpolar / tundra","seaside town",January,0,0,0,0,0,0,0,0,0,0,0,0,0
JXA,"Jixi",CN,"China","Asia",45.293,131.193,225,965000,2453,119,"hot-summer continental","city break",September,37,0,0,0,29,81,78,72,71,84,29,0,0
JYV,"Jyväskylä",FI,"Finland","Europe",62.3995,25.6783,139,148744,1770,211,"subarctic","regional city",July,20,0,0,0,0,32,54,70,61,25,0,0,0
JZH,"Ngawa (Songpan)",CN,"China","Asia",32.8533,103.6822,3439,180000,2015,185,"subarctic","alpine / mountain city",August,15,0,0,0,7,24,35,45,48,24,0,0,0
KAA,"Kasama",ZM,"Zambia","Asia",-10.2102,31.123,1378,200000,2759,110,"Mediterranean","regional city",June,82,68,68,68,84,94,95,95,95,95,83,76,68
KAB,"Kariba",ZW,"Zimbabwe","Asia",-16.5198,28.885,514,27600,3110,70,"semi-arid","small town",May,84,70,70,79,94,97,97,97,97,97,67,68,70
KAC,"Qamishli",SY,"Syria","Asia",37.0206,41.1914,435,422445,2891,102,"semi-arid","city break",May,51,15,37,74,89,92,38,0,0,57,92,83,29
KAD,"Kaduna",NG,"Nigeria","Africa",10.696,7.3201,626,1850000,2716,74,"tropical — wet & dry seasons","city break",January,71,95,66,45,48,63,67,67,67,67,79,93,95
KAI,"Kaieteur Falls",GY,"Guyana","Asia",5.1773,-59.489,457,4200,2497,219,"tropical monsoon","small town",March,74,77,82,84,71,66,66,66,66,77,81,78,76
KAJ,"Kajaani",FI,"Finland","Europe",64.2855,27.6924,139,36458,1679,216,"subarctic","small town",July,16,0,0,0,0,18,47,61,52,18,0,0,0
KAL,"Kaltag",US,"United States","North America",64.3186,-158.742,51,,2700,120,"subarctic","small town",July,13,0,0,0,0,7,55,60,39,0,0,0,0
KAO,"Kuusamo",FI,"Finland","Europe",65.9876,29.2394,263,14784,1400,223,"subarctic","small town",July,11,0,0,0,0,0,34,55,39,6,0,0,0
KAT,"Awanui",NZ,"New Zealand","Asia",-35.0698,173.2871,78,8380,2059,174,"oceanic / maritime","seaside town",February,53,78,79,75,64,48,35,29,29,38,46,52,64
KAW,"Kawthoung",MM,"Myanmar (Burma)","Asia",10.0493,98.538,7,57949,2453,192,"tropical monsoon","beach resort",February,70,78,88,76,65,66,66,66,66,66,66,66,70
KAX,"Kalbarri",AU,"Australia","Asia",-27.6928,114.2592,152,2602,3241,76,"semi-arid","beach resort",November,92,86,86,95,95,92,88,81,92,94,96,97,97
KBC,"Birch Creek",US,"United States","North America",66.274,-145.824,134,,2502,88,"subarctic","small town",June,24,0,0,0,0,37,87,84,70,14,0,0,0
KBU,"Stagen",ID,"Indonesia","Asia",-3.2948,116.1638,2,55956,2409,142,"tropical rainforest","beach resort",August,67,65,65,65,65,65,65,65,75,74,70,65,65
KCG,"Chignik",US,"United States","North America",56.3115,-158.373,5,,2789,198,"subpolar / tundra","seaside town",July,6,0,0,0,0,0,7,26,26,12,0,0,0
KCM,"Kahramanmaraş",TR,"Türkiye","Asia",37.5388,36.9535,508,384953,2935,106,"Mediterranean","regional city",June,54,0,0,36,73,91,94,57,67,94,90,43,0
KCQ,"Chignik Lake",US,"United States","North America",56.255,-158.775,5,,2844,199,"subarctic","seaside town",July,8,0,0,0,0,0,21,34,33,13,0,0,0
KCT,"Galle",LK,"Sri Lanka","Asia",5.9937,80.3203,3,93118,2409,115,"tropical rainforest","beach resort",February,70,76,79,73,65,65,74,77,72,65,65,65,65
KDD,"Khuzdar",PK,"Pakistan","Asia",27.7906,66.6473,1202,218112,3548,23,"hot desert","regional city",October,81,74,97,95,98,58,39,57,75,88,99,99,90
KDH,"Kandahar",AF,"Afghanistan","Asia",31.5058,65.848,1012,715542,3376,29,"hot desert","city break",October,63,32,55,94,96,69,29,20,39,79,98,96,48
KDL,"Kärdla",EE,"Estonia","Europe",58.9908,22.8307,5,3160,1945,168,"continental","seaside town",July,22,0,0,0,0,21,47,73,71,47,6,0,0
KDO,"Kadhdhoo",MV,"Maldives","Asia",1.8592,73.5219,5,2077,,,"tropical rainforest","beach resort",February,67,75,79,79,67,63,66,63,63,63,63,63,63
KDU,"Skardu",PK,"Pakistan","Asia",35.3387,75.5386,2228,260000,2628,48,"continental","alpine / mountain city",July,31,0,0,0,0,37,74,89,88,68,15,0,0
KDV,"Vunisea",FJ,"Fiji","Asia",-19.0581,178.157,0,,1927,219,"tropical rainforest","beach resort",July,66,62,62,62,62,65,70,75,74,71,62,62,62
KEB,"Nanwalek",US,"United States","North America",59.3521,-151.925,0,5515,2640,162,"subpolar / tundra","seaside town",August,3,0,0,0,0,0,0,13,19,0,0,0,0
KEM,"Kemi / Tornio",FI,"Finland","Europe",65.7787,24.5821,11,216066,1580,202,"subarctic","seaside town",July,16,0,0,0,0,13,44,67,49,18,0,0,0
KET,"Kengtung",MM,"Myanmar (Burma)","Asia",21.3016,99.636,826,171620,2321,146,"humid subtropical","regional city",February,79,88,92,89,85,75,70,65,65,70,76,87,89
KEW,"Keewaywin",CA,"Canada","Asia",52.9911,-92.8364,301,,2087,149,"continental","small town",August,25,0,0,0,0,32,73,72,74,44,0,0,0
KFP,"False Pass",US,"United States","North America",54.8475,-163.4072,3,1009,2828,234,"subpolar / tundra","seaside town",August,3,0,0,0,0,0,0,13,19,6,0,0,0
KGA,"Kananga",CD,"Congo - Kinshasa","Asia",-5.9001,22.4692,647,1247168,2102,124,"tropical — wet & dry seasons","city break",June,73,66,66,64,70,84,90,90,81,68,64,64,64
KGE,"Kagau Island",SB,"Solomon Islands","Asia",-7.3305,157.585,2,7177,2015,239,"tropical rainforest","beach resort",January,63,63,63,63,63,63,63,63,63,63,63,63,63
KGF,"Karaganda",KZ,"Kazakhstan","Asia",49.6708,73.3344,537,497777,2453,130,"continental","city break",August,38,0,0,0,29,88,86,84,89,75,0,0,0
KGK,"Koliganek",US,"United States","North America",59.7266,-157.259,74,2404,2764,150,"subarctic","small town",July,17,0,0,0,0,13,54,63,50,18,0,0,0
KGP,"Kogalym",RU,"Russia","Asia",62.1904,74.5338,66,57800,2002,193,"subarctic","small town",July,15,0,0,0,0,0,59,73,46,6,0,0,0
KGT,"Kangding",CN,"China","Asia",30.1425,101.7387,4237,100000,2102,178,"subpolar / tundra","alpine / mountain city",June,9,0,0,0,0,18,26,26,26,16,0,0,0
KGX,"Grayling",US,"United States","North America",62.8952,-160.0663,27,1844,2726,127,"subarctic","small town",June,16,0,0,0,0,14,63,59,45,6,0,0,0
KHE,"Kherson",UA,"Ukraine","Europe",46.6758,32.5064,43,66000,1840,132,"hot-summer continental","small town",August,42,0,0,0,49,81,81,82,85,83,48,0,0
KHK,"Khark",IR,"Iran","Asia",29.2605,50.3222,1,8193,3022,39,"semi-arid","beach resort",October,67,64,82,91,94,77,39,19,29,48,96,83,77
KHM,"Kanti",MM,"Myanmar (Burma)","Asia",25.9883,95.6744,205,60123,2365,94,"humid subtropical","small town",January,77,91,89,84,74,65,65,65,65,65,80,91,91
KHS,"Khasab",OM,"Oman","Asia",26.171,56.2406,22,17904,3197,16,"hot desert","beach resort",October,83,92,96,94,97,78,58,59,59,78,98,96,95
KHT,"Khost",AF,"Afghanistan","Asia",33.2846,69.8073,1281,96123,3022,62,"humid subtropical","alpine / mountain town",October,65,15,28,67,80,86,72,60,75,89,92,77,39
KHX,"Kihihi",UG,"Uganda","Asia",-0.7165,29.6997,1090,21800,2059,184,"tropical — wet & dry seasons","small town",June,73,78,77,68,67,71,82,82,77,72,67,66,74
KHZ,"Kauehi",PF,"French Polynesia","Oceania",-15.7806,-145.1284,5,,,,"tropical — wet & dry seasons","beach resort",August,74,63,65,70,75,76,80,83,85,84,76,72,63
KIE,"Kieta",PG,"Papua New Guinea","Asia",-6.3057,155.7282,4,3611,1883,260,"tropical rainforest","beach resort",January,62,62,62,62,62,62,62,62,62,62,62,62,62
KIF,"Kingfisher Lake",CA,"Canada","Asia",53.0125,-89.8553,263,,2039,128,"subarctic","small town",August,23,0,0,0,0,26,67,73,74,37,0,0,0
KIK,"Kirkuk",IQ,"Iraq","Asia",35.4695,44.3489,322,1031000,3241,57,"semi-arid","city break",October,53,38,61,90,91,76,10,0,0,29,95,92,53
KIM,"Kimberley",ZA,"South Africa","Africa",-28.8054,24.7649,1196,165264,3460,69,"semi-arid","regional city",August,87,70,88,90,93,97,73,74,98,98,95,93,71
KIO,"Kili",MH,"Marshall Islands","Asia",5.6439,169.1246,1,1200,,,"tropical rainforest","beach resort",January,63,63,63,63,63,63,63,63,63,63,63,63,63
KIR,"Farranfore",IE,"Ireland","Europe",52.1809,-9.5238,28,224004,1299,236,"oceanic / maritime","regional city",July,26,0,0,6,23,35,51,56,55,45,26,10,5
KIS,"Kisumu",KE,"Kenya","Asia",-0.0861,34.7289,1153,397957,2847,178,"tropical rainforest","regional city",February,72,82,84,68,68,68,70,75,69,68,68,68,73
KIT,"Kithira",GR,"Greece","Europe",36.274,23.0167,315,54100,2847,69,"Mediterranean","beach resort",July,69,33,34,44,60,93,94,95,95,91,87,68,39
KJB,"Kurnool",IN,"India","Asia",15.7163,78.1692,336,460184,2672,42,"semi-arid","city break",January,61,94,57,28,9,17,62,67,73,67,77,90,94
KJH,"Kaili  (Huangping)",CN,"China","Asia",26.972,107.988,926,275745,1270,191,"humid subtropical","regional city",October,49,0,27,55,67,58,58,58,63,66,70,51,13
KJI,"Burqin",CN,"China","Asia",48.2223,86.9959,1191,20205,2672,100,"continental","alpine / mountain town",August,35,0,0,0,15,68,90,90,91,61,0,0,0
KJT,"Kertajati",ID,"Indonesia","Asia",-6.6474,108.1656,38,2528163,2847,152,"tropical monsoon","major city break",August,74,68,68,68,68,69,80,84,89,84,71,68,68
KKA,"Koyuk",US,"United States","North America",64.9395,-161.154,51,312,2654,115,"subarctic","seaside town",July,12,0,0,0,0,0,50,53,39,0,0,0,0
KKE,"Kerikeri",NZ,"New Zealand","Asia",-35.2591,173.9133,148,8380,1927,190,"oceanic / maritime","small town",February,54,76,77,73,62,46,29,22,28,37,52,66,76
KKH,"Kongiganak",US,"United States","North America",59.9608,-162.881,10,486,2828,160,"subarctic","seaside town",July,9,0,0,0,0,0,28,40,31,13,0,0,0
KKI,"Akiachak",US,"United States","North America",60.9138,-161.4933,6,6450,2852,139,"subarctic","small town",June,15,0,0,0,0,14,57,54,46,13,0,0,0
KKN,"Kirkenes",NO,"Norway","Europe",69.7258,29.8913,85,3529,1320,191,"subarctic","small town",July,9,0,0,0,0,0,23,45,34,6,0,0,0
KKR,"Raitahiti",PF,"French Polynesia","Oceania",-15.6633,-146.885,3,,,,"tropical — wet & dry seasons","beach resort",August,73,63,63,66,75,73,77,83,85,84,77,69,63
KKS,"Kashan",IR,"Iran","Asia",33.8953,51.577,1061,304487,2935,57,"hot desert","regional city",October,61,23,55,93,92,85,38,19,39,77,95,78,39
KKW,"Kikwit",CD,"Congo - Kinshasa","Asia",-5.0358,18.7856,472,637736,2146,111,"tropical — wet & dry seasons","city break",June,71,68,67,64,66,76,88,81,82,70,64,64,64
KKX,"Kikai",JP,"Japan","Asia",28.3213,129.928,3,41390,1489,281,"humid subtropical","beach resort",November,58,48,55,49,55,60,60,60,60,60,61,69,59
KLG,"Kalskag",US,"United States","North America",61.5363,-160.341,17,6450,2810,134,"subarctic","small town",June,18,0,0,0,0,22,64,60,52,13,0,0,0
KLH,"Kolhapur",IN,"India","Asia",16.6647,74.2894,609,750000,2803,68,"tropical — wet & dry seasons","city break",January,70,95,76,47,37,52,68,68,68,68,79,92,95
KLN,"Larsen Bay",US,"United States","North America",57.5352,-153.9765,18,1301,2709,189,"subarctic","seaside town",July,13,0,0,0,0,6,32,51,42,23,0,0,0
KLP,"Seruyan",ID,"Indonesia","Asia",-3.3761,112.5365,2,141344,2409,157,"tropical rainforest","beach resort",August,67,65,65,65,65,65,65,69,74,72,65,65,65
KLR,"Kalmar",SE,"Sweden","Europe",56.6855,16.2876,3,38408,1792,155,"oceanic / maritime","seaside town",July,25,0,0,0,0,34,59,74,71,53,13,0,0
KLU,"Klagenfurt am Wörthersee",AT,"Austria","Europe",46.6425,14.3377,444,100316,1796,150,"continental","regional city",June,32,0,0,0,32,59,69,68,66,55,30,0,0
KLV,"Karlovy Vary",CZ,"Czechia","Europe",50.203,12.915,601,45500,1414,175,"continental","small town",June,30,0,0,0,20,49,73,72,72,57,19,0,0
KLW,"Klawock",US,"United States","North America",55.5792,-133.076,13,1248,1644,227,"oceanic / maritime","seaside town",August,15,0,0,0,0,22,33,40,45,30,10,0,0
KMA,"Kerema",PG,"Papua New Guinea","Asia",-7.9636,145.771,4,5646,2146,215,"tropical monsoon","beach resort",July,73,64,64,64,64,71,77,81,81,79,78,77,71
KMC,"King Khaled Military City",SA,"Saudi Arabia","Asia",27.9009,45.5282,414,271642,3460,13,"hot desert","regional city",February,56,82,99,99,89,30,0,0,0,10,70,98,90
KME,"Kamembe",RW,"Rwanda","Asia",-2.4622,28.9079,1587,172357,2059,179,"tropical — wet & dry seasons","highland city",July,69,63,65,63,63,70,81,85,77,67,63,63,63
KMN,"Kamina",CD,"Congo - Kinshasa","Asia",-8.7289,24.9914,1123,200184,2497,87,"tropical — wet & dry seasons","regional city",June,77,66,66,66,77,92,93,93,92,78,73,66,66
KMO,"Manokotak",US,"United States","North America",58.9321,-158.9019,26,2404,2801,160,"subarctic","seaside town",July,13,0,0,0,0,7,41,51,44,18,0,0,0
KMW,"Kostroma",RU,"Russia","Europe",57.7969,41.0194,135,277656,1923,198,"continental","regional city",June,28,0,0,0,0,63,75,74,75,51,0,0,0
KND,"Kindu",CD,"Congo - Kinshasa","Asia",-2.9192,25.9154,496,262914,1971,137,"tropical — wet & dry seasons","regional city",June,70,66,65,63,64,78,86,85,75,66,63,63,63
KNG,"Kaimana",ID,"Indonesia","Asia",-3.6446,133.6951,2,,1796,211,"tropical rainforest","beach resort",January,62,62,62,62,62,62,62,62,62,62,62,62,62
KNK,"Kokhanok",US,"United States","North America",59.4332,-154.8022,35,,2699,160,"subarctic","small town",July,17,0,0,0,0,20,53,62,48,23,0,0,0
KNQ,"Koné",NC,"New Caledonia","Oceania",-21.0536,164.8388,7,4572,2540,121,"tropical — wet & dry seasons","beach resort",September,76,66,66,66,70,75,78,84,84,85,84,80,72
KNU,"Kanpur",IN,"India","Asia",26.4043,80.4101,124,3162000,2716,36,"Mediterranean","major city break",November,62,92,92,74,19,0,8,47,61,68,89,94,94
KNW,"New Stuyahok",US,"United States","North America",59.4518,-157.3738,104,2404,2757,152,"subarctic","small town",July,17,0,0,0,0,13,54,63,50,18,0,0,0
KNX,"Kununurra",AU,"Australia","Oceania",-15.7781,128.708,43,4515,3373,61,"tropical — wet & dry seasons","small town",July,68,65,65,65,85,98,98,99,89,49,28,26,43
KOC,"Koumac",NC,"New Caledonia","Oceania",-20.5463,164.2556,11,3060,2628,110,"tropical — wet & dry seasons","beach resort",September,79,70,67,67,73,78,81,86,86,88,87,84,77
KOI,"Kirkwall, Orkney Islands",GB,"United Kingdom","Europe",58.9579,-2.9051,11,7390,1372,245,"oceanic / maritime","seaside town",July,10,0,0,0,0,6,18,30,29,23,11,0,0
KOK,"Kokkola / Kruunupyy",FI,"Finland","Europe",63.7212,23.1431,24,69819,1552,187,"continental","seaside town",July,19,0,0,0,0,25,50,66,60,31,0,0,0
KOP,"Nakhon Phanom",TH,"Thailand","Asia",17.3838,104.643,172,34595,2453,135,"tropical — wet & dry seasons","small town",January,71,92,90,59,40,53,66,66,66,66,76,91,92
KOS,"Preah Sihanouk",KH,"Cambodia","Asia",10.5706,103.6321,2,,2365,162,"tropical monsoon","beach resort",January,72,88,88,80,68,65,65,65,65,65,65,70,84
KOT,"Kotlik",US,"United States","North America",63.0306,-163.533,1,,2788,132,"subarctic","seaside town",July,7,0,0,0,0,0,22,34,33,0,0,0,0
KOV,"Kokshetau",KZ,"Kazakhstan","Asia",53.3291,69.5946,263,150649,2468,129,"continental","regional city",August,34,0,0,0,15,78,84,81,85,59,0,0,0
KOZ,"Ouzinkie",US,"United States","North America",57.9421,-152.4643,28,6253,2662,191,"oceanic / maritime","seaside town",July,10,0,0,0,0,0,20,40,38,18,0,0,0
KPN,"Kipnuk",US,"United States","North America",59.9318,-164.0282,3,,2827,167,"subarctic","seaside town",July,10,0,0,0,0,0,28,40,38,13,0,0,0
KPO,"Pohang",KR,"South Korea","Asia",35.988,129.4204,20,492041,2365,103,"humid subtropical","coastal city break",May,43,0,0,20,50,75,70,65,65,65,73,35,0
KPV,"Perryville",US,"United States","North America",55.9065,-159.1609,7,8398,2828,202,"subarctic","seaside town",July,7,0,0,0,0,0,13,32,30,11,0,0,0
KPW,"Keperveem",RU,"Russia","Asia",67.845,166.14,187,5757,1917,145,"subpolar / tundra","small town",July,4,0,0,0,0,0,13,25,6,0,0,0,0
KQA,"Akutan",US,"United States","North America",54.1446,-165.6043,28,1040,2858,231,"subpolar / tundra","seaside town",August,1,0,0,0,0,0,0,0,7,0,0,0,0
KQH,"Ajmer (Kishangarh)",IN,"India","Asia",26.591,74.813,449,589985,2978,29,"semi-arid","city break",January,68,96,95,95,38,9,17,48,69,77,85,96,96
KQR,"Karara",AU,"Australia","Asia",-29.2172,116.6872,309,,3066,99,"semi-arid","small town",October,78,36,45,84,94,92,83,75,92,94,95,94,57
KQT,"Bokhtar",TJ,"Tajikistan","Asia",37.8663,68.8645,450,110800,2584,79,"semi-arid","regional city",September,52,0,7,58,87,90,56,38,56,94,93,44,0
KRC,"Sungai Penuh",ID,"Indonesia","Asia",-2.094,101.4702,790,102224,2059,211,"tropical rainforest","regional city",July,64,63,63,63,63,63,67,69,67,63,63,63,63
KRE,"Kirundo",BI,"Burundi","Asia",-2.5448,30.0946,1394,15511,2059,176,"tropical — wet & dry seasons","small town",July,72,69,71,63,63,72,84,87,83,77,68,63,67
KRF,"Nyland",SE,"Sweden","Europe",63.0486,17.7689,9,57606,1602,168,"subarctic","small town",July,19,0,0,0,0,25,56,65,57,30,0,0,0
KRI,"Kikori",PG,"Papua New Guinea","Asia",-7.4244,144.2501,13,,2059,223,"tropical monsoon","small town",August,71,63,63,63,63,69,76,79,81,78,77,72,64
KRN,"Kiruna",SE,"Sweden","Europe",67.822,20.3368,446,17037,1484,178,"subarctic","small town",July,7,0,0,0,0,0,18,38,29,0,0,0,0
KRO,"Kurgan",RU,"Russia","Asia",55.4753,65.4156,70,343129,2511,140,"continental","regional city",August,33,0,0,0,7,78,84,83,85,64,0,0,0
KRP,"Karup",DK,"Denmark","Europe",56.2971,9.1043,50,2176,1785,184,"oceanic / maritime","small town",July,30,0,0,0,20,46,62,74,73,57,24,0,0
KRW,"Turkmenbaşy",TM,"Turkmenistan","Asia",40.0628,53.0051,75,91745,2672,53,"cold desert","small town",June,57,0,0,31,68,93,94,94,94,94,85,31,0
KSA,"Okat",FM,"Micronesia","Asia",5.357,162.958,0,9686,,,"tropical rainforest","beach resort",January,63,63,63,63,63,63,63,63,63,63,63,63,63
KSD,"Karlstad",SE,"Sweden","Europe",59.4447,13.3374,100,61492,1723,162,"continental","small town",July,22,0,0,0,7,36,59,68,62,37,0,0,0
KSF,"Kassel",DE,"Germany","Europe",51.4184,9.3916,249,289924,1444,181,"oceanic / maritime","regional city",June,33,0,0,0,33,55,74,72,74,63,25,0,0
KSJ,"Kasos",GR,"Greece","Europe",35.4214,26.91,9,8707,3022,78,"Mediterranean","beach resort",July,67,32,27,37,53,78,96,97,97,94,88,64,38
KSL,"Kassala",SD,"Sudan","Asia",15.3875,36.3288,507,401477,3460,29,"hot desert","city break",January,54,90,60,40,10,10,29,68,79,73,49,60,80
KSM,"St Mary's",US,"United States","North America",62.0605,-163.302,93,,2823,139,"subarctic","small town",July,15,0,0,0,0,7,57,60,46,13,0,0,0
KSN,"Kostanay",KZ,"Kazakhstan","Asia",53.2069,63.5503,179,210000,2556,122,"continental","regional city",June,37,0,0,0,22,85,87,85,87,74,0,0,0
KSO,"Argos Orestiko",GR,"Greece","Europe",40.4463,21.2822,654,7473,2584,123,"humid subtropical","small town",July,50,0,0,21,49,84,86,88,88,83,68,27,0
KSQ,"Karshi",UZ,"Uzbekistan","Asia",38.8022,65.7731,373,386361,2847,56,"semi-arid","regional city",September,51,0,15,66,88,93,48,29,48,96,95,38,0
KSR,"Benteng",ID,"Indonesia","Asia",-6.1792,120.4375,5,,2803,131,"tropical — wet & dry seasons","beach resort",August,77,68,68,68,68,76,79,88,93,90,85,70,68
KSU,"Kvernberget",NO,"Norway","Europe",63.1118,7.8245,64,52626,1365,256,"oceanic / maritime","seaside town",July,16,0,0,0,0,23,36,51,49,29,0,0,0
KSZ,"Kotlas",RU,"Russia","Europe",61.2358,46.6975,54,59180,1810,204,"subarctic","small town",July,21,0,0,0,0,36,59,71,64,24,0,0,0
KTD,"Kitadaitōjima",JP,"Japan","Asia",25.9447,131.327,19,1285,,,"tropical monsoon","beach resort",February,71,80,82,79,70,63,63,72,63,65,67,73,75
KTP,"Tinson Pen",JM,"Jamaica","Asia",17.9886,-76.8238,4,937700,2540,121,"tropical — wet & dry seasons","coastal city break",February,80,88,90,89,86,73,78,81,75,71,66,78,85
KTS,"Brevig Mission",US,"United States","North America",65.3318,-166.4678,9,,2361,139,"subpolar / tundra","seaside town",July,5,0,0,0,0,0,14,26,19,0,0,0,0
KUA,"Kuantan",MY,"Malaysia","Asia",3.7754,103.209,18,548014,2102,163,"tropical rainforest","city break",February,64,64,68,64,64,64,64,64,64,64,64,64,64
KUD,"Kudat",MY,"Malaysia","Asia",6.9241,116.8371,3,32393,2409,203,"tropical rainforest","beach resort",April,65,65,65,65,70,65,65,65,65,65,65,65,65
KUG,"Kubin",AU,"Australia","Oceania",-10.2265,142.2196,4,2805,2453,137,"tropical — wet & dry seasons","beach resort",August,77,66,66,66,66,73,86,88,91,91,87,79,66
KUK,"Kasigluk",US,"United States","North America",60.8727,-162.5247,11,6450,2851,144,"subarctic","small town",July,17,0,0,0,0,14,57,61,52,20,0,0,0
KUM,"Yakushima",JP,"Japan","Asia",30.3856,130.659,27,17832,1621,246,"humid subtropical","beach resort",June,41,10,15,20,35,50,60,60,60,60,60,40,20
KUO,"Kuopio / Siilinjärvi",FI,"Finland","Europe",63.0071,27.7978,95,125462,1483,216,"continental","regional city",July,21,0,0,0,0,36,57,66,64,30,0,0,0
KUS,"Kulusuk",GL,"Greenland","Asia",65.5736,-37.1236,29,1985,1456,157,"subpolar / tundra","seaside town",January,0,0,0,0,0,0,0,0,0,0,0,0,0
KUU,"Bhuntar",IN,"India","Asia",31.8767,77.1544,1080,4475,2672,76,"oceanic / maritime","alpine / mountain town",April,60,14,28,56,88,88,72,67,67,68,85,61,31
KVA,"Kavala",GR,"Greece","Europe",40.9133,24.6192,2,54027,2540,74,"Mediterranean","beach resort",August,53,0,0,28,57,85,85,88,90,85,77,42,0
KVC,"King Cove",US,"United States","North America",55.1163,-162.266,44,1009,2856,232,"subpolar / tundra","seaside town",August,3,0,0,0,0,0,0,13,19,6,0,0,0
KVG,"Kavieng",PG,"Papua New Guinea","Asia",-2.5794,150.808,2,14490,2059,246,"tropical rainforest","beach resort",January,63,63,63,63,63,63,63,63,63,63,63,63,63
KVL,"Kivalina",US,"United States","North America",67.7346,-164.5599,2,,2286,116,"subpolar / tundra","seaside town",July,2,0,0,0,0,0,0,13,7,0,0,0,0
KVM,"Markovo",RU,"Russia","Asia",64.6654,170.4176,25,6340,2287,151,"subarctic","small town",July,12,0,0,0,0,0,41,59,40,0,0,0,0
KVO,"Kraljevo",RS,"Serbia","Europe",43.8175,20.5867,210,82846,1883,128,"humid subtropical","small town",August,44,0,0,20,52,73,73,77,79,79,59,20,0
KWA,"Kwajalein",MH,"Marshall Islands","Asia",8.7201,167.732,1,15000,,,"tropical rainforest","beach resort",February,66,75,76,71,63,63,63,63,63,63,63,63,64
KWB,"Karimunjawa",ID,"Indonesia","Asia",-5.8009,110.4784,13,1257912,2847,134,"tropical — wet & dry seasons","coastal city break",August,76,68,68,68,68,72,79,87,92,89,80,68,68
KWG,"Kryvyi Rih",UA,"Ukraine","Europe",48.0433,33.21,119,652380,1840,128,"hot-summer continental","city break",August,41,0,0,0,49,79,79,80,84,82,41,0,0
KWK,"Kwigillingok",US,"United States","North America",59.8765,-163.169,2,,2826,162,"subarctic","seaside town",July,9,0,0,0,0,0,28,40,31,13,0,0,0
KWM,"Kowanyama",AU,"Australia","Oceania",-15.4854,141.7526,10,,2891,78,"tropical — wet & dry seasons","small town",July,74,69,69,69,87,94,95,96,96,67,46,43,55
KWN,"Quinhagak",US,"United States","North America",59.7551,-161.845,11,,2822,156,"subarctic","seaside town",July,11,0,0,0,0,0,35,46,38,13,0,0,0
KWT,"Kwethluk",US,"United States","North America",60.7903,-161.444,5,6450,2849,140,"subarctic","small town",June,15,0,0,0,0,14,57,54,46,13,0,0,0
KWZ,"Kolwezi",CD,"Congo - Kinshasa","Asia",-10.7659,25.5057,1519,790248,2584,124,"tropical — wet & dry seasons","highland city",June,81,67,67,67,83,93,94,94,93,92,84,67,67
KXB,"Kolaka",ID,"Indonesia","Asia",-4.3382,121.524,14,,2672,141,"tropical monsoon","beach resort",August,73,67,67,67,67,67,67,76,87,87,83,72,67
KXF,"Koro",FJ,"Fiji","Asia",-17.3458,179.422,88,8360,2146,227,"tropical rainforest","beach resort",July,69,64,64,64,64,67,74,79,78,76,67,64,64
KXK,"Komsomolsk-on-Amur",RU,"Russia","Asia",50.409,136.934,29,275908,2275,123,"continental","regional city",June,28,0,0,0,0,52,78,71,71,65,0,0,0
KXO,"Kisoro",UG,"Uganda","Asia",-1.2837,29.7197,1893,17700,1796,198,"highland","highland town",July,68,71,69,62,62,62,77,81,75,68,62,62,66
KYD,"Orchid Island",TW,"Taiwan","Asia",22.027,121.535,5,175000,1971,184,"tropical monsoon","beach resort",February,73,82,84,82,80,63,63,63,63,63,71,76,80
KYK,"Karluk",US,"United States","North America",57.5659,-154.4538,39,,2710,186,"subarctic","seaside town",July,8,0,0,0,0,0,21,33,32,12,0,0,0
KYP,"Kyaukpyu",MM,"Myanmar (Burma)","Asia",19.4264,93.5348,6,180000,2453,140,"tropical — wet & dry seasons","beach resort",February,78,91,93,91,86,66,66,66,66,66,66,90,91
KYS,"Kayes",ML,"Mali","Asia",14.4825,-11.3993,50,194716,3066,57,"semi-arid","regional city",January,53,87,58,19,0,0,26,63,70,70,81,77,87
KYU,"Koyukuk",US,"United States","North America",64.8761,-157.727,40,,2653,118,"subarctic","small town",June,18,0,0,0,0,22,71,68,46,7,0,0,0
KYZ,"Kyzyl",RU,"Russia","Asia",51.6694,94.4006,648,116983,2355,106,"subarctic","regional city",June,29,0,0,0,0,51,86,80,84,43,0,0,0
KZI,"Kozani",GR,"Greece","Europe",40.2861,21.8408,614,36481,2716,112,"humid subtropical","small town",July,54,0,0,29,65,86,87,89,89,85,77,36,0
KZO,"Kyzylorda",KZ,"Kazakhstan","Asia",44.7069,65.5925,130,354800,2803,77,"cold desert","regional city",September,47,0,0,15,84,93,75,66,85,95,55,0,0
KZR,"Altıntaş",TR,"Türkiye","Asia",39.1111,30.1304,1011,16803,2672,114,"Mediterranean","alpine / mountain town",July,53,0,0,22,57,86,87,92,92,90,79,29,0
KZS,"Kastelorizo",GR,"Greece","Asia",36.1417,29.5764,145,,3110,93,"Mediterranean","beach resort",July,50,6,0,14,30,55,88,97,97,94,64,40,12
LAE,"Lae",PG,"Papua New Guinea","Asia",-6.568,146.7265,72,76255,2059,245,"tropical rainforest","small town",June,70,63,63,63,66,72,76,76,76,76,76,70,66
LAF,"West Lafayette",US,"United States","North America",40.4129,-86.9394,181,45550,2409,125,"hot-summer continental","small town",September,43,0,0,13,56,73,70,73,74,79,64,13,0
LAJ,"Lages",BR,"Brazil","South America",-27.7821,-50.2815,930,164676,2015,219,"oceanic / maritime","regional city",April,60,63,63,66,72,51,46,44,56,63,63,65,63
LAK,"Aklavik",CA,"Canada","Asia",68.2233,-135.006,5,3243,2172,97,"subarctic","small town",July,12,0,0,0,0,0,48,61,33,0,0,0,0
LAL,"Lakeland",US,"United States","North America",27.9893,-82.0207,39,104401,2891,107,"humid subtropical","regional city",November,80,86,87,84,86,79,69,69,69,69,84,89,86
LAO,"Laoag",PH,"Philippines","Asia",18.1751,120.531,6,207048,2716,98,"tropical monsoon","beach resort",February,74,90,91,91,72,67,67,67,67,67,67,70,77
LAQ,"Al Albraq",LY,"Libya","Asia",32.789,21.9549,646,129439,3022,63,"semi-arid","beach resort",June,71,30,30,47,64,87,97,97,97,95,92,68,43
LAR,"Laramie",US,"United States","North America",41.3121,-105.675,2216,32158,2935,100,"continental","alpine / mountain town",August,37,0,0,0,14,56,88,88,90,89,22,0,0
LAU,"Lamu",KE,"Kenya","Asia",-2.2524,40.9129,4,25385,3197,105,"tropical — wet & dry seasons","beach resort",February,86,96,97,93,76,71,80,89,92,91,82,80,88
LAW,"Lawton",US,"United States","North America",34.5677,-98.4166,334,96655,3022,74,"humid subtropical","small town",April,60,8,30,72,82,74,78,67,66,82,82,59,15
LBC,"Lübeck",DE,"Germany","Europe",53.8054,10.7192,15,235390,1693,176,"oceanic / maritime","regional city",June,34,0,0,0,27,59,76,74,75,65,32,0,0
LBF,"North Platte",US,"United States","North America",41.1262,-100.684,843,24194,2891,85,"hot-summer continental","small town",September,44,0,0,15,49,79,79,81,84,88,52,0,0
LBL,"Liberal",US,"United States","North America",37.0442,-100.96,875,20746,3066,73,"semi-arid","small town",April,58,0,16,69,90,87,76,59,75,90,89,48,0
LBP,"Long Banga",MY,"Malaysia","Asia",3.2021,115.4018,430,4107,1971,252,"tropical rainforest","small town",January,63,63,63,63,63,63,63,63,63,63,63,63,63
LBR,"Lábrea",BR,"Brazil","South America",-7.279,-64.7695,73,48927,1708,215,"tropical monsoon","small town",July,68,61,61,61,61,65,81,83,81,74,61,61,61
LBS,"Labasa",FJ,"Fiji","Asia",-16.4667,179.34,15,27949,2146,230,"tropical rainforest","beach resort",July,68,64,64,64,64,64,73,80,78,72,64,64,64
LBU,"Labuan",MY,"Malaysia","Asia",5.3017,115.2483,31,95120,2497,234,"tropical rainforest","beach resort",February,67,66,71,69,66,66,66,66,66,66,66,66,66
LBW,"Long Bawan",ID,"Indonesia","Asia",3.9005,115.6901,947,,2102,244,"tropical rainforest","small town",January,64,64,64,64,64,64,64,64,64,64,64,64,64
LCB,"Pontes e Lacerda",BR,"Brazil","South America",-15.1934,-59.3848,255,54795,2146,100,"tropical — wet & dry seasons","small town",July,70,64,64,64,77,83,89,90,71,60,58,61,64
LCE,"La Ceiba",HN,"Honduras","North America",15.7425,-86.853,13,222055,2260,173,"tropical monsoon","beach resort",April,70,65,74,78,84,75,67,70,69,65,65,65,65
LCH,"Lake Charles",US,"United States","North America",30.1261,-93.2233,3,76070,2584,102,"humid subtropical","small town",March,64,34,50,77,73,71,67,67,67,67,69,74,47
LCR,"La Chorrera",CO,"Colombia","South America",-1.4564,-72.8011,173,3246,1664,253,"tropical rainforest","small town",January,61,61,61,61,61,61,61,61,61,61,61,61,61
LCX,"Longyan (Liancheng)",CN,"China","Asia",25.6759,116.7459,371,1025087,1752,161,"humid subtropical","city break",October,62,44,62,61,61,61,61,62,61,66,80,76,53
LDG,"Leshukonskoye",RU,"Russia","Europe",64.896,45.723,64,4813,1568,221,"subarctic","small town",July,17,0,0,0,0,12,53,72,51,18,0,0,0
LDH,"Lord Howe",AU,"Australia","Oceania",-31.5382,159.0755,6,445,,,"humid subtropical","beach resort",May,74,76,78,76,76,80,74,63,65,73,68,76,77
LDU,"Lahad Datu",MY,"Malaysia","Asia",5.0324,118.3238,12,105622,2321,213,"tropical rainforest","beach resort",January,65,65,65,65,65,65,65,65,65,65,65,65,65
LDX,"Saint-Laurent-du-Maroni",GF,"French Guiana","South America",5.4819,-54.035,5,24287,2234,191,"tropical monsoon","small town",September,68,64,64,64,64,64,64,64,71,81,80,73,64
LDY,"Derry",GB,"United Kingdom","Europe",55.0428,-7.1611,2,450406,1343,238,"oceanic / maritime","city break",July,21,0,0,0,12,29,46,50,49,40,21,5,0
LEA,"Exmouth",AU,"Australia","Oceania",-22.2352,114.09,5,3692,3635,31,"hot desert","beach resort",September,94,85,84,83,96,95,92,97,99,100,100,99,99
LEB,"Lebanon",US,"United States","North America",43.6261,-72.3042,167,30262,2234,146,"continental","small town",September,33,0,0,0,19,62,70,72,74,75,29,0,0
LEC,"Lençóis",BR,"Brazil","South America",-12.4823,-41.277,495,10774,1840,200,"tropical — wet & dry seasons","small town",September,77,69,74,70,72,81,81,83,83,85,77,71,74
LEN,"León",ES,"Spain","Africa",42.5907,-5.6534,914,235651,2453,139,"Mediterranean","alpine / mountain city",July,51,0,7,28,49,85,87,90,90,88,67,20,0
LEQ,"Land's End, Cornwall",GB,"United Kingdom","Europe",50.1028,-5.6706,118,42690,1540,210,"oceanic / maritime","seaside town",July,23,6,0,0,13,19,38,49,49,44,28,17,11
LEU,"La Seu d'Urgell Pyrenees and Andorra",ES,"Spain","Asia",42.3386,1.4092,800,218535,2190,141,"oceanic / maritime","regional city",July,36,0,0,0,20,45,82,83,83,76,47,0,0
LEV,"Bureta",FJ,"Fiji","Asia",-17.7111,178.759,4,92043,2059,224,"tropical rainforest","beach resort",July,67,63,63,63,63,65,72,79,77,74,63,63,63
LFM,"Lamerd",IR,"Iran","Asia",27.3727,53.1888,405,29380,3241,30,"hot desert","beach resort",April,65,77,94,94,96,49,10,10,20,49,88,94,93
LGG,"Liège",BE,"Belgium","Europe",50.6386,5.4439,176,1743000,1442,196,"oceanic / maritime","city break",June,34,0,0,0,32,55,74,73,71,69,37,0,0
LGI,"Deadman's Cay",BS,"Bahamas","Asia",23.179,-75.0936,1,7314,2584,156,"semi-arid","beach resort",February,84,89,90,90,88,81,82,85,84,80,74,82,88
LGL,"Long Datih",MY,"Malaysia","Asia",3.421,115.154,467,5870,2190,237,"tropical rainforest","small town",January,64,64,64,64,64,64,64,64,64,64,64,64,64
LGZ,"Shannan",CN,"China","Asia",28.4224,92.3481,3937,354035,2628,112,"subpolar / tundra","highland city",June,13,0,0,0,0,22,40,35,32,28,0,0,0
LHL,"Lachin",AZ,"Azerbaijan","Asia",39.886,46.354,1688,330663,2409,99,"semi-arid","regional city",July,41,0,0,0,29,64,87,90,90,90,44,0,0
LHS,"Las Heras",AR,"Argentina","Asia",-46.5385,-68.9653,330,203507,2146,44,"semi-arid","regional city",January,52,90,89,87,58,14,0,0,7,37,67,89,88
LIF,"Lifou",NC,"New Caledonia","Oceania",-20.7746,167.2393,28,10375,2453,188,"tropical — wet & dry seasons","beach resort",September,76,68,70,66,68,75,77,81,82,84,81,81,77
LIK,"Likiep",MH,"Marshall Islands","Asia",9.8232,169.308,3,482,,,"tropical — wet & dry seasons","beach resort",February,72,83,84,79,74,73,71,66,63,63,63,63,78
LIO,"Limón",CR,"Costa Rica","Asia",9.958,-83.022,2,63081,2190,202,"tropical rainforest","beach resort",February,66,64,74,72,65,64,64,64,64,64,64,64,64
LIW,"Loikaw",MM,"Myanmar (Burma)","Asia",19.6915,97.2148,895,17293,2540,139,"humid subtropical","small town",February,78,91,93,92,77,66,66,66,66,66,71,88,92
LKA,"Tiwatobi",ID,"Indonesia","Asia",-8.2744,123.002,5,87720,2891,108,"tropical — wet & dry seasons","beach resort",August,83,69,69,69,83,87,91,93,95,94,90,84,69
LKB,"Lakeba",FJ,"Fiji","Asia",-18.1992,-178.817,75,2100,,,"tropical monsoon","beach resort",July,69,63,63,63,63,71,72,80,78,77,69,66,63
LKI,"Lubang",ID,"Indonesia","Asia",2.4113,96.3277,6,15000,2190,137,"tropical rainforest","beach resort",February,64,64,65,64,64,64,64,64,64,64,64,64,64
LKL,"Lakselv",NO,"Norway","Europe",70.0688,24.9735,5,2283,1386,194,"subarctic","seaside town",July,6,0,0,0,0,0,11,38,23,0,0,0,0
LKM,"Lolak",ID,"Indonesia","Asia",0.8885,124.0336,3,27624,2234,172,"tropical rainforest","beach resort",August,67,64,64,64,64,64,64,69,79,78,70,64,64
LKN,"Leknes",NO,"Norway","Europe",68.1525,13.6094,20,3556,1426,263,"oceanic / maritime","seaside town",July,7,0,0,0,0,0,12,30,30,11,0,0,0
LLB,"Libo",CN,"China","Asia",25.4525,107.9617,824,3830000,1358,181,"humid subtropical","major city break",October,56,20,47,67,67,59,59,59,59,64,72,64,34
LLF,"Yongzhou",CN,"China","Asia",26.3387,111.61,102,1020715,1533,177,"humid subtropical","city break",October,54,12,36,56,60,60,60,64,62,75,76,64,25
LLK,"Lankaran",AZ,"Azerbaijan","Asia",38.7579,48.807,0,89300,1971,94,"Mediterranean","small town",July,51,0,0,27,55,85,87,88,86,75,69,30,7
LLO,"Palopo",ID,"Indonesia","Asia",-3.0823,120.2448,7,184961,2540,147,"tropical rainforest","beach resort",January,66,66,66,66,66,66,66,66,66,66,66,66,66
LLW,"Lumbadzi",MW,"Malawi","Africa",-13.7894,33.781,1224,1115815,2759,86,"Mediterranean","city break",June,84,68,68,68,88,94,95,95,95,95,93,84,68
LMA,"Minchumina",US,"United States","North America",63.886,-152.302,215,,2630,131,"subarctic","small town",July,16,0,0,0,0,28,57,62,43,6,0,0,0
LMC,"La Macarena",CO,"Colombia","South America",2.1757,-73.7867,241,3466,1533,216,"tropical rainforest","small town",January,64,76,72,60,60,60,60,63,69,70,60,60,62
LME,"Le Mans",FR,"France","Europe",47.9486,0.2017,53,236096,1708,168,"oceanic / maritime","regional city",September,43,0,0,19,47,64,78,79,79,81,51,19,0
LMN,"Limbang",MY,"Malaysia","Asia",4.8083,115.01,4,38093,2453,219,"tropical rainforest","beach resort",February,66,66,67,66,66,66,66,66,66,66,66,66,66
LMY,"Lake Murray",PG,"Papua New Guinea","Asia",-7.0099,141.494,15,,1840,203,"tropical rainforest","small town",January,62,62,62,62,62,62,62,62,62,62,62,62,62
LNB,"Lamen Bay",VU,"Vanuatu","Asia",-16.5842,168.159,0,2998,2365,209,"tropical rainforest","beach resort",August,70,65,65,65,65,66,71,78,79,78,70,67,65
LNE,"Lonorore",VU,"Vanuatu","Asia",-15.8656,168.172,13,2998,2321,218,"tropical rainforest","beach resort",August,69,65,65,65,65,65,68,76,78,76,68,66,65
LNJ,"Lincang",CN,"China","Asia",23.7381,100.025,1895,323708,2190,172,"highland","highland city",March,67,50,75,88,82,70,64,64,64,65,69,64,52
LNO,"Leonora",AU,"Australia","Oceania",-28.8781,121.315,370,1267,3197,102,"semi-arid","small town",September,82,45,62,92,95,95,80,79,96,97,95,84,66
LNS,"Lancaster",US,"United States","North America",40.1217,-76.2961,119,225799,2453,122,"humid subtropical","regional city",May,42,0,0,6,51,75,71,71,73,72,61,20,0
LNU,"Malinau",ID,"Indonesia","Asia",3.5753,116.6198,6,25596,2190,216,"tropical rainforest","small town",January,64,64,64,64,64,64,64,64,64,64,64,64,64
LNV,"Londolovit",PG,"Papua New Guinea","Asia",-3.0436,152.629,52,1644,2015,254,"tropical rainforest","beach resort",January,63,63,63,63,63,63,63,63,63,63,63,63,63
LNY,"Lanai City",US,"United States","Oceania",20.7857,-156.9513,398,3102,2803,123,"tropical — wet & dry seasons","beach resort",June,83,80,81,76,85,86,88,88,87,86,83,80,80
LNZ,"Linz",AT,"Austria","Europe",48.2354,14.1881,294,349161,1577,160,"oceanic / maritime","regional city",June,33,0,0,0,45,61,63,62,62,63,37,0,0
LOD,"Longana",VU,"Vanuatu","Asia",-15.3067,167.967,32,13397,2365,215,"tropical rainforest","beach resort",August,68,65,65,65,65,65,66,75,77,76,66,65,65
LOH,"Catamayo",EC,"Ecuador","South America",-3.9956,-79.3719,1218,289141,1752,129,"highland","regional city",August,79,77,70,70,76,81,82,84,85,85,81,80,78
LPD,"La Pedrera",CO,"Colombia","South America",-1.3249,-69.5813,75,,1708,290,"tropical rainforest","small town",August,61,61,61,61,61,61,61,61,62,61,61,61,61
LPF,"Liupanshui (Zhongshan)",CN,"China","Asia",26.6094,104.979,1962,1320825,1621,204,"highland","highland city",March,57,21,57,82,78,65,60,60,60,65,60,49,21
LPI,"Linköping",SE,"Sweden","Europe",58.4049,15.6845,50,166673,1707,161,"continental","regional city",August,27,0,0,0,7,44,66,70,73,52,6,0,0
LPK,"Lipetsk",RU,"Russia","Europe",52.7028,39.5378,178,515655,1916,168,"continental","city break",August,34,0,0,0,20,74,77,79,81,68,7,0,0
LPM,"Lamap",VU,"Vanuatu","Asia",-16.4611,167.8293,4,2998,2365,205,"tropical rainforest","beach resort",August,70,65,65,65,65,66,71,78,79,78,70,67,65
LPP,"Lappeenranta",FI,"Finland","Europe",61.0446,28.1447,102,72909,1573,209,"continental","small town",July,23,0,0,0,0,38,59,71,71,37,0,0,0
LPQ,"Luang Phabang",LA,"Laos","Asia",19.9043,102.1672,293,55027,2146,149,"tropical — wet & dry seasons","small town",February,77,89,90,86,72,69,70,64,64,68,81,87,89
LPS,"Lopez",US,"United States","Asia",48.4839,-122.938,61,486903,1883,153,"oceanic / maritime","city break",July,34,0,0,6,19,47,62,86,85,67,29,5,0
LPU,"Long Apung-Borneo Island",ID,"Indonesia","Asia",1.7069,114.9699,643,,1971,240,"tropical rainforest","small town",January,63,63,63,63,63,63,63,63,63,63,63,63,63
LPY,"Chaspuzac, Haute-Loire",FR,"France","Europe",45.0807,3.7629,830,1423000,1971,156,"oceanic / maritime","city break",June,35,0,0,0,26,50,78,78,78,72,37,0,0
LQM,"Puerto Leguízamo",CO,"Colombia","South America",-0.1823,-74.7708,189,20045,1314,228,"tropical rainforest","small town",January,58,61,58,58,58,58,58,58,58,58,58,58,58
LRA,"Larissa",GR,"Greece","Asia",39.6503,22.4655,70,146926,2409,101,"Mediterranean","regional city",August,60,7,14,42,80,86,88,79,89,84,83,49,14
LRD,"Laredo",US,"United States","North America",27.5438,-99.4616,151,434768,2190,48,"semi-arid","city break",February,72,73,88,85,85,63,49,56,50,71,84,86,79
LRE,"Longreach",AU,"Australia","Oceania",-23.4342,144.28,189,3690,3504,45,"hot desert","small town",August,80,52,62,75,97,98,97,98,99,97,78,56,45
LRM,"La Romana",DO,"Dominican Republic","North America",18.4522,-68.9111,69,208437,2891,169,"semi-arid","beach resort",March,87,89,91,92,87,84,88,87,85,84,85,82,87
LRR,"Lar",IR,"Iran","Asia",27.6747,54.3833,803,62045,3197,32,"hot desert","small town",October,68,54,79,95,96,68,29,29,39,68,98,95,71
LRS,"Leros",GR,"Greece","Europe",37.1849,26.8003,4,19244,3154,88,"Mediterranean","beach resort",July,72,31,33,51,68,94,97,98,98,94,90,68,43
LRT,"Lorient/Lann/Bihoué",FR,"France","Europe",47.7606,-3.44,44,144899,1708,194,"oceanic / maritime","seaside town",September,47,6,12,25,46,65,79,79,78,80,53,29,11
LRU,"Las Cruces",US,"United States","North America",32.2894,-106.922,1354,115167,3592,46,"semi-arid","regional city",April,73,16,49,90,99,98,78,82,92,93,96,65,16
LRV,"Gran Roque Island",VE,"Venezuela","Asia",11.9469,-66.6683,2,7261,2409,146,"tropical — wet & dry seasons","beach resort",March,79,79,82,84,81,84,79,77,74,78,75,76,81
LSA,"Losuia",PG,"Papua New Guinea","Asia",-8.5058,151.081,8,,2190,214,"tropical rainforest","beach resort",January,64,64,64,64,64,64,64,64,64,64,64,64,64
LSE,"La Crosse",US,"United States","North America",43.879,-91.2567,198,52306,2540,112,"hot-summer continental","small town",July,37,0,0,0,38,71,68,75,73,75,47,0,0
LSH,"Lashio",MM,"Myanmar (Burma)","Asia",22.9779,97.7522,767,131000,2321,124,"semi-arid","regional city",February,85,89,92,91,88,83,75,74,77,83,85,90,91
LSI,"Lerwick, Shetland",GB,"United Kingdom","Europe",59.8789,-1.2956,1,6760,1269,252,"oceanic / maritime","seaside town",August,6,0,0,0,0,0,6,18,23,17,5,0,0
LSP,"Paraguaná",VE,"Venezuela","Asia",11.7808,-70.1515,24,246657,2935,69,"semi-arid","beach resort",March,88,91,93,94,93,90,91,90,89,84,75,78,86
LSR,"Kutacane",ID,"Indonesia","Asia",3.3915,97.8637,124,564979,2102,162,"tropical rainforest","city break",February,65,65,72,66,65,64,64,64,64,64,64,64,64
LSW,"Lhok Seumawe-Sumatra Island",ID,"Indonesia","Asia",5.2267,96.9503,27,200876,2102,139,"tropical rainforest","beach resort",February,66,64,71,66,64,64,69,67,65,64,64,64,64
LSY,"Lismore",AU,"Australia","Oceania",-28.8307,153.2584,9,3924,2716,135,"humid subtropical","small town",September,74,67,67,67,77,80,62,73,78,88,79,76,72
LTD,"Ghadames",LY,"Libya","Asia",30.1455,9.7021,341,12096,3460,8,"hot desert","small town",April,67,66,91,98,99,70,30,10,20,50,98,99,74
LTI,"Altai",MN,"Mongolia","Asia",46.3764,96.2211,2203,17617,3022,74,"semi-arid","small town",June,31,0,0,0,0,55,90,90,90,47,0,0,0
LTK,"Latakia",SY,"Syria","Asia",35.4011,35.9487,45,709000,2803,91,"Mediterranean","coastal city break",May,71,30,46,78,89,92,84,67,66,83,89,84,43
LTM,"Lethem",GY,"Guyana","Asia",3.3728,-59.7894,88,716,2672,192,"tropical — wet & dry seasons","small town",October,72,72,72,63,68,67,67,67,67,80,83,76,78
LTO,"Loreto",MX,"Mexico","North America",25.9895,-111.3484,2,24260,2759,15,"hot desert","beach resort",March,91,86,92,95,95,95,93,94,86,83,90,93,95
LTT,"Saint-Tropez",FR,"France","Europe",43.2054,6.482,18,5939,2672,94,"Mediterranean","beach resort",July,51,7,7,21,43,65,91,93,92,86,66,31,14
LTU,"Latur",IN,"India","Asia",18.4115,76.4647,651,382940,2803,44,"semi-arid","regional city",January,66,95,76,47,19,18,67,69,69,68,81,93,95
LTX,"Latacunga",EC,"Ecuador","Asia",-0.9068,-78.6158,2790,205624,1752,174,"highland","highland city",September,52,50,47,46,46,50,49,51,59,66,60,53,52
LUA,"Lukla",NP,"Nepal","Asia",27.6868,86.7295,2817,40000,2234,106,"subpolar / tundra","highland town",June,11,0,0,0,14,26,29,21,21,17,0,0,0
LUD,"Luderitz",NA,"Namibia","Africa",-26.6874,15.2429,128,15137,3416,12,"cold desert","seaside town",January,86,99,99,99,98,90,74,74,66,74,82,91,91
LUG,"Lugano",CH,"Switzerland","Europe",46.0043,8.9106,276,63185,1840,167,"oceanic / maritime","small town",July,32,0,0,0,29,48,67,70,66,65,34,0,0
LUP,"Kalaupapa",US,"United States","Oceania",21.211,-156.974,7,49914,2803,123,"tropical — wet & dry seasons","beach resort",June,83,80,81,76,85,86,88,88,87,86,83,80,80
LUQ,"San Luis",AR,"Argentina","South America",-33.2732,-66.3564,702,432310,3022,64,"humid subtropical","city break",September,80,66,76,82,88,85,72,64,87,93,87,80,77
LUR,"Cape Lisburne",US,"United States","North America",68.8751,-166.11,0,,1997,126,"subpolar / tundra","seaside town",January,0,0,0,0,0,0,0,0,0,0,0,0,0
LUV,"Langgur",ID,"Indonesia","Asia",-5.7603,132.7594,21,90470,2365,180,"tropical — wet & dry seasons","beach resort",August,73,65,65,65,65,65,69,82,87,87,85,78,65
LVI,"Livingstone",ZM,"Zambia","Asia",-17.8215,25.8196,989,178361,3167,69,"semi-arid","regional city",July,85,72,75,81,92,97,97,98,98,97,67,78,73
LVO,"Laverton",AU,"Australia","Oceania",-28.6143,122.4287,463,5001,3197,101,"hot desert","small town",September,82,44,61,92,94,95,80,80,96,97,95,84,65
LWB,"Lewisburg",US,"United States","North America",37.8579,-80.4004,695,11480,2190,151,"oceanic / maritime","small town",August,40,0,0,6,48,69,71,68,76,76,57,13,0
LWK,"Lerwick, Shetland Islands",GB,"United Kingdom","Europe",60.1922,-1.2436,8,6760,1214,257,"oceanic / maritime","seaside town",August,6,0,0,0,0,0,6,18,23,17,5,0,0
LWN,"Gyumri",AM,"Armenia","Asia",40.7504,43.8593,1518,148381,2321,142,"continental","alpine / mountain city",September,39,0,0,0,27,59,80,85,85,87,49,0,0
LWS,"Lewiston",US,"United States","North America",46.3745,-117.015,433,36202,2409,104,"Mediterranean","small town",July,48,0,0,20,55,82,84,91,90,89,62,7,0
LWY,"Lawas",MY,"Malaysia","Asia",4.8492,115.408,3,26002,2453,230,"tropical rainforest","beach resort",February,66,66,69,66,66,66,66,66,66,66,66,66,66
LXG,"Luang Namtha",LA,"Laos","Asia",20.967,101.4,551,3225,2146,149,"humid subtropical","small town",February,77,87,90,86,73,64,68,64,64,73,81,86,89
LXS,"Limnos",GR,"Greece","Europe",39.9171,25.2363,2,7762,2847,79,"Mediterranean","beach resort",August,52,6,7,21,37,67,91,92,94,87,63,41,19
LYC,"Lycksele",SE,"Sweden","Europe",64.5483,18.7162,211,8545,1563,178,"subarctic","small town",July,17,0,0,0,0,19,49,61,51,18,0,0,0
LYH,"Lynchburg",US,"United States","North America",37.3267,-79.2004,281,79812,2584,114,"humid subtropical","small town",August,52,0,7,39,76,73,75,75,77,74,77,39,6
LYP,"Faisalabad",PK,"Pakistan","Asia",31.3649,72.9953,180,3800193,3022,60,"semi-arid","major city break",October,61,79,93,91,65,9,0,23,33,53,96,95,95
LYR,"Longyearbyen",NO,"Norway","Europe",78.2461,15.4656,25,2417,1260,148,"subpolar / tundra","seaside town",January,0,0,0,0,0,0,0,0,0,0,0,0,0
LZG,"Nanchong (Langzhong)",CN,"China","Asia",31.5019,106.0344,438,2712894,1358,147,"humid subtropical","major city break",April,54,14,35,73,74,64,59,59,59,59,72,60,21
LZY,"Nyingchi (Mainling)",CN,"China","Asia",29.3033,94.3353,2946,200000,2584,114,"continental","highland city",August,22,0,0,0,14,40,46,50,53,41,22,0,0
MAG,"Madang",PG,"Papua New Guinea","Asia",-5.2071,145.789,7,27419,2015,233,"tropical rainforest","beach resort",August,66,63,63,63,63,63,68,73,77,70,68,63,63
MAJ,"Majuro Atoll",MH,"Marshall Islands","Oceania",7.0651,171.2717,0,25400,,,"tropical rainforest","beach resort",February,63,63,65,63,63,63,63,63,63,63,63,63,63
MAK,"Malakal",SS,"South Sudan","Asia",9.5587,31.6519,391,160765,2803,66,"semi-arid","regional city",July,55,57,38,19,18,49,69,70,68,69,70,66,67
MAM,"Matamoros",MX,"Mexico","North America",25.7699,-97.5253,6,52233,2540,62,"humid subtropical","small town",February,82,89,90,88,87,83,71,80,77,67,82,87,88
MAR,"Maracaibo",VE,"Venezuela","Asia",10.5575,-71.7293,68,2072000,3284,65,"semi-arid","major coastal city",December,69,88,78,76,63,56,62,54,53,58,67,83,92
MAS,"Manus Island",PG,"Papua New Guinea","Asia",-2.0619,147.424,3,5806,2059,232,"tropical rainforest","beach resort",January,63,63,63,63,63,63,63,63,63,63,63,63,63
MAZ,"Mayaguez",PR,"Puerto Rico","North America",18.2557,-67.1485,8,73077,2935,197,"tropical — wet & dry seasons","beach resort",February,80,88,90,87,83,75,81,79,74,69,69,73,86
MBD,"Mmabatho",ZA,"South Africa","Asia",-25.7984,25.548,1274,77110,3373,69,"semi-arid","small town",August,90,83,84,89,91,97,89,91,98,97,94,89,83
MBE,"Monbetsu",JP,"Japan","Asia",44.3039,143.404,18,356612,1752,250,"continental","seaside town",July,25,0,0,0,0,25,55,68,63,64,30,0,0
MBI,"Mbeya",TZ,"Tanzania","Asia",-8.9199,33.274,1340,541603,2847,121,"Mediterranean","city break",July,82,68,68,68,76,92,94,95,95,95,91,77,68
MBL,"Manistee",US,"United States","North America",44.2727,-86.2465,187,6084,2146,145,"continental","small town",July,27,0,0,0,0,19,51,79,77,70,24,0,0
MBS,"Freeland",US,"United States","North America",43.5332,-84.0831,201,6969,2146,136,"continental","small town",July,38,0,0,0,31,73,75,78,76,78,44,0,0
MBT,"Masbate",PH,"Philippines","Asia",12.3697,123.6301,9,47490,2278,179,"tropical rainforest","beach resort",April,66,65,65,65,76,65,65,65,65,65,65,65,65
MBX,"Maribor",SI,"Slovenia","Europe",46.4799,15.6861,262,96209,1971,151,"oceanic / maritime","small town",May,38,0,0,7,46,72,72,72,71,70,44,0,0
MCE,"Merced",US,"United States","North America",37.2847,-120.514,46,82436,3373,48,"Mediterranean","small town",September,69,28,43,65,92,96,89,50,69,99,95,68,28
MCG,"McGrath",US,"United States","North America",62.9529,-155.606,100,301,2668,136,"subarctic","small town",July,14,0,0,0,0,21,52,57,38,0,0,0,0
MCK,"McCook",US,"United States","North America",40.2078,-100.5928,780,7580,2847,82,"humid subtropical","small town",September,49,0,0,30,71,80,81,73,83,88,66,16,0
MCN,"Macon",US,"United States","North America",32.6928,-83.6492,105,91351,2847,109,"humid subtropical","small town",October,66,33,44,70,77,81,75,67,67,79,84,75,42
MCV,"McArthur River Mine",AU,"Australia","Asia",-16.4425,136.084,38,,3285,61,"tropical — wet & dry seasons","small town",May,68,57,64,64,82,98,98,98,98,59,38,27,38
MCW,"Mason City",US,"United States","North America",43.1598,-93.3297,362,27366,2540,111,"continental","small town",September,36,0,0,0,32,71,67,74,75,76,40,0,0
MDI,"Makurdi",NG,"Nigeria","Africa",7.7039,8.6139,99,390000,2380,78,"tropical — wet & dry seasons","regional city",January,73,92,72,69,66,67,65,65,65,65,65,87,92
MDK,"Mbandaka",CD,"Congo - Kinshasa","Asia",0.0226,18.2887,315,455011,2015,130,"tropical rainforest","city break",January,66,79,68,63,64,64,65,66,64,63,63,63,73
MDQ,"Mar del Plata",AR,"Argentina","South America",-37.9342,-57.5733,19,593337,2628,106,"oceanic / maritime","coastal city break",March,52,71,71,73,63,47,28,20,27,33,51,69,73
MDU,"Mendi",PG,"Papua New Guinea","Asia",-6.1477,143.657,1728,26252,1489,288,"tropical rainforest","highland town",August,61,60,60,60,60,60,60,66,67,61,61,60,60
MEB,"Melbourne",AU,"Australia","Oceania",-37.7281,144.902,79,5435590,2146,119,"humid subtropical","major coastal city",January,67,83,82,83,81,61,33,33,40,61,81,79,81
MEC,"Manta",EC,"Ecuador","South America",-0.9461,-80.6788,10,264281,1226,66,"semi-arid","beach resort",July,77,66,58,58,70,80,84,85,85,85,85,84,82
MEE,"Maré",NC,"New Caledonia","Oceania",-21.4824,168.0385,41,10375,2409,189,"tropical — wet & dry seasons","beach resort",September,76,68,71,65,67,74,77,80,81,84,80,82,79
MEG,"Malanje",AO,"Angola","Asia",-9.5251,16.3124,1169,455000,2234,88,"tropical — wet & dry seasons","city break",July,79,75,73,67,74,89,91,92,91,86,72,64,69
MEH,"Mehamn",NO,"Norway","Europe",71.0297,27.8267,3,779,1134,233,"subpolar / tundra","seaside town",July,1,0,0,0,0,0,0,6,0,0,0,0,0
MEI,"Meridian",US,"United States","North America",32.3326,-88.7519,87,90739,2365,107,"humid subtropical","small town",September,59,24,39,67,68,73,63,56,63,75,75,68,33
MEQ,"Kuala Pesisir",ID,"Indonesia","Asia",4.041,96.2533,2,64646,2059,129,"tropical rainforest","beach resort",January,63,63,63,63,63,63,63,63,63,63,63,63,63
MFA,"Kilindoni",TZ,"Tanzania","Africa",-7.9175,39.6685,27,23426,2803,113,"tropical — wet & dry seasons","beach resort",July,81,73,74,68,68,74,92,94,93,93,86,81,74
MFG,"Muzaffarabad",PK,"Pakistan","Asia",34.3388,73.5089,819,725000,2716,94,"humid subtropical","city break",October,58,0,6,45,79,85,82,72,72,85,89,60,15
MFJ,"Moala",FJ,"Fiji","Asia",-18.5667,179.951,6,8360,2015,219,"tropical rainforest","beach resort",July,67,63,63,63,63,65,70,76,75,72,63,63,63
MFK,"Matsu (Beigan)",TW,"Taiwan","Asia",26.2242,120.003,10,7815,1752,176,"humid subtropical","beach resort",October,53,25,25,32,54,61,61,62,61,61,77,68,44
MFU,"Mfuwe",ZM,"Zambia","Asia",-13.2589,31.9366,560,327059,2935,80,"tropical — wet & dry seasons","regional city",May,77,69,69,74,91,96,96,96,96,67,47,51,69
MGB,"Mount Gambier",AU,"Australia","Oceania",-37.7444,140.7806,61,25591,2190,110,"Mediterranean","small town",February,61,86,88,84,77,47,26,19,25,47,63,85,85
MGC,"Michigan City",US,"United States","North America",41.7033,-86.8212,196,31459,2365,133,"hot-summer continental","small town",September,39,0,0,0,38,72,75,74,73,78,50,7,0
MGH,"Margate",ZA,"South Africa","Asia",-30.8574,30.343,150,34407,2540,132,"oceanic / maritime","beach resort",May,72,69,75,73,79,86,81,71,71,66,58,61,69
MGT,"Milingimbi",AU,"Australia","Asia",-12.0944,134.894,14,2325,2891,100,"tropical — wet & dry seasons","beach resort",August,83,69,69,69,69,90,94,95,96,96,94,87,69
MGW,"Morgantown",US,"United States","North America",39.6433,-79.9176,376,30708,1883,163,"humid subtropical","small town",September,41,0,0,12,53,68,69,68,73,74,61,19,0
MGZ,"Myeik",MM,"Myanmar (Burma)","Asia",12.4398,98.6215,12,266720,2540,185,"tropical — wet & dry seasons","beach resort",December,74,87,82,74,75,68,68,67,71,66,66,72,89
MHC,"Dalcahue",CL,"Chile","Asia",-42.3404,-73.7157,155,13076,2278,75,"oceanic / maritime","seaside town",February,30,58,60,43,30,16,11,5,11,19,24,37,51
MHG,"Mannheim",DE,"Germany","Europe",49.4731,8.5142,93,2362000,1533,169,"oceanic / maritime","major city break",September,39,0,0,13,46,67,76,75,74,78,44,0,0
MHH,"Marsh Harbour",BS,"Bahamas","Asia",26.5107,-77.0843,2,5314,2847,174,"tropical — wet & dry seasons","beach resort",February,81,88,89,87,85,78,75,77,76,69,77,85,89
MHK,"Manhattan",US,"United States","North America",39.141,-96.6708,318,1487536,2803,91,"humid subtropical","city break",October,50,0,0,36,80,72,73,69,74,81,83,30,0
MHM,"Manaoba",SB,"Solomon Islands","Asia",-8.325,160.8005,13,7020,2015,246,"tropical rainforest","beach resort",January,63,63,63,63,63,63,63,63,63,63,63,63,63
MHQ,"Mariehamn",FI,"Finland","Europe",60.1222,19.8982,2,14750,1618,173,"continental","seaside town",July,13,0,0,0,0,0,26,52,51,26,0,0,0
MHU,"Mount Hotham",AU,"Australia","Asia",-37.0475,147.334,1298,17666,2146,159,"oceanic / maritime","alpine / mountain town",January,43,79,77,78,53,20,0,0,0,20,44,68,76
MHX,"Manihiki",CK,"Cook Islands","Asia",-10.3809,-160.9994,7,,,,"tropical rainforest","beach resort",August,70,63,63,63,72,72,74,73,79,78,68,70,63
MII,"Marília",BR,"Brazil","South America",-22.1969,-49.9265,643,240590,2278,125,"tropical — wet & dry seasons","regional city",July,75,65,65,72,80,77,84,85,85,80,72,68,65
MIJ,"Mili",MH,"Marshall Islands","Asia",6.0848,171.7314,2,854,,,"tropical rainforest","beach resort",January,63,63,63,63,63,63,63,63,63,63,63,63,63
MIM,"Merimbula",AU,"Australia","Oceania",-36.9086,149.901,2,3973,2321,141,"oceanic / maritime","seaside town",January,61,80,72,77,74,56,39,34,41,56,60,70,78
MIS,"Misima",PG,"Papua New Guinea","Asia",-10.6892,152.838,8,,2234,220,"tropical rainforest","beach resort",August,65,64,64,64,64,64,64,66,72,66,64,64,65
MIU,"Maiduguri",NG,"Nigeria","Africa",11.8542,13.0807,332,1110000,3022,40,"semi-arid","city break",January,57,97,58,29,10,19,42,56,69,79,65,68,97
MJE,"Majkin",MH,"Marshall Islands","Asia",8.1634,168.1739,7,15000,,,"tropical rainforest","beach resort",February,65,71,72,69,63,63,63,63,63,63,63,63,63
MJF,"Mosjøen",NO,"Norway","Europe",65.784,13.2149,63,9636,1398,272,"subarctic","small town",July,10,0,0,0,0,0,21,42,37,15,0,0,0
MJK,"Denham",AU,"Australia","Asia",-25.8973,113.5758,35,,3460,59,"hot desert","beach resort",October,97,98,96,96,98,96,91,94,96,98,99,99,98
MJM,"Mbuji Mayi",CD,"Congo - Kinshasa","Asia",-6.1212,23.569,676,2101332,2234,116,"tropical — wet & dry seasons","major city break",June,72,67,65,65,72,86,90,82,67,73,67,64,64
MJN,"Mahajanga",MG,"Madagascar","Africa",-15.6668,46.3512,15,260556,3223,94,"tropical — wet & dry seasons","beach resort",August,85,71,71,71,85,95,95,95,96,96,93,78,71
MJY,"Motygino",RU,"Russia","Asia",58.1809,94.7453,166,6625,2044,189,"subarctic","small town",August,24,0,0,0,0,26,79,78,80,26,0,0,0
MJZ,"Mirny",RU,"Russia","Asia",62.5347,114.039,353,40308,2126,182,"subarctic","small town",July,17,0,0,0,0,0,63,75,60,0,0,0,0
MKG,"Muskegon",US,"United States","North America",43.1695,-86.2382,189,38401,2190,147,"continental","small town",July,31,0,0,0,6,36,69,77,76,77,30,0,0
MKK,"Kaunakakai",US,"United States","Oceania",21.1529,-157.096,135,3425,2891,108,"tropical — wet & dry seasons","beach resort",June,84,81,82,76,85,87,89,89,87,87,83,81,80
MKM,"Mukah",MY,"Malaysia","Asia",2.8819,112.0433,7,33478,2015,268,"tropical rainforest","beach resort",January,63,63,63,63,63,63,63,63,63,63,63,63,63
MKP,"Makemo",PF,"French Polynesia","Oceania",-16.5839,-143.658,3,,,,"tropical — wet & dry seasons","beach resort",August,75,63,67,71,75,76,80,84,85,83,76,73,63
MKU,"Makokou",GA,"Gabon","Asia",0.5792,12.8909,516,24823,1445,128,"tropical monsoon","small town",July,65,72,66,59,59,59,72,79,72,59,59,59,60
MKZ,"Malacca",MY,"Malaysia","Asia",2.2656,102.2528,8,788706,2234,199,"tropical rainforest","coastal city break",February,65,64,71,64,64,64,64,64,64,64,64,64,64
MLL,"Marshall",US,"United States","North America",61.8643,-162.026,25,23820,2818,134,"subarctic","small town",June,17,0,0,0,0,14,64,60,52,13,0,0,0
MLO,"Milos",GR,"Greece","Europe",36.6969,24.4769,0,11351,2891,58,"Mediterranean","beach resort",July,69,32,33,43,61,77,95,96,96,92,86,68,45
MLU,"Monroe",US,"United States","North America",32.5109,-92.0377,22,49598,2759,104,"humid subtropical","small town",September,60,24,35,66,71,74,76,60,62,78,71,70,35
MLY,"Manley Hot Springs",US,"United States","North America",64.9919,-150.6441,80,,2655,121,"subarctic","small town",June,26,0,0,0,0,52,84,82,68,22,0,0,0
MMD,"Minamidaito",JP,"Japan","Asia",25.8465,131.263,46,1200,,,"tropical monsoon","beach resort",February,71,80,82,79,70,63,63,72,63,65,67,73,75
MME,"Darlington, Durham",GB,"United Kingdom","Europe",54.5092,-1.4294,35,1529000,1475,186,"oceanic / maritime","city break",July,27,0,0,0,19,38,54,66,64,50,30,6,0
MMH,"Mammoth Lakes",US,"United States","North America",37.6254,-118.8431,2168,7946,3241,68,"continental","alpine / mountain town",June,40,0,0,0,0,46,97,96,97,97,46,0,0
MMJ,"Matsumoto",JP,"Japan","Asia",36.1668,137.923,656,241145,1927,207,"humid subtropical","regional city",May,37,0,0,0,43,70,63,62,62,62,52,26,0
MMO,"Vila do Maio",CV,"Cape Verde","Africa",15.1559,-23.2137,10,4472,1139,32,"semi-arid","beach resort",April,80,80,82,83,84,84,84,82,74,69,76,78,80
MMZ,"Maymana",AF,"Afghanistan","Asia",35.9308,64.7609,831,75900,2759,48,"semi-arid","small town",June,64,0,15,59,91,93,95,86,95,95,95,38,8
MNC,"Nacala",MZ,"Mozambique","Asia",-14.4882,40.7122,110,239808,3066,89,"tropical — wet & dry seasons","beach resort",September,84,70,70,70,76,94,91,94,94,95,94,90,70
MNF,"Mana",FJ,"Fiji","Asia",-17.6728,177.0985,5,52500,2278,220,"tropical monsoon","beach resort",July,72,65,65,65,65,75,80,83,82,81,70,69,65
MNG,"Maningrida",AU,"Australia","Oceania",-12.0561,134.234,30,2325,2935,98,"tropical — wet & dry seasons","beach resort",July,83,69,69,69,71,92,95,96,96,96,93,86,69
MNI,"Gerald's Park",MS,"Montserrat","North America",16.7918,-62.1932,167,1000,2759,211,"tropical — wet & dry seasons","beach resort",February,81,88,91,89,87,80,81,77,75,73,68,75,84
MNJ,"Mananjary",MG,"Madagascar","Asia",-21.2018,48.3583,6,26712,2497,195,"tropical — wet & dry seasons","beach resort",September,75,66,66,66,72,77,81,82,87,88,82,72,66
MNT,"Minto",US,"United States","North America",65.148,-149.3687,147,32325,2599,116,"subarctic","small town",June,23,0,0,0,0,44,82,80,60,14,0,0,0
MNU,"Mawlamyine",MM,"Myanmar (Burma)","Asia",16.4447,97.6607,22,438861,2716,152,"tropical — wet & dry seasons","coastal city break",February,79,93,94,90,86,67,67,67,67,67,67,90,93
MNX,"Manicoré",BR,"Brazil","South America",-5.8114,-61.2783,45,57758,1752,240,"tropical monsoon","small town",July,66,61,61,61,61,61,74,79,78,74,61,61,61
MNY,"Stirling Island",SB,"Solomon Islands","Asia",-7.4169,155.565,26,,2015,244,"tropical rainforest","beach resort",January,63,63,63,63,63,63,63,63,63,63,63,63,63
MOC,"Montes Claros",BR,"Brazil","South America",-16.7069,-43.8189,663,414240,2628,177,"tropical — wet & dry seasons","city break",June,82,68,75,72,87,92,94,94,94,91,80,67,67
MOF,"Waioti",ID,"Indonesia","Asia",-8.6395,122.2381,30,87720,2935,104,"tropical — wet & dry seasons","beach resort",August,83,69,69,69,81,87,91,93,95,94,90,83,69
MOG,"Mong Hsat",MM,"Myanmar (Burma)","Asia",20.5168,99.2568,579,51553,2453,138,"tropical — wet & dry seasons","small town",February,77,90,93,89,74,66,67,66,66,66,74,87,91
MOH,"Morowali",ID,"Indonesia","Asia",-2.2011,121.6629,3,25477,2409,158,"tropical rainforest","beach resort",September,67,65,65,65,65,65,65,65,70,72,71,65,65
MOI,"Mitiaro",CK,"Cook Islands","Asia",-19.8425,-157.703,10,,,,"tropical rainforest","beach resort",June,69,63,63,63,63,65,79,78,78,79,73,63,63
MOJ,"Moengo",SR,"Suriname","Asia",5.6076,-54.4003,15,10834,2321,190,"tropical rainforest","small town",September,67,65,65,66,65,65,65,65,71,81,64,66,65
MOQ,"Morondava",MG,"Madagascar","Africa",-20.2847,44.3176,7,56671,3460,53,"tropical — wet & dry seasons","beach resort",July,88,72,72,77,92,97,98,99,99,97,95,81,74
MOU,"Mountain Village",US,"United States","North America",62.0954,-163.682,95,1395,2824,141,"subarctic","small town",July,14,0,0,0,0,7,50,53,46,13,0,0,0
MOV,"Moranbah",AU,"Australia","Oceania",-22.0578,148.077,229,12068,3022,87,"humid subtropical","small town",September,83,69,69,78,89,92,91,93,93,94,91,69,62
MOZ,"Moorea-Maiao",PF,"French Polynesia","Oceania",-17.4898,-149.7618,6,29851,,,"tropical — wet & dry seasons","beach resort",September,72,63,63,67,69,74,78,81,82,83,75,69,63
MPA,"Mpacha",NA,"Namibia","Africa",-17.6343,24.1767,953,33615,3110,68,"Mediterranean","small town",May,83,70,72,77,90,97,97,97,97,87,67,75,70
MPC,"Muko Muko",ID,"Indonesia","Asia",-2.5411,101.0877,3,102224,2409,184,"tropical rainforest","beach resort",July,67,65,65,65,65,68,72,73,72,68,65,65,65
MPN,"Mount Pleasant",FK,"Falkland Islands","Asia",-51.8226,-58.4458,66,2213,1754,121,"oceanic / maritime","seaside town",January,10,32,26,19,0,0,0,0,0,0,0,13,26
MPW,"Mariupol",UA,"Ukraine","Asia",47.0761,37.4496,74,481626,1927,130,"hot-summer continental","coastal city break",August,38,0,0,0,21,75,80,82,85,83,35,0,0
MPY,"Maripasoula",GF,"French Guiana","South America",3.6559,-54.0394,118,8423,2234,203,"tropical monsoon","small town",September,65,64,64,64,64,64,64,64,72,83,56,61,64
MQC,"Miquelon",PM,"St. Pierre & Miquelon","North America",47.0955,-56.3803,2,1141,1402,175,"subarctic","seaside town",August,12,0,0,0,0,0,6,34,53,34,11,0,0
MQF,"Magnitogorsk",RU,"Russia","Asia",53.392,58.7552,431,413351,2322,146,"continental","city break",June,32,0,0,0,0,70,83,82,83,65,0,0,0
MQJ,"Khonuu",RU,"Russia","Asia",66.4509,143.2616,199,2052,2200,141,"subarctic","small town",July,11,0,0,0,0,0,40,57,33,0,0,0,0
MQL,"Mildura",AU,"Australia","Oceania",-34.2292,142.086,50,34565,2759,80,"semi-arid","small town",March,78,73,81,92,92,76,53,46,61,92,91,89,91
MQN,"Mo i Rana",NO,"Norway","Europe",66.3639,14.3014,70,18866,1405,256,"subarctic","small town",July,10,0,0,0,0,0,15,44,44,20,0,0,0
MQP,"Mbombela",ZA,"South Africa","Asia",-25.3833,31.1053,858,348138,2978,85,"humid subtropical","regional city",June,86,72,79,82,87,94,95,95,95,92,87,80,74
MQS,"Lovell",VC,"St. Vincent & Grenadines","Asia",12.8879,-61.1802,0,24518,2847,199,"tropical — wet & dry seasons","beach resort",February,85,91,93,92,92,88,83,82,80,80,76,79,88
MQT,"Gwinn",US,"United States","North America",46.3515,-87.3959,360,1917,2146,156,"continental","small town",August,26,0,0,0,0,31,61,75,77,61,12,0,0
MQX,"Mekele",ET,"Ethiopia","Asia",13.4674,39.5335,2245,457900,2978,66,"semi-arid","highland city",January,89,96,95,94,87,92,89,69,70,89,92,95,95
MRA,"Misrata",LY,"Libya","Asia",32.325,15.061,9,386120,3197,43,"semi-arid","beach resort",June,86,59,60,79,96,97,98,98,98,93,92,93,73
MRE,"Serena",KE,"Kenya","Asia",-1.4046,35.0083,1608,112417,2847,169,"tropical — wet & dry seasons","highland city",July,79,76,83,69,68,77,87,91,87,86,82,71,70
MRX,"Mahshahr",IR,"Iran","Asia",30.5562,49.1519,4,996000,2847,41,"hot desert","coastal city break",March,53,67,85,93,93,38,0,0,0,19,76,89,81
MRZ,"Moree",AU,"Australia","Oceania",-29.4989,149.845,213,9779,2978,100,"humid subtropical","small town",May,81,65,75,85,91,92,74,68,84,90,88,83,73
MSA,"Muskrat Dam",CA,"Canada","Asia",53.4414,-91.7628,275,,2074,143,"subarctic","small town",August,23,0,0,0,0,26,67,72,74,38,0,0,0
MSL,"Muscle Shoals",US,"United States","North America",34.7451,-87.613,162,13706,2497,114,"humid subtropical","small town",September,55,6,23,53,70,71,74,71,74,75,75,50,17
MSS,"Massena",US,"United States","North America",44.9362,-74.8443,61,10629,1883,149,"continental","small town",August,33,0,0,0,19,61,69,71,74,73,29,0,0
MST,"Maastricht",NL,"Netherlands","Europe",50.9111,5.7694,111,122378,1368,196,"oceanic / maritime","regional city",September,39,0,0,13,46,69,74,73,72,76,44,6,0
MSU,"Maseru(Mazenod)",LS,"Lesotho","Asia",-29.4563,27.5545,1627,361324,3154,93,"oceanic / maritime","highland city",September,76,79,81,84,86,78,47,48,70,94,87,82,79
MSZ,"Moçâmedes",AO,"Angola","Asia",-15.2612,12.1468,66,255000,2190,32,"hot desert","beach resort",June,89,86,86,82,90,91,92,91,91,90,91,90,90
MTF,"Mizan Teferi",ET,"Ethiopia","Asia",6.9571,35.5547,1339,62000,2847,100,"tropical — wet & dry seasons","small town",January,75,90,87,79,68,68,68,70,68,68,68,77,84
MTP,"Montauk",US,"United States","North America",41.0765,-71.9208,2,3326,2584,120,"oceanic / maritime","seaside town",July,31,0,0,0,0,26,63,77,77,76,41,13,0
MTT,"Coatzacoalcos",MX,"Mexico","North America",18.1034,-94.5807,8,310698,2102,133,"tropical monsoon","beach resort",March,68,69,79,81,77,58,64,64,64,64,64,64,68
MUA,"Munda",SB,"Solomon Islands","Asia",-8.328,157.263,2,3144,2015,236,"tropical rainforest","beach resort",January,63,63,63,63,63,63,63,63,63,63,63,63,63
MUB,"Maun",BW,"Botswana","Africa",-19.9705,23.4314,941,85350,3330,57,"semi-arid","small town",July,84,76,79,84,94,98,98,99,99,89,57,63,72
MUE,"Waimea (Kamuela)",US,"United States","Oceania",20.0013,-155.668,813,43263,2234,212,"tropical rainforest","beach resort",June,68,69,66,64,64,69,75,72,69,72,68,64,64
MUH,"Marsa Matruh",EG,"Egypt","Africa",31.3243,27.2223,25,176498,3285,40,"hot desert","beach resort",June,84,53,55,64,81,98,99,99,99,98,97,93,68
MUK,"Mauke",CK,"Cook Islands","Asia",-20.1361,-157.345,10,,,,"tropical rainforest","beach resort",June,69,63,63,63,63,65,79,78,78,79,73,63,63
MUN,"Maturín",VE,"Venezuela","Asia",9.749,-63.1533,60,647459,2628,181,"tropical — wet & dry seasons","city break",January,72,85,80,62,61,63,67,67,70,76,77,78,78
MUR,"Marudi",MY,"Malaysia","Asia",4.1787,114.3303,20,90100,2321,234,"tropical rainforest","small town",January,65,65,65,65,65,65,65,65,65,65,65,65,65
MUU,"Maraú",BR,"Brazil","Asia",-13.9061,-38.9408,7,45124,2365,251,"tropical rainforest","beach resort",September,74,75,74,71,68,68,71,73,76,81,79,74,78
MUZ,"Musoma",TZ,"Tanzania","Africa",-1.503,33.8021,1149,164172,2759,158,"tropical — wet & dry seasons","regional city",July,78,81,82,68,68,75,88,90,85,82,75,68,71
MVB,"Franceville",GA,"Gabon","Asia",-1.6562,13.438,440,132895,1577,142,"tropical — wet & dry seasons","regional city",July,66,63,61,60,60,60,80,85,82,65,60,60,60
MVF,"Mossoró",BR,"Brazil","South America",-5.2019,-37.3643,19,264577,2759,211,"tropical — wet & dry seasons","regional city",July,74,71,75,72,68,77,85,90,75,66,66,66,74
MVP,"Mitú",CO,"Colombia","South America",1.2537,-70.2339,175,29850,1621,214,"tropical rainforest","small town",January,60,60,60,60,60,60,60,60,60,60,60,60,60
MVQ,"Mogilev",BY,"Belarus","Asia",53.9549,30.0951,193,369200,1909,189,"continental","regional city",August,32,0,0,0,20,63,75,72,76,68,13,0,0
MVR,"Maroua",CM,"Cameroon","Africa",10.4514,14.2574,421,319941,2978,73,"semi-arid","regional city",October,56,77,48,19,19,35,53,69,69,72,81,58,68
MWA,"Marion",US,"United States","North America",37.7512,-89.0166,137,37330,2584,112,"humid subtropical","small town",September,48,0,0,31,65,71,75,75,79,80,76,26,0
MWL,"Mineral Wells",US,"United States","North America",32.7816,-98.0602,286,14754,2891,73,"humid subtropical","small town",March,64,30,43,83,83,76,71,52,51,82,81,80,37
MWQ,"Magway",MM,"Myanmar (Burma)","Asia",20.1656,94.9414,90,96954,2497,122,"semi-arid","small town",January,72,92,84,46,36,51,59,70,75,82,80,92,92
MWX,"Muan (Piseo-ri)",KR,"South Korea","Asia",34.9914,126.3828,12,1440000,2278,120,"humid subtropical","coastal city break",October,42,0,0,13,43,67,65,65,65,66,81,42,0
MWZ,"Mwanza",TZ,"Tanzania","Africa",-2.4466,32.936,1149,1104521,2759,139,"tropical — wet & dry seasons","city break",July,79,79,81,70,69,82,92,93,89,85,73,68,70
MXH,"Moro",PG,"Papua New Guinea","Asia",-6.3633,143.238,833,26252,1708,278,"tropical rainforest","small town",January,61,61,61,61,61,61,61,61,61,61,61,61,61
MXV,"Mörön",MN,"Mongolia","Asia",49.6637,100.1,1299,39404,2803,83,"subarctic","alpine / mountain town",June,29,0,0,0,0,53,86,82,82,46,0,0,0
MXW,"Mandalgobi",MN,"Mongolia","Asia",45.7381,106.269,1383,12339,3022,74,"cold desert","small town",June,37,0,0,0,16,79,93,91,91,71,0,0,0
MXX,"Mora",SE,"Sweden","Europe",60.9579,14.5114,192,12602,1630,164,"subarctic","small town",July,18,0,0,0,0,29,52,61,50,25,0,0,0
MXZ,"Meizhou (Meixian)",CN,"China","Asia",24.2634,116.0979,91,1899394,1927,150,"humid subtropical","city break",October,69,79,79,64,62,62,62,56,56,66,83,79,82
MYA,"Moruya",AU,"Australia","Oceania",-35.8978,150.144,10,3943,2453,134,"oceanic / maritime","beach resort",April,65,80,71,77,82,57,39,35,42,64,81,78,79
MYD,"Malindi",KE,"Kenya","Asia",-3.2293,40.1017,22,119859,3110,129,"tropical — wet & dry seasons","beach resort",February,85,93,95,88,77,70,85,92,93,91,80,75,83
MYE,"Miyakejima",JP,"Japan","Asia",34.0736,139.56,34,21402,1752,206,"humid subtropical","beach resort",July,38,6,6,15,31,41,51,61,61,61,56,43,24
MYG,"Abraham Bay Settlement",BS,"Bahamas","Asia",22.3795,-73.0135,3,235,2540,156,"tropical — wet & dry seasons","beach resort",February,83,88,90,89,88,77,81,86,83,78,71,78,87
MYI,"Murray",AU,"Australia","Asia",-9.9151,144.0546,69,406,2234,170,"tropical — wet & dry seasons","beach resort",September,75,64,64,64,64,68,82,85,88,89,86,80,64
MYK,"May Creek",US,"United States","Asia",61.3357,-142.687,505,,2337,139,"subpolar / tundra","small town",July,5,0,0,0,0,0,13,29,22,0,0,0,0
MYL,"McCall",US,"United States","North America",44.8888,-116.1011,1527,3106,2584,115,"continental","alpine / mountain town",July,34,0,0,0,0,41,78,92,92,89,21,0,0
MYP,"Mary",TM,"Turkmenistan","Asia",37.6235,61.8957,221,178708,2803,45,"cold desert","regional city",September,53,0,23,75,91,84,38,19,48,96,94,54,8
MYQ,"Mysore",IN,"India","Asia",12.2298,76.6537,723,920550,2453,56,"tropical — wet & dry seasons","city break",January,75,93,83,62,58,73,74,71,74,71,67,80,90
MYT,"Myitkyina",MM,"Myanmar (Burma)","Asia",25.3836,97.3519,142,90894,2321,115,"humid subtropical","small town",February,79,89,91,89,76,64,65,65,67,76,81,91,91
MYU,"Mekoryuk",US,"United States","North America",60.3723,-166.2698,14,206,2722,175,"subarctic","seaside town",August,3,0,0,0,0,0,0,13,20,6,0,0,0
MYW,"Mtwara",TZ,"Tanzania","Africa",-10.3362,40.182,113,140793,2935,128,"tropical — wet & dry seasons","beach resort",July,80,69,69,69,69,85,92,94,93,93,83,76,69
MZH,"Amasya",TR,"Türkiye","Asia",40.8294,35.522,534,114921,2803,117,"Mediterranean","regional city",August,55,0,0,29,66,85,86,92,93,89,88,36,0
MZI,"Mopti",ML,"Mali","Asia",14.5128,-4.0796,271,186187,3110,49,"semi-arid","regional city",January,53,97,68,29,10,0,25,50,70,71,56,68,97
MZL,"Manizales",CO,"Colombia","South America",5.0296,-75.4647,2093,434403,1577,202,"highland","highland city",August,42,45,44,40,40,40,41,43,46,45,40,35,40
MZQ,"Mkuze",ZA,"South Africa","Asia",-27.6261,32.0443,126,33182,2716,76,"humid subtropical","small town",May,83,71,76,79,86,92,92,92,91,88,82,74,73
MZR,"Mazar-i-Sharif",AF,"Afghanistan","Asia",36.7041,67.2105,387,523300,2759,46,"cold desert","city break",September,64,8,30,83,92,93,67,57,76,95,95,53,15
MZS,"Moradabad",IN,"India","Asia",28.8175,78.9219,192,787000,2672,36,"humid subtropical","city break",November,65,91,90,91,37,0,7,47,67,67,92,94,93
MZV,"Mulu",MY,"Malaysia","Asia",4.0483,114.805,33,2706,2321,232,"tropical rainforest","small town",January,65,65,65,65,65,65,65,65,65,65,65,65,65
NAA,"Narrabri",AU,"Australia","Oceania",-30.3192,149.827,219,7866,2935,105,"humid subtropical","small town",April,78,66,83,85,91,91,58,53,75,90,87,82,80
NAH,"Tabukan Utara, Sangihe Islands",ID,"Indonesia","Asia",3.6848,125.5272,18,35307,2234,165,"tropical rainforest","beach resort",September,69,64,69,69,73,66,64,64,73,76,73,68,64
NAL,"Nalchik",RU,"Russia","Europe",43.5129,43.6366,431,239300,1840,143,"oceanic / maritime","regional city",September,40,0,0,7,45,71,69,74,77,79,53,7,0
NAM,"Namniwel",ID,"Indonesia","Asia",-3.1432,126.9765,5,37869,2146,189,"tropical rainforest","beach resort",October,68,64,64,64,64,64,64,64,75,72,76,76,64
NAQ,"Qaanaaq",GL,"Greenland","Asia",77.4886,-69.3887,14,1634,1575,69,"subpolar / tundra","seaside town",January,0,0,0,0,0,0,0,0,0,0,0,0,0
NAU,"Napuka",PF,"French Polynesia","Oceania",-14.1774,-141.2661,5,,,,"semi-arid","beach resort",July,80,69,77,79,82,79,84,86,86,86,82,77,76
NBN,"San Antonio de Palé",GQ,"Equatorial Guinea","Asia",-1.4086,5.6242,24,4433,1051,152,"tropical — wet & dry seasons","beach resort",July,71,58,60,57,57,72,83,84,84,83,79,70,61
NBS,"Baishan",CN,"China","Asia",42.0669,127.6022,877,330000,2409,140,"continental","regional city",June,29,0,0,0,7,59,74,65,65,68,14,0,0
NCA,"North Caicos",TC,"Turks & Caicos Islands","Asia",21.9161,-71.943,3,23769,2540,160,"semi-arid","beach resort",February,86,88,90,89,89,82,86,88,85,82,79,82,87
NCN,"Chenega",US,"United States","North America",60.0776,-147.9947,18,2790,2542,135,"oceanic / maritime","seaside town",July,7,0,0,0,0,0,12,28,28,11,0,0,0
NCU,"Nukus",UZ,"Uzbekistan","Asia",42.4884,59.6233,75,332500,2716,47,"cold desert","regional city",September,45,0,0,31,93,93,57,38,66,95,70,0,0
NCY,"Annecy",FR,"France","Asia",45.9289,6.0987,456,49232,1708,161,"oceanic / maritime","small town",July,34,0,0,0,31,51,70,71,70,68,42,0,0
NDB,"Nouadhibou",MR,"Mauritania","Asia",20.9324,-17.0302,1,146048,3332,4,"hot desert","beach resort",January,98,99,99,99,99,99,99,99,98,88,96,98,99
NDC,"Nanded",IN,"India","Asia",19.1833,77.3167,377,623708,2803,46,"tropical — wet & dry seasons","city break",December,59,94,66,28,0,0,43,68,68,68,84,94,95
NDG,"Qiqihar",CN,"China","Asia",47.23,123.9142,144,1641000,2759,78,"hot-summer continental","city break",May,39,0,0,0,38,88,78,71,80,86,23,0,0
NDU,"Rundu",NA,"Namibia","Africa",-17.9565,19.7194,1101,75180,3197,74,"semi-arid","small town",May,86,71,78,81,93,98,98,98,98,88,68,79,79
NDY,"Sanday",GB,"United Kingdom","Asia",59.2503,-2.5767,16,7390,1376,245,"oceanic / maritime","seaside town",July,8,0,0,0,0,0,12,24,23,23,11,0,0
NEC,"Necochea",AR,"Argentina","Asia",-38.4907,-58.8163,26,73557,2234,99,"oceanic / maritime","seaside town",January,57,77,73,76,69,47,28,20,33,47,57,75,77
NER,"Neryungri",RU,"Russia","Asia",56.9139,124.914,840,66320,2581,200,"subarctic","small town",June,17,0,0,0,0,6,67,67,59,6,0,0,0
NFG,"Nefteyugansk",RU,"Russia","Asia",61.1083,72.65,34,112632,2099,185,"subarctic","regional city",July,20,0,0,0,0,19,65,74,59,19,0,0,0
NGE,"N'Gaoundéré",CM,"Cameroon","Africa",7.357,13.5592,1107,238196,2471,138,"tropical — wet & dry seasons","regional city",January,77,93,93,81,77,66,66,66,66,66,69,91,93
NGI,"Ngau",FJ,"Fiji","Asia",-18.1156,179.34,25,92043,2015,219,"tropical rainforest","beach resort",July,65,63,63,63,63,63,65,74,73,68,63,63,63
NGK,"Nogliki",RU,"Russia","Asia",51.784,143.1418,36,10098,2035,168,"subarctic","seaside town",July,16,0,0,0,0,0,33,59,58,44,0,0,0
NGQ,"Shiquanhe",CN,"China","Asia",32.0979,80.054,4271,24910,2540,75,"cold desert","small town",July,23,0,0,0,0,15,61,81,74,46,0,0,0
NHV,"Nuku Hiva",PF,"French Polynesia","Oceania",-8.7956,-140.229,64,1224,,,"semi-arid","beach resort",September,85,83,85,79,81,83,86,85,87,88,87,85,87
NIB,"Nikolai",US,"United States","North America",63.0179,-154.3604,134,,2669,134,"subarctic","small town",July,16,0,0,0,0,28,57,62,44,6,0,0,0
NIU,"Naiu Atoll",PF,"French Polynesia","Oceania",-16.1193,-146.3688,8,,,,"tropical — wet & dry seasons","beach resort",August,74,63,63,68,75,75,79,83,85,84,77,71,63
NKT,"Şırnak",TR,"Türkiye","Asia",37.3647,42.0582,620,67662,2978,109,"Mediterranean","small town",May,46,0,14,49,85,91,48,10,19,67,90,66,14
NLA,"Ndola",ZM,"Zambia","Asia",-12.9651,28.5156,1313,627503,2794,108,"Mediterranean","city break",May,83,68,68,70,90,95,95,95,95,95,84,78,68
NLD,"Nuevo Laredo",MX,"Mexico","North America",27.4439,-99.5705,146,434768,2190,42,"semi-arid","city break",February,72,73,88,85,85,63,49,56,50,71,84,86,79
NLF,"Darnley",AU,"Australia","Asia",-9.5792,143.7803,48,,2234,170,"tropical — wet & dry seasons","beach resort",August,74,64,64,64,64,64,78,84,88,87,84,78,64
NLG,"Nelson Lagoon",US,"United States","North America",56.0075,-161.16,3,1064,2893,211,"subarctic","seaside town",August,5,0,0,0,0,0,0,20,26,13,0,0,0
NLH,"Ninglang",CN,"China","Asia",27.5403,100.7593,3277,211151,2278,158,"oceanic / maritime","highland city",May,41,0,8,37,58,80,65,65,59,54,47,23,0
NLI,"Nikolayevsk-na-Amure Airport",RU,"Russia","Asia",53.155,140.65,56,27152,2401,159,"continental","small town",July,23,0,0,0,0,20,68,79,70,44,0,0,0
NLK,"Burnt Pine",NF,"Norfolk Island","Oceania",-29.0418,167.9395,110,880,,,"humid subtropical","beach resort",February,75,77,80,77,77,75,75,71,66,75,75,80,76
NLT,"Xinyuan",CN,"China","Asia",43.4318,83.3786,927,282718,2716,60,"semi-arid","regional city",August,41,0,0,0,45,82,85,84,87,83,31,0,0
NME,"Nightmute",US,"United States","North America",60.4691,-164.7041,3,,2783,166,"subarctic","seaside town",August,7,0,0,0,0,0,14,26,32,6,0,0,0
NMF,"Noonu Atoll",MV,"Maldives","Asia",5.8174,73.4684,8,5044,,,"tropical — wet & dry seasons","beach resort",February,70,83,85,83,76,63,63,63,63,65,63,63,67
NNB,"Santa Ana",SB,"Solomon Islands","Asia",-10.848,162.4541,39,2107,2190,226,"tropical rainforest","beach resort",August,64,64,64,64,64,64,64,64,67,64,64,64,64
NNR,"Inverin",IE,"Ireland","Europe",53.2303,-9.4678,11,102287,1304,239,"oceanic / maritime","seaside town",July,18,0,0,0,12,23,35,45,44,33,21,5,0
NOB,"Nicoya",CR,"Costa Rica","Asia",9.9765,-85.653,14,15313,2365,174,"tropical — wet & dry seasons","beach resort",February,75,91,92,83,86,65,65,65,65,65,65,65,88
NOD,"Norddeich",DE,"Germany","Europe",53.6331,7.1903,0,1759,1529,199,"oceanic / maritime","seaside town",July,30,0,0,0,20,45,63,72,72,56,31,0,0
NOS,"Nosy Be",MG,"Madagascar","Africa",-13.3121,48.3148,5,66029,2935,153,"tropical — wet & dry seasons","beach resort",July,83,69,69,69,81,91,94,95,95,94,91,78,69
NOV,"Huambo",AO,"Angola","Asia",-12.8089,15.7605,1693,1100000,2278,108,"humid subtropical","highland city",June,78,65,65,65,78,91,92,92,91,88,76,65,65
NPO,"Nanga Pinoh-Borneo Island",ID,"Indonesia","Asia",-0.3486,111.7462,36,85000,2190,216,"tropical rainforest","small town",January,64,64,64,64,64,64,64,64,64,64,64,64,64
NPT,"Newport",US,"United States","North America",41.5322,-71.281,47,24232,2540,123,"oceanic / maritime","seaside town",August,37,0,0,0,19,52,75,78,79,76,48,19,0
NQN,"Neuquén",AR,"Argentina","South America",-38.949,-68.1557,269,242092,2628,44,"semi-arid","regional city",March,71,81,91,92,89,52,31,22,46,76,88,92,92
NQU,"Nuquí",CO,"Colombia","South America",5.7103,-77.2619,4,2741,920,256,"tropical rainforest","beach resort",January,56,56,56,56,56,56,56,56,56,56,56,56,56
NRA,"Narrandera",AU,"Australia","Oceania",-34.7022,146.512,143,4391,2716,102,"semi-arid","small town",April,72,72,87,88,90,68,37,30,45,82,89,87,88
NRD,"Norderney",DE,"Germany","Asia",53.7069,7.23,1,5949,1533,199,"oceanic / maritime","seaside town",July,30,0,0,0,20,45,63,72,72,56,31,0,0
NRK,"Norrköping",SE,"Sweden","Europe",58.5863,16.2506,2,93765,1710,157,"continental","seaside town",August,27,0,0,0,7,39,68,72,74,52,6,0,0
NRL,"North Ronaldsay",GB,"United Kingdom","Asia",59.3675,-2.4344,15,7390,1378,245,"oceanic / maritime","seaside town",July,8,0,0,0,0,0,12,24,23,23,11,0,0
NRR,"Ceiba",PR,"Puerto Rico","North America",18.2473,-65.6398,8,6576,2891,216,"tropical — wet & dry seasons","beach resort",February,79,85,89,87,82,76,81,78,73,71,71,70,82
NSH,"Nowshahr",IR,"Iran","Asia",36.6643,51.4627,0,40000,2146,108,"Mediterranean","small town",May,58,7,13,47,82,88,87,86,84,75,65,39,19
NSN,"Nelson",NZ,"New Zealand","Oceania",-41.2983,173.221,0,54400,2278,127,"oceanic / maritime","seaside town",February,50,79,81,80,57,31,18,13,19,32,44,67,75
NTN,"Normanton",AU,"Australia","Asia",-17.6841,141.0697,11,1555,3197,58,"tropical — wet & dry seasons","small town",August,73,71,71,71,92,97,97,97,98,68,38,36,44
NTQ,"Wajima",JP,"Japan","Asia",37.2931,136.962,218,24608,1489,256,"humid subtropical","beach resort",July,31,0,0,0,17,40,58,60,60,60,50,25,0
NTT,"Niuatoputapu",TO,"Tonga","Asia",-15.9773,-173.7911,7,301,,,"tropical monsoon","beach resort",July,68,63,63,63,63,65,71,80,79,75,67,63,63
NTX,"Ranai-Natuna Besar Island",ID,"Indonesia","Asia",3.9087,108.388,3,8735,1971,231,"tropical rainforest","beach resort",March,67,63,73,75,75,69,63,63,66,63,63,63,63
NUI,"Nuiqsut",US,"United States","North America",70.21,-151.006,11,,2456,86,"subpolar / tundra","small town",July,5,0,0,0,0,0,15,35,7,0,0,0,0
NUL,"Nulato",US,"United States","North America",64.7293,-158.074,113,,2649,119,"subarctic","small town",June,15,0,0,0,0,15,62,61,46,0,0,0,0
NUM,"Sharma",SA,"Saudi Arabia","Asia",27.9243,35.2936,8,22000,3767,2,"hot desert","beach resort",February,88,99,100,100,100,100,70,60,60,70,100,99,100
NUP,"Nunapitchuk",US,"United States","North America",60.9056,-162.4405,3,6450,2852,143,"subarctic","small town",July,17,0,0,0,0,14,57,61,52,20,0,0,0
NUS,"Norsup",VU,"Vanuatu","Asia",-16.0797,167.401,6,2998,2409,204,"tropical rainforest","beach resort",August,67,65,65,65,65,65,65,73,75,71,66,65,65
NVI,"Navoi",UZ,"Uzbekistan","Asia",40.1176,65.1727,346,319476,2847,57,"semi-arid","regional city",September,53,0,0,60,91,93,57,48,67,96,95,31,0
NYA,"Nyagan",RU,"Russia","Europe",62.11,65.615,108,52137,2118,171,"subarctic","small town",July,20,0,0,0,0,25,58,75,61,19,0,0,0
NYI,"Sunyani",GH,"Ghana","Asia",7.3618,-2.3288,306,92825,2102,153,"tropical — wet & dry seasons","small town",December,68,71,59,60,70,64,64,65,71,64,64,81,88
NYK,"Nanyuki",KE,"Kenya","Asia",-0.0624,37.0413,1905,198444,2190,168,"highland","highland city",February,75,83,86,76,64,70,79,78,76,79,71,66,76
NYT,"Nay Pyi Taw",MM,"Myanmar (Burma)","Asia",19.6235,96.201,90,925000,2584,125,"semi-arid","city break",December,71,92,75,56,36,55,67,67,68,78,78,90,93
NYU,"Nyaung U",MM,"Myanmar (Burma)","Asia",21.1788,94.9302,100,163812,2409,100,"semi-arid","regional city",February,72,92,93,55,36,42,64,72,73,75,73,91,92
NZC,"Nazca",PE,"Peru","South America",-14.854,-74.9615,545,23556,2672,30,"hot desert","small town",April,93,92,92,92,94,94,94,94,94,94,94,93,92
NZG,"Nizhneangarsk",RU,"Russia","Asia",55.8008,109.595,471,5493,2430,149,"subarctic","small town",June,21,0,0,0,0,7,76,75,76,20,0,0,0
NZH,"Manzhouli",CN,"China","Asia",49.5667,117.33,671,54808,2759,91,"subarctic","small town",June,30,0,0,0,0,60,86,81,85,52,0,0,0
NZL,"Zhalantun",CN,"China","Asia",47.8659,122.7687,284,132224,2759,94,"continental","regional city",May,35,0,0,0,23,87,76,69,75,78,8,0,0
OAL,"Cacoal",BR,"Brazil","South America",-11.496,-61.4508,238,86887,1971,144,"tropical — wet & dry seasons","small town",June,65,63,63,63,69,80,88,79,52,47,52,63,63
OBN,"North Connel",GB,"United Kingdom","Asia",56.4635,-5.3997,6,1160000,1285,245,"oceanic / maritime","city break",July,15,0,0,0,6,21,32,41,34,29,15,0,0
OBU,"Kobuk",US,"United States","North America",66.9123,-156.897,39,,2577,110,"subarctic","small town",June,8,0,0,0,0,0,41,37,18,0,0,0,0
OBX,"Obo",PG,"Papua New Guinea","Asia",-7.5906,141.3243,10,,1927,185,"tropical rainforest","small town",July,64,62,62,62,62,62,62,70,70,67,68,62,62
OCC,"Coca",EC,"Ecuador","South America",-0.4629,-76.9868,252,48144,1007,232,"tropical rainforest","small town",August,56,56,56,56,56,56,56,56,58,57,56,56,56
OCE,"Ocean City",US,"United States","North America",38.3104,-75.124,1,11355,2716,117,"humid subtropical","beach resort",September,40,0,0,0,32,59,75,72,72,76,60,32,0
OCJ,"Boscobel",JM,"Jamaica","Asia",18.4041,-76.9698,24,937700,2540,119,"tropical — wet & dry seasons","coastal city break",February,77,85,88,87,84,69,71,77,71,66,66,72,83
OCS,"Corisco",GQ,"Equatorial Guinea","Asia",0.9109,9.3303,6,4607,1577,180,"tropical monsoon","beach resort",July,65,60,60,60,60,60,78,84,81,62,60,60,60
ODE,"Odense",DK,"Denmark","Europe",55.4753,10.3272,16,180863,1802,163,"oceanic / maritime","seaside town",July,27,0,0,0,7,40,57,76,69,52,19,0,0
ODN,"Long Seridan",MY,"Malaysia","Asia",3.9761,115.0673,190,90100,2278,234,"tropical rainforest","small town",January,65,65,65,65,65,65,65,65,65,65,65,65,65
ODO,"Bodaybo",RU,"Russia","Asia",57.8661,114.243,281,15933,1981,193,"subarctic","small town",July,15,0,0,0,0,0,61,68,54,0,0,0,0
ODY,"Oudomsay",LA,"Laos","Asia",20.6827,101.994,643,55027,2059,154,"humid subtropical","small town",February,78,88,90,86,80,71,70,63,63,71,81,86,88
OEC,"Oecussi-Ambeno",TL,"Timor-Leste","Asia",-9.1984,124.3379,4,7885,2935,99,"tropical — wet & dry seasons","beach resort",August,84,69,69,69,85,89,92,94,96,95,93,83,69
OER,"Örnsköldsvik",SE,"Sweden","Europe",63.4083,18.99,105,32493,1607,171,"subarctic","seaside town",July,17,0,0,0,0,19,50,64,50,24,0,0,0
OES,"San Antonio Oeste",AR,"Argentina","Asia",-40.7512,-65.0343,11,16966,2672,46,"semi-arid","seaside town",December,72,91,89,88,88,59,37,30,45,68,89,91,92
OFU,"Ofu",AS,"American Samoa","Asia",-14.1844,-169.67,0,254,,,"tropical rainforest","beach resort",August,68,63,63,63,63,67,76,77,79,75,66,63,63
OGD,"Ogden",US,"United States","North America",41.1959,-112.012,1352,85444,2891,93,"hot-summer continental","alpine / mountain town",August,46,0,0,7,42,85,91,84,92,89,58,0,0
OGL,"Ogle",GY,"Guyana","Asia",6.8059,-58.1077,0,264350,2497,237,"tropical rainforest","beach resort",March,69,66,72,76,67,66,66,66,66,75,75,66,66
OGN,"Yonaguni",JP,"Japan","Asia",24.4673,122.9798,14,3942,1577,248,"tropical monsoon","beach resort",February,68,71,79,74,69,60,60,61,60,60,69,71,76
OGS,"Ogdensburg",US,"United States","North America",44.6819,-75.4655,87,10883,1971,155,"continental","small town",August,35,0,0,0,19,70,73,74,76,76,36,0,0
OHE,"Mohe",CN,"China","Asia",52.9169,122.4228,558,39310,2725,121,"subarctic","small town",June,25,0,0,0,0,35,81,72,75,35,0,0,0
OHO,"Okhotsk",RU,"Russia","Asia",59.4101,143.0565,14,5570,2584,120,"subarctic","seaside town",July,13,0,0,0,0,0,33,54,53,18,0,0,0
OIM,"Izu Oshima",JP,"Japan","Asia",34.782,139.36,35,3777491,1752,206,"humid subtropical","major coastal city",June,39,0,6,15,36,51,61,61,61,61,61,38,18
OIR,"Okushiri",JP,"Japan","Asia",42.0717,139.433,47,15826,1489,245,"oceanic / maritime","seaside town",August,21,0,0,0,0,6,36,54,60,58,33,0,0
OJU,"Tojo Una-Una",ID,"Indonesia","Asia",-0.8654,121.6286,33,150464,2278,167,"tropical rainforest","beach resort",September,66,65,65,65,65,65,65,65,70,75,67,65,65
OKE,"Wadomari",JP,"Japan","Asia",27.4316,128.7056,27,6929,1708,229,"humid subtropical","beach resort",November,62,56,63,62,61,61,61,61,61,61,63,72,67
OKI,"Okinoshima",JP,"Japan","Asia",36.1784,133.3236,79,203616,1708,236,"humid subtropical","beach resort",August,31,0,0,0,17,38,51,61,65,61,48,28,0
OKL,"Oksibil",ID,"Indonesia","Asia",-4.9071,140.6277,1307,,1445,259,"tropical rainforest","small town",January,59,59,59,59,59,59,59,59,59,59,59,59,59
OKR,"Yorke",AU,"Australia","Asia",-9.7528,143.4057,4,,2234,170,"tropical — wet & dry seasons","beach resort",September,75,64,64,64,64,70,83,86,88,89,86,80,64
OLA,"Ørland",NO,"Norway","Europe",63.6989,9.604,6,216518,1432,242,"oceanic / maritime","seaside town",July,13,0,0,0,0,12,32,44,42,20,0,0,0
OLF,"Wolf Point",US,"United States","North America",48.0945,-105.575,604,2850,2453,85,"semi-arid","small town",September,39,0,0,0,29,74,80,86,86,87,22,0,0
OLH,"Old Harbor",US,"United States","North America",57.2181,-153.27,21,6253,2645,198,"oceanic / maritime","seaside town",July,6,0,0,0,0,0,6,25,24,11,0,0,0
OLJ,"Olpoi",VU,"Vanuatu","Asia",-14.8817,166.558,11,13397,2234,225,"tropical rainforest","beach resort",July,68,64,64,64,64,64,67,76,76,76,68,64,64
OLM,"Olympia",US,"United States","North America",46.9694,-122.903,60,55733,2015,164,"oceanic / maritime","small town",July,38,0,0,10,28,57,74,87,84,77,37,5,0
OLP,"Olympic Dam",AU,"Australia","Oceania",-30.4839,136.8767,100,4616,3329,61,"hot desert","small town",March,83,48,67,98,96,97,64,65,89,97,97,97,77
OLZ,"Olyokminsk",RU,"Russia","Asia",60.4018,120.4761,234,8813,2376,170,"subarctic","small town",June,23,0,0,0,0,27,81,75,80,14,0,0,0
OMD,"Oranjemund",NA,"Namibia","Asia",-28.5853,16.4464,3,8496,3241,24,"cold desert","seaside town",March,93,97,97,98,97,97,89,81,81,90,97,97,98
OMN,"Zomin",UZ,"Uzbekistan","Asia",40.014,68.411,532,235352,2716,81,"semi-arid","regional city",September,53,0,0,50,86,89,74,57,66,94,92,29,0
OMO,"Mostar",BA,"Bosnia & Herzegovina","Europe",43.2825,17.8461,49,163067,2015,140,"oceanic / maritime","regional city",July,43,0,0,12,45,76,77,82,82,75,54,17,0
OMR,"Oradea",RO,"Romania","Europe",47.0253,21.9025,137,213830,1883,128,"humid subtropical","regional city",August,42,0,0,7,54,77,75,75,80,80,47,7,0
OND,"Ondangwa",NA,"Namibia","Africa",-17.8782,15.9526,1095,27049,3110,55,"semi-arid","small town",May,85,79,77,82,93,97,97,97,97,87,67,72,78
ONJ,"Ōdate",JP,"Japan","Asia",40.1919,140.371,83,320069,1577,260,"humid subtropical","regional city",June,33,0,0,0,29,64,68,60,60,61,47,11,0
ONQ,"Zonguldak",TR,"Türkiye","Asia",41.5064,32.0886,11,156918,2584,139,"humid subtropical","beach resort",July,46,0,0,13,35,70,83,86,85,79,64,32,6
ONX,"Colón",PA,"Panama","Asia",9.3566,-79.8674,6,78000,2190,211,"tropical — wet & dry seasons","beach resort",February,71,86,90,88,74,64,64,64,64,64,64,64,70
OOK,"Toksook Bay",US,"United States","North America",60.5414,-165.087,14,,2785,167,"subarctic","seaside town",August,7,0,0,0,0,0,14,26,32,6,0,0,0
OOM,"Cooma",AU,"Australia","Oceania",-36.3004,148.9724,934,6555,2278,161,"oceanic / maritime","alpine / mountain town",January,45,80,77,79,54,21,0,0,0,27,52,69,79
OPP,"Salinópolis",BR,"Brazil","South America",-0.6961,-47.3361,23,44772,2190,269,"tropical monsoon","beach resort",September,72,64,64,64,64,64,64,64,79,87,87,86,73
OPS,"Sinop",BR,"Brazil","South America",-11.885,-55.5861,372,216029,2015,149,"tropical — wet & dry seasons","regional city",June,69,63,63,63,68,85,89,89,62,57,57,63,63
OPU,"Balimo",PG,"Papua New Guinea","Asia",-8.05,142.933,13,,2059,204,"tropical monsoon","small town",August,73,63,63,63,63,70,78,81,84,83,82,77,63
ORB,"Örebro",SE,"Sweden","Europe",59.2237,15.038,50,155989,1720,161,"continental","regional city",July,24,0,0,0,7,37,59,69,66,45,0,0,0
ORH,"Worcester",US,"United States","North America",42.2673,-71.8757,298,287365,2453,131,"continental","regional city",July,36,0,0,0,25,70,72,75,75,75,41,0,0
ORI,"Port Lions",US,"United States","North America",57.8849,-152.8477,9,6253,2661,190,"oceanic / maritime","seaside town",July,10,0,0,0,0,0,20,40,38,18,0,0,0
ORT,"Northway",US,"United States","Asia",62.9613,-141.929,521,1258,2371,114,"subarctic","small town",July,18,0,0,0,0,29,60,71,54,7,0,0,0
ORU,"Oruro",BO,"Bolivia","Asia",-17.9562,-67.0758,3703,246501,2584,73,"highland","highland city",November,55,51,52,56,60,47,36,39,54,61,67,81,60
ORV,"Noorvik",US,"United States","North America",66.8179,-161.019,13,3277,2575,106,"subarctic","small town",July,11,0,0,0,0,0,43,54,33,0,0,0,0
ORZ,"Orange Walk",BZ,"Belize","Asia",18.0468,-88.5839,10,15298,2497,121,"tropical — wet & dry seasons","small town",March,71,79,85,87,70,57,66,68,66,66,66,67,75
OSD,"Östersund",SE,"Sweden","Europe",63.1935,14.5042,360,49806,1545,167,"subarctic","small town",July,17,0,0,0,0,24,46,58,48,24,0,0,0
OSI,"Osijek(Klisa)",HR,"Croatia","Europe",45.4624,18.8113,86,75535,1752,141,"humid subtropical","small town",July,45,0,0,20,60,74,74,78,78,78,59,13,0
OSW,"Orsk",RU,"Russia","Asia",51.0725,58.5956,270,246836,2342,117,"hot-summer continental","regional city",August,40,0,0,0,29,86,87,87,89,89,7,0,0
OSY,"Namsos",NO,"Norway","Europe",64.4722,11.5786,1,8413,1382,258,"subarctic","small town",July,15,0,0,0,0,17,37,53,47,20,0,0,0
OTD,"Contadora Island",PA,"Panama","Asia",8.6288,-79.0347,16,1281000,2015,184,"tropical monsoon","coastal city break",February,68,82,87,81,63,63,63,63,63,63,63,63,63
OTH,"North Bend",US,"United States","North America",43.4171,-124.246,2,9673,2278,142,"oceanic / maritime","seaside town",August,41,16,16,16,24,41,57,75,82,71,50,27,16
OTS,"Anacortes",US,"United States","North America",48.4985,-122.6625,74,18103,1840,156,"oceanic / maritime","seaside town",July,35,0,0,5,24,51,67,85,83,71,26,5,0
OUI,"Ushant",FR,"France","Europe",48.4632,-5.0636,35,144899,1621,209,"oceanic / maritime","seaside town",September,26,6,0,6,13,26,45,52,51,53,35,17,11
OUZ,"Zouérate",MR,"Mauritania","Asia",22.7573,-12.4822,338,55183,3285,6,"hot desert","small town",January,66,98,98,98,89,59,29,0,10,38,77,98,98
OVS,"Sovetskiy",RU,"Russia","Asia",61.3266,63.6019,106,23685,2162,163,"subarctic","small town",July,22,0,0,0,0,31,65,76,68,26,0,0,0
OWB,"Owensboro",US,"United States","North America",37.7401,-87.1668,121,59042,2540,116,"humid subtropical","small town",August,48,0,0,36,68,69,72,71,76,76,73,37,0
OXB,"Bissau",GW,"Guinea-Bissau","Africa",11.8943,-15.6536,29,439704,2707,86,"tropical — wet & dry seasons","coastal city break",January,74,95,85,66,57,55,71,67,67,67,67,93,95
OYE,"Oyem",GA,"Gabon","Asia",1.5431,11.5814,655,72939,1314,141,"tropical — wet & dry seasons","small town",July,66,74,69,58,58,58,71,80,75,60,58,58,67
OZC,"Ozamiz",PH,"Philippines","Asia",8.1785,123.842,13,1121561,2234,168,"tropical rainforest","coastal city break",March,66,64,72,74,73,64,64,64,64,64,64,64,64
OZG,"Zagora",MA,"Morocco","Africa",30.2658,-5.8608,729,43752,3373,20,"hot desert","small town",April,71,74,90,97,98,88,40,10,20,68,97,97,74
OZZ,"Ouarzazate",MA,"Morocco","Africa",30.9391,-6.9094,1139,77603,3416,35,"hot desert","small town",May,78,64,80,94,96,97,69,29,49,96,96,94,72
PAB,"Bilaspur",IN,"India","Asia",21.9884,82.111,274,543454,2628,59,"tropical — wet & dry seasons","city break",November,60,91,91,45,0,0,27,67,67,67,84,93,93
PAC,"Albrook",PA,"Panama","North America",8.9733,-79.5556,5,1281000,2190,179,"tropical — wet & dry seasons","coastal city break",February,72,88,90,88,72,64,64,64,64,64,64,64,72
PAE,"Seattle",US,"United States","North America",47.9063,-122.282,177,3074000,1927,151,"Mediterranean","major city break",July,38,0,0,11,30,58,74,86,84,72,33,5,0
PAH,"Paducah",US,"United States","North America",37.0608,-88.7738,121,24864,2584,112,"humid subtropical","small town",August,50,0,0,36,70,70,77,74,79,79,75,37,0
PAS,"Paros",GR,"Greece","Europe",37.0205,25.1132,33,5289,2935,62,"Mediterranean","beach resort",July,66,26,27,36,53,85,95,96,96,93,87,62,40
PAV,"Paulo Afonso",BR,"Brazil","South America",-9.4009,-38.2506,265,112870,2672,232,"semi-arid","regional city",August,68,59,60,58,67,79,80,79,86,80,63,55,53
PAZ,"Poza Rica",MX,"Mexico","North America",20.6027,-97.4608,150,254481,1971,91,"tropical — wet & dry seasons","regional city",February,71,82,84,82,72,61,63,63,63,63,63,74,82
PBD,"Porbandar",IN,"India","Asia",21.6495,69.6564,6,234684,3110,26,"semi-arid","beach resort",January,89,97,97,97,97,97,77,70,70,75,96,96,97
PBG,"Plattsburgh",US,"United States","North America",44.6509,-73.4681,56,19806,2059,151,"continental","small town",September,33,0,0,0,19,60,68,71,73,75,29,0,0
PBJ,"Paama Island",VU,"Vanuatu","Asia",-16.432,168.2355,19,705,2321,214,"tropical rainforest","beach resort",July,69,65,65,65,65,66,70,78,78,77,70,67,65
PBM,"Paramaribo",SR,"Suriname","South America",5.4528,-55.1878,15,254169,2409,193,"tropical rainforest","regional city",September,66,65,67,69,65,65,65,65,68,72,56,66,65
PBO,"Paraburdoo",AU,"Australia","Oceania",-23.1711,117.745,422,1740,3460,61,"hot desert","small town",August,72,33,43,62,96,97,95,97,99,99,69,49,28
PBR,"Puerto Barrios",GT,"Guatemala","North America",15.7309,-88.5838,8,100593,2409,168,"tropical monsoon","beach resort",March,70,74,79,82,75,63,65,65,65,65,65,65,72
PBU,"Putao",MM,"Myanmar (Burma)","Asia",27.3299,97.4263,450,10000,2365,111,"humid subtropical","small town",December,76,90,85,75,69,71,65,65,65,71,76,90,91
PCN,"Koromiko",NZ,"New Zealand","Asia",-41.3461,173.956,22,393400,2190,110,"oceanic / maritime","seaside town",February,52,81,82,81,59,39,19,13,20,33,46,68,78
PCP,"São Tomé & Príncipe",ST,"São Tomé & Príncipe","Asia",1.6612,7.4111,175,1156,1358,172,"tropical monsoon","beach resort",July,64,60,61,59,59,59,72,79,79,68,59,59,59
PCR,"Puerto Carreño",CO,"Colombia","South America",6.1847,-67.4932,54,20936,2278,164,"tropical — wet & dry seasons","small town",December,64,72,45,41,53,65,65,65,65,65,70,73,86
PDA,"Puerto Inírida",CO,"Colombia","South America",3.8535,-67.9062,97,7298,1971,203,"tropical monsoon","small town",January,69,82,82,73,63,63,63,63,63,63,63,68,77
PDB,"Pedro Bay",US,"United States","North America",59.7969,-154.13,23,,2708,160,"subarctic","small town",July,12,0,0,0,0,0,39,53,39,17,0,0,0
PDM,"Pedasí",PA,"Panama","Asia",7.5348,-80.0433,44,1920,2190,199,"tropical monsoon","beach resort",February,70,83,89,88,67,64,64,64,64,64,64,64,64
PDO,"Talang Gudang-Sumatra Island",ID,"Indonesia","Asia",-3.2861,103.88,44,103470,2321,180,"tropical rainforest","regional city",August,66,65,65,65,65,65,66,69,71,68,65,65,65
PDP,"Maldonado",UY,"Uruguay","South America",-34.8551,-55.0943,23,102000,2321,118,"humid subtropical","beach resort",December,59,75,71,71,72,57,43,31,37,43,61,75,77
PDS,"Piedras Negras",MX,"Mexico","North America",28.6279,-100.5352,274,150178,2365,51,"semi-arid","regional city",February,72,75,91,88,86,63,42,50,43,69,84,88,82
PDT,"Pendleton",US,"United States","North America",45.6951,-118.841,449,16881,2278,94,"Mediterranean","small town",July,49,0,0,20,48,82,85,91,90,89,63,14,0
PDV,"Plovdiv",BG,"Bulgaria","Europe",42.0678,24.8508,177,340494,2146,71,"humid subtropical","regional city",August,49,0,0,27,62,79,78,81,85,82,68,27,0
PED,"Pardubice",CZ,"Czechia","Europe",50.015,15.7398,225,88520,1490,153,"oceanic / maritime","small town",September,37,0,0,0,40,68,72,72,72,76,39,0,0
PET,"Pelotas",BR,"Brazil","South America",-31.7172,-52.3278,17,320674,2321,166,"humid subtropical","regional city",November,67,71,71,72,71,70,55,54,60,66,67,74,74
PEU,"Puerto Lempira",HN,"Honduras","Asia",15.2622,-83.7812,11,5000,2453,238,"tropical rainforest","beach resort",March,69,66,76,80,78,66,66,66,66,66,66,66,66
PEV,"Pécs",HU,"Hungary","Europe",45.9889,18.242,197,186262,1883,141,"humid subtropical","regional city",August,45,0,0,20,61,75,76,78,79,77,59,13,0
PEW,"Peshawar",PK,"Pakistan","Asia",33.9939,71.5146,357,4758762,2847,71,"humid subtropical","major city break",December,61,67,73,80,82,44,9,16,32,53,91,91,92
PEX,"Pechora",RU,"Russia","Europe",65.1211,57.1308,55,46113,1692,226,"subarctic","small town",July,16,0,0,0,0,0,52,71,53,12,0,0,0
PEZ,"Penza",RU,"Russia","Europe",53.1106,45.0211,179,523553,2047,157,"continental","city break",August,35,0,0,0,21,81,79,80,82,75,7,0,0
PFB,"Passo Fundo",BR,"Brazil","South America",-28.244,-52.3278,724,179529,2278,188,"humid subtropical","regional city",August,65,65,69,69,66,66,55,57,71,65,65,65,65
PFQ,"Parsabad",IR,"Iran","Asia",39.6036,47.8815,76,93387,2059,70,"semi-arid","small town",June,56,0,14,49,85,86,88,63,71,83,80,41,7
PFR,"Ilebo",CD,"Congo - Kinshasa","Asia",-4.3299,20.5901,446,117245,2015,119,"tropical — wet & dry seasons","regional city",June,69,70,66,63,66,75,87,69,71,66,63,63,63
PGA,"Page",US,"United States","North America",36.9242,-111.4477,1298,7490,3373,57,"semi-arid","small town",April,60,0,16,64,97,97,79,57,75,95,95,40,0
PGH,"Pantnagar",IN,"India","Asia",29.0334,79.4737,235,817000,2628,48,"humid subtropical","city break",November,68,89,88,90,45,17,20,60,67,67,91,94,92
PGM,"Port Graham",US,"United States","North America",59.3484,-151.83,16,5515,2640,158,"subpolar / tundra","seaside town",August,3,0,0,0,0,0,0,13,19,0,0,0,0
PGV,"Greenville",US,"United States","North America",35.6355,-77.3843,6,90597,2672,112,"humid subtropical","small town",October,57,13,27,52,78,75,72,68,67,68,79,59,26
PGZ,"Ponta Grossa",BR,"Brazil","South America",-25.1845,-50.1438,789,292177,1840,215,"oceanic / maritime","regional city",August,67,62,62,69,73,70,63,66,75,69,62,66,62
PHB,"Parnaíba",BR,"Brazil","South America",-2.8937,-41.732,4,138008,2847,226,"tropical — wet & dry seasons","beach resort",July,75,69,68,68,68,71,86,89,76,76,76,76,81
PHO,"Point Hope",US,"United States","North America",68.3488,-166.799,3,,1988,129,"subpolar / tundra","seaside town",January,0,0,0,0,0,0,0,0,0,0,0,0,0
PHW,"Phalaborwa",ZA,"South Africa","Asia",-23.9372,31.1554,432,109468,3066,58,"semi-arid","regional city",May,89,77,83,85,90,96,96,96,96,95,91,84,78
PIB,"Moselle",US,"United States","North America",31.4671,-89.3371,88,46805,2497,112,"humid subtropical","small town",October,62,36,51,67,70,72,60,53,60,74,77,77,44
PIF,"Pingtung",TW,"Taiwan","Asia",22.7002,120.482,26,190928,1971,175,"tropical — wet & dry seasons","beach resort",February,74,84,85,83,80,63,63,63,63,63,76,80,84
PIH,"Pocatello",US,"United States","North America",42.9098,-112.596,1355,54441,2803,100,"hot-summer continental","alpine / mountain town",July,44,0,0,0,36,80,90,93,92,90,45,0,0
PIP,"Pilot Point",US,"United States","North America",57.5804,-157.572,13,4093,2823,174,"subarctic","seaside town",July,11,0,0,0,0,0,28,41,39,19,0,0,0
PIR,"Pierre",US,"United States","North America",44.3827,-100.286,523,14091,2803,88,"hot-summer continental","small town",September,42,0,0,0,43,80,79,84,84,86,44,0,0
PIS,"Poitiers/Biard",FR,"France","Europe",46.5877,0.3067,118,152199,1840,165,"oceanic / maritime","regional city",September,44,0,0,19,46,63,77,80,80,81,57,19,0
PIX,"Pico",PT,"Portugal","Europe",38.5543,-28.4413,30,6572,1708,186,"Mediterranean","beach resort",July,55,36,37,36,38,51,67,83,82,76,60,50,40
PIZ,"Point Lay",US,"United States","North America",69.7329,-163.005,3,,2200,104,"subpolar / tundra","seaside town",July,1,0,0,0,0,0,0,7,0,0,0,0,0
PJA,"Pajala",SE,"Sweden","Europe",67.2446,23.0749,165,2032,1477,177,"subarctic","small town",July,13,0,0,0,0,6,41,58,41,6,0,0,0
PJM,"Puerto Jimenez",CR,"Costa Rica","North America",8.5333,-83.3,6,11680,2190,192,"tropical monsoon","beach resort",February,69,80,85,74,71,64,64,64,64,64,64,64,69
PKA,"Napaskiak",US,"United States","North America",60.7029,-161.778,4,6450,2847,140,"subarctic","small town",July,12,0,0,0,0,7,42,46,38,7,0,0,0
PKB,"Parkersburg (Williamstown)",US,"United States","North America",39.3451,-81.4392,253,47986,2102,151,"humid subtropical","small town",August,45,0,0,19,61,71,71,71,76,76,69,26,0
PKE,"Parkes",AU,"Australia","Oceania",-33.1314,148.239,321,9832,2803,112,"humid subtropical","small town",April,71,70,84,85,90,68,36,30,45,81,88,85,85
PKG,"Pangkor",MY,"Malaysia","Asia",4.2447,100.553,27,759952,2365,194,"tropical rainforest","coastal city break",February,66,65,68,65,65,65,68,65,65,65,65,65,65
PKV,"Pskov",RU,"Russia","Europe",57.7813,28.3938,44,210501,2036,190,"continental","regional city",July,28,0,0,0,7,52,73,74,73,52,0,0,0
PKZ,"Pakse",LA,"Laos","Asia",15.134,105.7799,103,77900,2540,153,"tropical — wet & dry seasons","small town",January,71,93,74,53,49,60,66,66,66,66,75,90,92
PLJ,"Placencia",BZ,"Belize","Asia",16.537,-88.3615,2,4300,2409,166,"tropical monsoon","beach resort",April,69,65,75,80,85,71,65,65,65,65,65,65,65
PLN,"Pellston",US,"United States","North America",45.5709,-84.7967,216,5749,1971,162,"continental","small town",July,25,0,0,0,0,19,56,77,76,61,12,0,0
PLO,"Port Lincoln",AU,"Australia","Oceania",-34.6053,135.88,4,13810,2716,87,"Mediterranean","beach resort",January,76,93,92,91,90,66,49,43,50,66,84,91,91
PLQ,"Palanga",LT,"Lithuania","Europe",55.9732,21.0939,9,18207,2001,180,"continental","seaside town",July,28,0,0,0,7,48,66,76,76,52,12,0,0
PLX,"Semey",KZ,"Kazakhstan","Asia",50.3513,80.2344,210,311353,2447,118,"hot-summer continental","regional city",September,42,0,0,0,45,88,87,85,89,90,15,0,0
PMF,"Parma (PR)",IT,"Italy","Europe",44.8264,10.2971,44,2945000,2059,126,"humid subtropical","major city break",July,46,0,0,26,52,76,80,82,80,79,63,18,0
PMG,"Ponta Porã",BR,"Brazil","South America",-22.5496,-55.7026,652,92017,2409,101,"humid subtropical","small town",August,72,65,65,72,71,71,79,84,85,77,65,65,65
PMQ,"Perito Moreno",AR,"Argentina","Asia",-46.5379,-70.9787,426,3588,2234,50,"semi-arid","small town",January,40,90,89,66,36,0,0,0,0,15,37,66,82
PMY,"Puerto Madryn",AR,"Argentina","South America",-42.7592,-65.1027,131,64555,2628,43,"semi-arid","seaside town",January,68,92,90,90,82,50,22,23,38,61,84,92,92
PNA,"Pamplona",ES,"Spain","Europe",42.77,-1.6463,452,274545,2059,155,"oceanic / maritime","regional city",July,47,6,6,31,44,63,78,82,82,80,63,22,6
PNI,"Pohnpei",FM,"Micronesia","Oceania",6.9851,158.2099,3,6942,1840,267,"tropical rainforest","beach resort",January,62,62,62,62,62,62,62,62,62,62,62,62,62
PNL,"Pantelleria (TP)",IT,"Italy","Europe",36.8165,11.9689,180,6044,2628,87,"Mediterranean","beach resort",July,67,42,35,42,51,75,92,93,91,82,81,70,48
PNP,"Popondetta",PG,"Papua New Guinea","Asia",-8.8045,148.309,88,28198,2190,182,"tropical — wet & dry seasons","beach resort",July,74,64,64,64,65,77,77,85,83,83,81,77,71
PNT,"Puerto Natales",CL,"Chile","South America",-51.6707,-72.5291,65,18505,2119,75,"oceanic / maritime","small town",February,17,35,43,30,12,0,0,0,0,0,19,25,36
PNY,"Puducherry (Pondicherry)",IN,"India","Asia",11.968,79.812,40,657209,2584,48,"tropical — wet & dry seasons","coastal city break",February,78,91,93,91,88,73,75,79,74,72,67,67,70
POG,"Port Gentil",GA,"Gabon","Africa",-0.7117,8.7544,2,164018,1724,136,"tropical — wet & dry seasons","beach resort",July,69,61,61,61,61,61,85,88,87,79,61,61,61
POL,"Pemba",MZ,"Mozambique","Africa",-12.9933,40.5249,99,232932,3066,88,"tropical — wet & dry seasons","beach resort",September,84,70,70,70,70,92,91,93,94,95,94,91,72
POR,"Pori",FI,"Finland","Europe",61.4617,21.8,11,83157,1579,182,"continental","seaside town",July,20,0,0,0,0,26,50,68,62,31,0,0,0
PPB,"Presidente Prudente",BR,"Brazil","South America",-22.1751,-51.4246,440,225668,2146,110,"tropical — wet & dry seasons","regional city",August,73,64,64,71,79,76,83,83,84,77,68,67,64
PPE,"Puerto Peñasco",MX,"Mexico","North America",31.352,-113.3052,22,62689,3679,19,"hot desert","beach resort",April,78,97,97,98,99,90,50,28,37,48,98,97,97
PPG,"Pago Pago",AS,"American Samoa","Oceania",-14.331,-170.71,1,11500,1849,,"tropical monsoon","beach resort",August,67,62,62,62,62,65,74,76,79,73,63,62,62
PPK,"Petropavl",KZ,"Kazakhstan","Asia",54.7756,69.1874,138,228238,2448,147,"continental","regional city",August,33,0,0,0,7,78,83,82,84,65,0,0,0
PPN,"Popayán",CO,"Colombia","South America",2.4544,-76.6093,1727,318059,1621,192,"highland","highland city",August,73,77,76,70,65,70,77,81,83,80,66,61,71
PPW,"Papa Westray, Orkney Islands",GB,"United Kingdom","Asia",59.351,-2.9004,24,7390,1377,249,"oceanic / maritime","seaside town",July,5,0,0,0,0,0,6,18,17,17,5,0,0
PQI,"Presque Isle",US,"United States","North America",46.689,-68.0448,143,9171,1708,154,"continental","small town",August,28,0,0,0,0,47,67,68,70,66,17,0,0
PQQ,"Port Macquarie",AU,"Australia","Oceania",-31.4358,152.863,3,51965,2628,137,"oceanic / maritime","beach resort",April,67,68,67,67,78,68,52,58,57,72,77,72,73
PQS,"Pilot Station",US,"United States","North America",61.9617,-162.9419,130,,2820,138,"subarctic","small town",July,15,0,0,0,0,7,57,60,46,13,0,0,0
PRA,"Parana",AR,"Argentina","South America",-31.7948,-60.4804,69,262295,2672,84,"humid subtropical","regional city",May,72,66,69,67,72,85,67,60,80,84,72,71,68
PRC,"Prescott",US,"United States","North America",34.6535,-112.4199,1518,41899,3592,55,"semi-arid","small town",May,63,0,15,48,82,99,99,90,90,94,95,48,0
PRI,"Praslin",SC,"Seychelles","Asia",-4.3193,55.6916,5,22881,2497,198,"tropical monsoon","beach resort",July,74,66,74,74,72,76,79,83,82,74,72,71,66
PRM,"Portimão",PT,"Portugal","Europe",37.1493,-8.584,0,38487,3019,77,"Mediterranean","seaside town",July,74,51,51,56,63,82,95,97,96,93,83,65,55
PSD,"Port Said",EG,"Egypt","Africa",31.2793,32.2406,1,780515,3373,26,"hot desert","coastal city break",May,89,69,63,72,90,99,99,99,99,99,98,95,85
PSE,"Ponce",PR,"Puerto Rico","North America",18.0083,-66.563,8,160334,2935,208,"tropical — wet & dry seasons","beach resort",February,83,89,91,89,83,80,84,82,79,76,76,76,86
PSM,"Portsmouth",US,"United States","North America",43.0779,-70.8233,23,96201,2453,125,"continental","seaside town",July,29,0,0,0,0,31,60,77,76,71,29,0,0
PSS,"Posadas",AR,"Argentina","South America",-27.3858,-55.9707,120,357119,2278,107,"humid subtropical","regional city",August,68,65,69,65,65,66,72,70,77,71,65,65,65
PSU,"Putussibau-Borneo Island",ID,"Indonesia","Asia",0.8346,112.9402,32,,2102,237,"tropical rainforest","small town",January,64,64,64,64,64,64,64,64,64,64,64,64,64
PSY,"Stanley",FK,"Falkland Islands","Asia",-51.6857,-57.7776,19,2213,1651,122,"subpolar / tundra","seaside town",January,5,19,19,12,0,0,0,0,0,0,0,0,6
PSZ,"Puerto Suárez",BO,"Bolivia","Asia",-18.9753,-57.8206,123,12546,2365,93,"tropical — wet & dry seasons","small town",August,73,60,67,73,81,80,89,89,90,69,55,59,61
PTA,"Port Alsworth",US,"United States","North America",60.2017,-154.3259,84,186,2718,154,"subarctic","small town",July,12,0,0,0,0,0,39,53,39,17,0,0,0
PTF,"Malolo Lailai",FJ,"Fiji","Asia",-17.7784,177.197,3,52500,2278,220,"tropical rainforest","beach resort",July,69,65,65,65,65,70,75,79,78,74,65,65,65
PTG,"Polokwane",ZA,"South Africa","Asia",-23.8453,29.4586,1232,272461,3110,68,"semi-arid","regional city",August,88,80,84,85,91,96,88,89,97,95,90,82,80
PTH,"Port Heiden",US,"United States","North America",56.9579,-158.6302,25,,2863,186,"subarctic","seaside town",July,6,0,0,0,0,0,7,27,26,13,0,0,0
PTO,"Pato Branco",BR,"Brazil","South America",-26.2172,-52.6945,815,91836,2234,155,"humid subtropical","small town",August,65,64,66,67,69,64,57,61,76,69,64,64,64
PTU,"Platinum",US,"United States","North America",59.0177,-161.8279,5,,2861,167,"subarctic","seaside town",August,5,0,0,0,0,0,7,20,25,6,0,0,0
PUB,"Pueblo",US,"United States","North America",38.2891,-104.497,1424,112195,3329,70,"semi-arid","regional city",September,56,0,0,40,77,90,92,87,89,94,79,24,0
PUD,"Puerto Deseado",AR,"Argentina","Asia",-47.7353,-65.9041,78,10237,2102,68,"semi-arid","seaside town",January,34,73,71,57,36,14,0,0,0,15,29,51,66
PUR,"Puerto Rico/Manuripi",BO,"Bolivia","Asia",-11.1077,-67.5512,172,,1971,153,"tropical — wet & dry seasons","small town",July,66,63,63,63,64,77,85,87,59,47,53,63,63
PUU,"Puerto Asís",CO,"Colombia","South America",0.5052,-76.5008,254,29782,1139,229,"tropical rainforest","small town",August,58,61,57,57,57,57,57,58,63,62,57,57,57
PUW,"Pullman",US,"United States","North America",46.7416,-117.1116,772,32816,2365,111,"continental","small town",July,41,0,0,0,34,68,84,91,89,88,41,0,0
PUZ,"Puerto Cabezas",NI,"Nicaragua","North America",14.0472,-83.3867,12,33635,2409,224,"tropical monsoon","beach resort",March,71,74,82,85,84,65,65,65,65,65,65,65,66
PVA,"Providencia",CO,"Colombia","North America",13.3575,-81.358,0,3326,2409,225,"tropical — wet & dry seasons","beach resort",March,79,87,91,92,91,79,71,75,75,71,65,65,80
PWE,"Apapelgino",RU,"Russia","Asia",69.7833,170.597,3,4837,1886,138,"subpolar / tundra","seaside town",January,0,0,0,0,0,0,0,0,0,0,0,0,0
PWQ,"Pavlodar",KZ,"Kazakhstan","Asia",52.195,77.0731,122,329002,2503,119,"continental","regional city",May,38,0,0,0,37,89,86,85,88,75,0,0,0
PXH,"Mount Eba",AU,"Australia","Asia",-29.716,135.5244,224,2106,3285,64,"hot desert","small town",March,82,48,67,97,96,96,64,65,89,97,97,96,77
PXO,"Vila Baleira",PT,"Portugal","Europe",33.0734,-16.35,88,204767,2146,98,"semi-arid","beach resort",August,67,50,49,50,51,59,75,83,90,88,85,70,56
PXR,"Surin",TH,"Thailand","Asia",14.8683,103.498,147,46673,2803,116,"tropical — wet & dry seasons","small town",December,71,94,66,53,49,61,68,68,68,68,74,91,95
PYJ,"Yakutia",RU,"Russia","Asia",66.4004,112.03,503,15267,2016,173,"subarctic","small town",July,12,0,0,0,0,0,43,63,32,0,0,0,0
PYK,"Karaj",IR,"Iran","Asia",35.7761,50.8267,1268,1448075,2628,91,"semi-arid","city break",May,54,0,7,50,86,91,83,55,64,89,84,35,0
PYT,"Paracatu",BR,"Brazil","Asia",-17.2426,-46.8831,715,94023,2234,156,"tropical — wet & dry seasons","small town",June,76,64,64,64,79,87,91,91,91,79,69,64,64
PZB,"Pietermaritzburg",ZA,"South Africa","Asia",-29.649,30.3987,728,839327,2628,138,"oceanic / maritime","city break",June,78,67,68,73,81,89,91,89,88,81,71,67,67
PZH,"Zhob",PK,"Pakistan","Asia",31.3584,69.4636,1427,50537,3285,31,"semi-arid","small town",November,73,48,71,92,95,67,47,45,56,86,94,97,73
PZI,"Panzhihua (Renhe)",CN,"China","Asia",26.54,101.7985,1974,787177,2321,139,"Mediterranean","highland city",February,77,75,92,91,88,78,65,65,65,65,79,90,76
PZO,"Guyana City",VE,"Venezuela","Asia",8.2885,-62.7604,139,978202,2540,150,"tropical — wet & dry seasons","city break",January,72,85,80,72,61,62,66,66,66,76,75,74,78
QBC,"Bella Coola",CA,"Canada","Asia",52.3875,-126.596,33,2163,1552,167,"continental","small town",July,16,0,0,0,0,17,39,56,55,30,0,0,0
QGY,"Győr",HU,"Hungary","Asia",47.6284,17.8047,127,136081,1489,124,"humid subtropical","regional city",July,41,0,0,13,54,75,75,76,76,76,46,0,0
QRW,"Warri",NG,"Nigeria","Asia",5.5982,5.8187,7,1782000,1621,126,"tropical — wet & dry seasons","city break",January,68,85,81,71,62,60,60,60,60,60,60,70,83
QSF,"Sétif",DZ,"Algeria","Africa",36.1785,5.3299,1009,274744,2847,96,"Mediterranean","alpine / mountain city",June,62,7,22,50,77,86,92,85,92,85,87,42,14
QUO,"Uyo",NG,"Nigeria","Asia",4.8725,8.093,40,554906,1533,170,"tropical monsoon","city break",December,65,81,73,60,60,60,60,60,60,60,60,60,84
RAB,"Kokopo",PG,"Papua New Guinea","Asia",-4.3405,152.38,9,26273,2059,246,"tropical rainforest","beach resort",January,63,63,63,63,63,63,63,63,63,63,63,63,63
RAE,"Arar",SA,"Saudi Arabia","Asia",30.9066,41.1382,551,222016,3635,10,"hot desert","regional city",March,61,58,83,99,99,70,20,0,0,40,99,99,66
RAH,"Rafha",SA,"Saudi Arabia","Asia",29.6264,43.4906,441,8726,3635,12,"hot desert","small town",March,59,66,91,99,99,50,10,0,0,30,90,98,74
RAR,"Avarua",CK,"Cook Islands","Oceania",-21.2027,-159.806,5,13373,,,"tropical rainforest","beach resort",June,69,63,63,63,63,63,79,76,79,75,73,64,63
RBB,"Borba",BR,"Brazil","South America",-4.4063,-59.6024,32,34879,1708,250,"tropical monsoon","small town",August,64,61,61,61,61,61,67,75,80,61,56,66,61
RBQ,"Rurrenabaque",BO,"Bolivia","Asia",-14.4279,-67.4968,198,11749,2409,94,"tropical monsoon","small town",August,69,65,65,65,65,72,78,82,83,66,58,65,65
RBV,"Ramata",SB,"Solomon Islands","Asia",-8.1681,157.643,16,7204,1971,235,"tropical rainforest","beach resort",January,63,63,63,63,63,63,63,63,63,63,63,63,63
RBY,"Ruby",US,"United States","North America",64.7272,-155.47,185,,2649,124,"subarctic","small town",June,16,0,0,0,0,22,62,61,46,0,0,0,0
RCB,"Richards Bay",ZA,"South Africa","Asia",-28.741,32.0921,27,252968,2803,115,"humid subtropical","beach resort",June,84,76,79,81,87,91,92,91,91,86,81,77,77
RCE,"Roche Harbor",US,"United States","North America",48.6123,-123.139,38,486903,1883,152,"oceanic / maritime","city break",July,34,0,0,6,19,47,62,86,85,67,29,5,0
RDD,"Redding",US,"United States","North America",40.509,-122.293,150,91582,3197,81,"Mediterranean","small town",May,56,24,35,54,83,88,85,20,39,77,87,58,18
RDO,"Radom",PL,"Poland","Europe",51.3894,21.2147,184,226794,1582,165,"continental","regional city",September,37,0,0,0,40,67,76,73,77,78,33,0,0
RDP,"Durgapur",IN,"India","Asia",23.6225,87.243,86,518872,2190,67,"humid subtropical","city break",January,63,90,89,61,16,20,38,58,64,64,72,90,90
RDV,"Red Devil",US,"United States","North America",61.7881,-157.35,53,,2757,139,"subarctic","small town",July,14,0,0,0,0,14,53,58,38,6,0,0,0
RDZ,"Rodez/Marcillac",FR,"France","Europe",44.4079,2.4827,576,53466,1971,147,"oceanic / maritime","small town",July,41,0,0,13,38,62,79,81,79,79,51,13,0
REL,"Rawson",AR,"Argentina","South America",-43.2105,-65.2703,33,26335,2540,58,"semi-arid","small town",January,68,92,90,89,82,50,22,22,38,61,83,91,92
RER,"Retalhuleu",GT,"Guatemala","North America",14.5214,-91.697,203,90505,2628,140,"tropical — wet & dry seasons","small town",January,78,93,93,90,81,67,67,67,67,67,67,81,93
RES,"Resistencia",AR,"Argentina","South America",-27.4499,-59.0561,52,387158,2672,77,"humid subtropical","regional city",July,74,60,72,67,67,78,82,88,88,84,68,67,67
RET,"Røst",NO,"Norway","Europe",67.5265,12.1016,1,321,1419,275,"subpolar / tundra","seaside town",July,1,0,0,0,0,0,0,6,6,0,0,0,0
REW,"Rewa",IN,"India","Asia",24.5034,81.2203,324,235654,2716,50,"Mediterranean","regional city",November,62,92,91,65,9,0,14,61,67,67,88,94,94
RFD,"Chicago/Rockford",US,"United States","North America",42.1954,-89.0972,220,578460,2409,119,"hot-summer continental","city break",September,39,0,0,0,44,72,70,74,74,77,52,0,0
RFP,"Uturoa",PF,"French Polynesia","Oceania",-16.7229,-151.466,0,3668,,,"tropical — wet & dry seasons","beach resort",September,73,63,63,64,69,73,79,83,83,84,77,70,63
RGA,"Rio Grande",AR,"Argentina","South America",-53.7777,-67.7494,17,52681,2050,112,"oceanic / maritime","seaside town",December,13,33,33,26,7,0,0,0,0,0,7,20,34
RGL,"Rio Gallegos",AR,"Argentina","South America",-51.6088,-69.3089,16,95796,1926,89,"oceanic / maritime","small town",January,32,69,69,55,28,0,0,0,0,14,35,49,62
RGO,"Chongjin",KP,"North Korea","Asia",41.4285,129.6476,5,672614,2278,120,"continental","coastal city break",May,37,0,0,0,35,78,77,65,65,77,49,0,0
RHD,"Termas de Río Hondo",AR,"Argentina","South America",-27.4966,-64.936,279,27838,2453,71,"humid subtropical","small town",August,80,66,70,73,82,90,83,85,92,91,84,78,69
RHI,"Rhinelander",US,"United States","North America",45.6312,-89.4675,487,7526,2278,137,"continental","small town",August,30,0,0,0,6,50,70,75,76,69,13,0,0
RHT,"Badanjilin",CN,"China","Asia",39.225,101.546,1417,228561,3022,43,"cold desert","regional city",May,48,0,0,0,64,94,93,91,91,92,48,0,0
RIB,"Riberalta",BO,"Bolivia","Asia",-11.0094,-66.0755,135,99070,1927,128,"tropical — wet & dry seasons","small town",July,64,62,62,62,63,76,86,87,51,47,53,62,62
RIH,"Río Hato",PA,"Panama","North America",8.3759,-80.1279,26,5615,2453,197,"tropical — wet & dry seasons","beach resort",February,73,89,92,91,73,66,66,66,66,66,66,66,73
RIS,"Rishiri",JP,"Japan","Asia",45.242,141.186,29,33869,1533,250,"continental","seaside town",August,16,0,0,0,0,0,24,46,53,49,16,0,0
RIW,"Riverton",US,"United States","North America",43.0642,-108.46,1668,41900,2935,80,"hot-summer continental","alpine / mountain town",July,41,0,0,0,22,63,91,93,93,91,38,0,0
RIY,"Mukalla(Riyan)",YE,"Yemen","Asia",14.6622,49.3753,16,594951,3022,17,"hot desert","coastal city break",January,90,97,97,97,97,87,68,77,77,87,97,96,97
RJA,"Madhurapudi",IN,"India","Asia",17.1058,81.8132,36,384182,2672,56,"tropical — wet & dry seasons","regional city",January,64,94,74,46,27,34,54,67,67,67,67,82,91
RJH,"Rajshahi",BD,"Bangladesh","Asia",24.4372,88.6165,16,810000,2190,66,"humid subtropical","city break",January,65,90,89,61,23,26,51,64,64,64,66,90,90
RJM,"Waisai",ID,"Indonesia","Asia",-0.425,130.7735,7,22541,1883,212,"tropical rainforest","beach resort",January,62,62,62,62,62,62,62,62,62,62,62,62,62
RJN,"Rafsanjan",IR,"Iran","Asia",30.2983,56.049,1607,147680,3066,37,"cold desert","regional city",September,69,15,39,78,94,96,68,58,78,97,97,71,31
RKD,"Rockland",US,"United States","North America",44.0601,-69.0992,14,17982,2102,135,"continental","seaside town",July,30,0,0,0,6,37,63,75,75,66,32,0,0
RKE,"Roskilde",DK,"Denmark","Europe",55.5856,12.1314,40,51916,1864,167,"oceanic / maritime","seaside town",July,28,0,0,0,7,40,64,77,74,53,19,0,0
RKI,"Sipura Island",ID,"Indonesia","Asia",-2.0942,99.6992,11,5756,2409,184,"tropical rainforest","beach resort",January,65,65,65,65,65,65,65,65,65,65,65,65,65
RKS,"Rock Springs",US,"United States","North America",41.5942,-109.065,2055,23962,2978,85,"semi-arid","small town",July,41,0,0,0,23,68,93,94,93,92,31,0,0
RKZ,"Xigazê (Samzhubzê)",CN,"China","Asia",29.3509,89.2992,3800,80000,2672,92,"continental","highland town",June,34,0,0,0,31,67,83,68,66,65,31,0,0
RLG,"Laage",DE,"Germany","Europe",53.9182,12.2783,38,8156,1752,164,"oceanic / maritime","small town",June,33,0,0,0,27,53,78,74,76,66,26,0,0
RLK,"Bayannur",CN,"China","Asia",40.9264,107.7409,1033,1760000,3022,45,"cold desert","city break",May,48,0,0,0,72,94,91,91,90,92,48,0,0
RMA,"Roma",AU,"Australia","Oceania",-26.545,148.775,306,7105,3110,86,"semi-arid","small town",May,85,68,74,87,93,95,84,87,94,93,90,87,66
RMP,"Rampart",US,"United States","North America",65.5079,-150.141,87,,2607,116,"subarctic","small town",July,20,0,0,0,0,29,75,81,53,7,0,0,0
RMT,"Rimatara",PF,"French Polynesia","Oceania",-22.6373,-152.8059,12,,,,"tropical rainforest","beach resort",September,68,63,63,63,63,64,74,74,76,78,72,68,63
RMZ,"Tobolsk",RU,"Russia","Asia",58.0597,68.348,52,113800,2382,160,"continental","regional city",July,28,0,0,0,0,54,77,81,81,41,0,0,0
RNB,"Ronneby",SE,"Sweden","Europe",56.2667,15.265,53,12612,1785,166,"oceanic / maritime","seaside town",August,29,0,0,0,14,52,69,71,73,51,12,0,0
RNI,"Corn",NI,"Nicaragua","North America",12.1748,-83.0594,5,44373,2146,208,"tropical monsoon","beach resort",March,69,72,82,84,80,64,64,64,64,64,64,64,64
RNJ,"Yoron",JP,"Japan","Asia",27.0438,128.4016,15,142752,1752,234,"humid subtropical","beach resort",November,61,50,57,58,61,61,61,61,61,61,63,72,61
RNL,"Rennell",SB,"Solomon Islands","Asia",-11.55,160.0628,8,2013,2234,195,"tropical rainforest","beach resort",August,64,64,64,64,64,64,64,64,68,64,64,64,64
RNN,"Rønne",DK,"Denmark","Europe",55.0633,14.7596,15,13807,2063,171,"oceanic / maritime","seaside town",August,20,0,0,0,0,14,40,58,64,46,19,0,0
RNP,"Rongelap",MH,"Marshall Islands","Asia",11.1572,166.887,3,19,,,"tropical — wet & dry seasons","beach resort",February,75,85,86,83,78,78,77,70,65,64,63,69,82
ROB,"Monrovia",LR,"Liberia","Africa",6.2338,-10.3623,7,1542549,1796,175,"tropical — wet & dry seasons","coastal city break",January,72,87,84,81,78,68,62,62,62,62,62,74,81
ROI,"Roi Et",TH,"Thailand","Asia",16.1168,103.774,138,39328,2759,110,"tropical — wet & dry seasons","small town",December,70,94,65,52,41,54,68,68,68,68,76,92,95
ROO,"Rondonópolis",BR,"Brazil","South America",-16.5843,-54.7248,439,259167,2321,133,"tropical — wet & dry seasons","regional city",June,72,65,65,65,74,85,90,90,81,60,64,65,65
ROP,"Rota",MP,"Northern Mariana Islands","Oceania",14.1733,145.2411,179,15000,2015,244,"tropical monsoon","beach resort",March,73,77,82,83,82,80,74,63,63,63,63,67,79
ROR,"Babelthuap Island",PW,"Palau","Oceania",7.367,134.5441,52,14000,2321,226,"tropical rainforest","beach resort",January,65,65,65,65,65,65,65,65,65,65,65,65,65
ROT,"Rotorua",NZ,"New Zealand","Oceania",-38.1092,176.317,286,65901,1927,151,"oceanic / maritime","small town",January,50,77,77,75,59,36,23,17,24,31,44,66,72
ROW,"Roswell",US,"United States","North America",33.3016,-104.531,1113,94501,3241,55,"semi-arid","small town",March,72,32,48,96,96,94,65,71,80,89,92,72,32
RQA,"Ruoqiang Town",CN,"China","Asia",38.9747,88.0083,888,9872,3022,15,"cold desert","small town",April,56,0,0,40,97,96,95,76,86,97,81,0,0
RRG,"Port Mathurin",MU,"Mauritius","Asia",-19.7567,63.3593,27,8350,2935,178,"semi-arid","beach resort",August,89,81,81,81,82,90,92,93,94,93,93,92,90
RRR,"Raroia",PF,"French Polynesia","Oceania",-16.0505,-142.4766,4,,,,"tropical — wet & dry seasons","beach resort",July,75,63,68,73,75,76,79,85,85,83,77,73,65
RRS,"Røros",NO,"Norway","Europe",62.5784,11.3423,624,5572,1418,211,"subarctic","small town",July,9,0,0,0,0,0,27,40,31,6,0,0,0
RSD,"Rock Sound",BS,"Bahamas","Asia",24.8916,-76.1776,1,3137,2716,177,"tropical — wet & dry seasons","beach resort",January,79,89,89,88,84,74,68,74,70,67,75,82,88
RSH,"Russian Mission",US,"United States","North America",61.7751,-161.3195,15,421,2816,133,"subarctic","small town",July,18,0,0,0,0,14,64,67,52,13,0,0,0
RSI,"Hanak",SA,"Saudi Arabia","Asia",25.628,37.0889,49,33874,3811,1,"hot desert","beach resort",February,95,99,100,100,100,100,90,80,80,90,100,99,99
RTA,"Rotuma",FJ,"Fiji","Asia",-12.4825,177.071,6,2095,,,"tropical rainforest","beach resort",August,64,63,63,63,63,63,63,66,67,66,63,63,63
RTG,"Satar Tacik, Manggarai",ID,"Indonesia","Asia",-8.5962,120.4782,1136,188724,2409,144,"tropical monsoon","beach resort",August,72,65,65,65,65,68,84,87,88,79,70,65,65
RTI,"Ba'a - Rote Island",ID,"Indonesia","Asia",-10.7658,123.076,139,474801,3154,83,"tropical — wet & dry seasons","coastal city break",July,85,70,70,70,83,91,94,96,96,96,94,89,70
RUA,"Arua",UG,"Uganda","Asia",3.0492,30.9117,1196,72400,2409,145,"tropical — wet & dry seasons","small town",January,72,89,87,72,67,65,68,66,65,65,65,69,81
RUL,"Maavaarulu",MV,"Maldives","Asia",0.3381,73.5129,10,11140,,,"tropical rainforest","beach resort",February,67,72,78,78,66,63,67,63,63,63,63,63,63
RUS,"Marau",SB,"Solomon Islands","Asia",-9.8617,160.825,4,15560,2059,215,"tropical rainforest","beach resort",September,63,63,63,63,63,63,63,63,64,65,63,63,63
RUT,"Rutland",US,"United States","North America",43.5294,-72.9496,238,15824,2190,154,"continental","small town",September,33,0,0,0,19,61,69,71,73,75,29,0,0
RVE,"Saravena",CO,"Colombia","South America",6.9519,-71.8572,208,53587,1664,212,"tropical — wet & dry seasons","small town",January,70,83,83,76,67,61,61,63,68,68,66,70,79
RVK,"Rørvik",NO,"Norway","Europe",64.8383,11.1461,3,2615,1326,263,"oceanic / maritime","seaside town",July,11,0,0,0,0,6,29,41,39,20,0,0,0
RVY,"Rivera/Santana do Livramento",UY,"Uruguay","Asia",-30.9746,-55.4762,196,84775,2365,137,"humid subtropical","small town",March,65,69,68,72,65,67,57,51,68,68,65,66,67
RWN,"Rivne",UA,"Ukraine","Europe",50.6071,26.1416,228,255106,1530,148,"continental","regional city",August,35,0,0,0,33,66,72,71,75,71,26,0,0
RXS,"Roxas City",PH,"Philippines","Asia",11.5977,122.752,1,185236,2321,162,"tropical rainforest","beach resort",March,68,72,79,80,73,58,65,65,65,65,65,65,65
RYB,"Rybinsk",RU,"Russia","Asia",58.1042,38.9294,126,216724,1872,195,"continental","regional city",August,26,0,0,0,0,56,72,71,73,45,0,0,0
RYK,"Rahim Yar Khan",PK,"Pakistan","Asia",28.3839,70.2796,81,517000,3329,12,"hot desert","city break",November,57,98,97,96,48,0,0,9,28,38,69,99,98
RYO,"Rio Turbio",AR,"Argentina","Asia",-51.605,-72.2203,273,6650,2113,78,"oceanic / maritime","small town",February,13,29,37,24,6,0,0,0,0,0,13,18,30
RZR,"Ramsar",IR,"Iran","Asia",36.907,50.6873,0,35997,1577,131,"Mediterranean","small town",May,50,6,12,31,51,84,83,81,78,66,60,35,18
SAB,"Zion's Hill",BQ,"Caribbean Netherlands","North America",17.6453,-63.2205,37,2810,2935,200,"semi-arid","beach resort",February,86,92,94,93,91,84,87,86,83,80,76,81,89
SAF,"Santa Fe",US,"United States","North America",35.6171,-106.089,1922,87505,3329,67,"semi-arid","small town",May,59,0,0,48,87,95,95,88,90,91,86,24,0
SAG,"Kakadi",IN,"India","Asia",19.6892,74.3737,586,1486053,2847,38,"tropical — wet & dry seasons","city break",January,66,96,76,47,19,19,61,68,68,68,83,92,95
SAH,"Sanaa",YE,"Yemen","Asia",15.4763,44.2197,2191,2008000,2935,40,"cold desert","major city break",January,96,96,96,96,95,96,96,95,95,96,96,96,96
SAQ,"Andros",BS,"Bahamas","Asia",25.0538,-78.049,2,227940,2891,174,"tropical — wet & dry seasons","beach resort",January,79,89,89,88,84,72,69,70,69,69,73,84,89
SBD,"San Bernardino",US,"United States","North America",34.0967,-117.2366,338,1745000,3285,30,"semi-arid","city break",June,85,66,73,93,95,97,98,78,78,88,96,94,66
SBH,"Gustavia",BL,"St. Barthélemy","North America",17.9044,-62.8433,9,5988,2978,200,"semi-arid","beach resort",February,87,93,94,94,92,85,89,87,85,80,77,82,89
SBR,"Saibai",AU,"Australia","Asia",-9.3783,142.625,2,340,2321,158,"tropical — wet & dry seasons","beach resort",August,77,65,65,65,65,76,85,87,89,89,87,82,66
SBW,"Sibu",MY,"Malaysia","Asia",2.2616,111.985,28,203832,1971,268,"tropical rainforest","regional city",January,63,63,63,63,63,63,63,63,63,63,63,63,63
SBY,"Salisbury",US,"United States","North America",38.3405,-75.5103,13,34017,2672,114,"humid subtropical","small town",May,46,0,0,19,58,77,75,73,72,75,74,33,0
SCC,"Deadhorse",US,"United States","North America",70.1947,-148.465,18,2174,2456,78,"subpolar / tundra","small town",July,4,0,0,0,0,0,7,28,7,0,0,0,0
SCE,"State College",US,"United States","North America",40.8494,-77.8485,372,42161,2190,154,"hot-summer continental","small town",September,38,0,0,0,38,73,72,72,73,74,49,7,0
SCK,"Stockton",US,"United States","North America",37.8933,-121.2381,7,685306,3373,54,"Mediterranean","city break",September,75,36,50,72,92,96,98,69,79,99,95,75,34
SCM,"Scammon Bay",US,"United States","North America",61.8447,-165.5752,2,1187,2700,156,"subarctic","seaside town",July,6,0,0,0,0,0,14,26,26,0,0,0,0
SCR,"Malung-Sälen",SE,"Sweden","Europe",61.1651,12.8335,500,4927,1634,186,"subarctic","small town",July,13,0,0,0,0,17,40,48,37,12,0,0,0
SCT,"Mori",YE,"Yemen","Asia",12.6321,53.9062,25,8545,2935,51,"hot desert","beach resort",April,94,95,95,95,96,93,95,94,94,95,94,93,94
SCY,"Puerto Baquerizo Moreno",EC,"Ecuador","South America",-0.9102,-89.6174,18,7290,2409,169,"hot desert","beach resort",November,89,86,83,84,83,90,91,91,91,91,91,92,90
SCZ,"Santa Cruz/Graciosa Bay/Luova",SB,"Solomon Islands","Asia",-10.7203,165.795,5,553,2278,247,"tropical rainforest","beach resort",January,65,65,65,65,65,65,65,65,65,65,65,65,65
SDD,"Lubango",AO,"Angola","Asia",-14.9248,13.5767,1744,600751,2803,81,"oceanic / maritime","highland city",June,84,72,70,68,87,94,96,96,95,95,89,68,74
SDE,"Santiago del Estero",AR,"Argentina","South America",-27.7656,-64.31,200,354692,2409,71,"semi-arid","regional city",July,77,49,66,74,83,90,90,93,92,90,84,63,51
SDK,"Sandakan",MY,"Malaysia","Asia",5.9009,118.059,12,439050,2365,218,"tropical rainforest","coastal city break",April,65,65,65,65,66,65,65,65,65,65,65,65,65
SDL,"Sundsvall/ Härnösand",SE,"Sweden","Europe",62.5281,17.4439,3,57606,1654,165,"subarctic","seaside town",July,14,0,0,0,0,13,38,55,47,19,0,0,0
SDN,"Sandane",NO,"Norway","Europe",61.83,6.1058,72,2447,1409,279,"subarctic","small town",July,10,0,0,0,0,5,30,39,34,15,0,0,0
SDP,"Sand Point",US,"United States","North America",55.3139,-160.5221,4,1064,2822,218,"subarctic","seaside town",July,6,0,0,0,0,0,7,27,25,12,0,0,0
SDS,"Sado",JP,"Japan","Asia",38.0602,138.414,24,51492,1533,259,"humid subtropical","beach resort",June,30,0,0,0,12,42,61,60,61,61,45,20,0
SDW,"Chipi",IN,"India","Asia",16.0026,73.5298,59,750000,2847,88,"tropical — wet & dry seasons","coastal city break",January,73,96,76,57,56,65,68,68,68,68,71,92,95
SDY,"Sidney",US,"United States","North America",47.7051,-104.1944,601,20858,2628,91,"hot-summer continental","small town",August,39,0,0,0,29,74,82,85,87,87,22,0,0
SEB,"Sabha",LY,"Libya","Asia",26.9925,14.4662,428,149329,3592,3,"hot desert","regional city",February,70,83,100,100,100,60,30,20,20,40,99,99,91
SEK,"Srednekolymsk",RU,"Russia","Asia",67.4805,153.7364,19,3459,2035,157,"subarctic","small town",July,12,0,0,0,0,0,46,64,39,0,0,0,0
SET,"Serra Talhada",BR,"Brazil","Asia",-8.0614,-38.3289,464,86915,2759,238,"tropical — wet & dry seasons","small town",August,77,72,76,72,78,81,86,89,92,83,64,65,62
SEU,"Seronera",TZ,"Tanzania","Asia",-2.4581,34.8225,1534,29804,2847,143,"tropical — wet & dry seasons","highland town",July,81,74,81,70,70,84,93,94,92,91,85,70,71
SEW,"Siwa Oasis",EG,"Egypt","Asia",29.3462,25.5056,91,25031,3504,10,"hot desert","small town",March,79,74,90,100,100,90,50,40,50,70,100,99,82
SFA,"Sfax",TN,"Tunisia","Asia",34.718,10.691,20,453050,3066,35,"hot desert","coastal city break",July,82,47,55,69,94,95,96,97,96,91,92,91,61
SFC,"St-François",GP,"Guadeloupe","North America",16.2578,-61.2625,4,53514,2672,189,"tropical — wet & dry seasons","beach resort",February,78,87,89,88,85,79,77,74,71,70,67,71,82
SFG,"Grand Case",MF,"St. Martin","North America",18.1001,-63.0474,1,6333,2978,200,"semi-arid","beach resort",February,87,93,94,94,92,85,89,87,85,80,77,82,89
SFJ,"Kangerlussuaq",GL,"Greenland","Asia",67.0104,-50.7153,46,508,1720,100,"subpolar / tundra","small town",July,6,0,0,0,0,0,20,33,20,0,0,0,0
SFL,"São Filipe",CV,"Cape Verde","Africa",14.885,-24.48,168,10097,1095,64,"semi-arid","beach resort",July,69,60,59,62,62,70,70,82,74,69,76,76,71
SFS,"Olongapo",PH,"Philippines","Asia",14.7948,120.2719,17,304388,2497,126,"tropical monsoon","beach resort",January,76,91,90,90,86,66,66,66,66,66,66,75,83
SFT,"Skellefteå",SE,"Sweden","Europe",64.6248,21.0769,43,35516,1624,167,"subarctic","small town",July,12,0,0,0,0,0,32,49,43,19,0,0,0
SGD,"Sønderborg",DK,"Denmark","Europe",54.9644,9.7917,6,27766,1768,179,"oceanic / maritime","seaside town",July,27,0,0,0,7,40,57,75,68,52,25,0,0
SGU,"St George",US,"United States","North America",37.0364,-113.5103,871,72897,3504,45,"semi-arid","small town",May,66,24,39,80,97,98,70,48,67,97,96,64,16
SGY,"Skagway",US,"United States","North America",59.4603,-135.3167,9,1240,2011,137,"subarctic","small town",July,5,0,0,0,0,0,12,29,21,0,0,0,0
SHB,"Nakashibetsu",JP,"Japan","Asia",43.5775,144.96,63,24014,1883,231,"continental","small town",July,24,0,0,0,0,24,47,68,65,56,29,0,0
SHC,"Shire Inda Selassie",ET,"Ethiopia","Asia",14.0757,38.2736,1890,100100,3066,60,"semi-arid","highland city",January,89,97,97,96,93,89,88,70,70,83,93,96,97
SHD,"Weyers Cave",US,"United States","North America",38.2638,-78.8964,359,2473,2278,136,"humid subtropical","small town",August,45,0,0,20,63,71,72,74,75,73,70,26,0
SHG,"Shungnak",US,"United States","North America",66.8881,-157.162,55,272,2577,109,"subarctic","small town",June,8,0,0,0,0,0,41,37,18,0,0,0,0
SHH,"Shishmaref",US,"United States","North America",66.2496,-166.0891,2,576,2319,132,"subpolar / tundra","seaside town",July,3,0,0,0,0,0,0,20,13,0,0,0,0
SHL,"Shillong",IN,"India","Asia",25.7036,91.9787,887,375527,2321,102,"humid subtropical","regional city",December,73,83,87,77,65,65,65,65,65,65,65,89,90
SHM,"Shirahama",JP,"Japan","Asia",33.6622,135.364,89,23325,2059,190,"humid subtropical","beach resort",May,45,6,12,28,47,63,63,63,63,63,63,53,19
SHO,"Mpaka",SZ,"Eswatini","Asia",-26.3586,31.7169,322,110537,2759,75,"semi-arid","regional city",June,85,72,79,80,86,92,94,93,93,90,86,78,75
SHR,"Sheridan",US,"United States","North America",44.7692,-106.98,1215,17873,2716,106,"hot-summer continental","alpine / mountain town",August,39,0,0,0,28,58,84,88,89,87,29,0,0
SHW,"Sharurah",SA,"Saudi Arabia","Asia",17.4669,47.1214,726,8365,3066,15,"hot desert","small town",January,52,97,97,76,48,19,0,0,0,19,68,97,97
SHY,"Shinyanga",TZ,"Tanzania","Africa",-3.6093,33.5035,1170,139727,2891,123,"tropical — wet & dry seasons","regional city",July,81,70,78,70,75,88,95,96,95,84,87,69,69
SIF,"Simara",NP,"Nepal","Asia",27.1598,84.98,130,1442271,2234,46,"humid subtropical","city break",November,67,90,89,89,34,23,32,58,64,64,83,91,91
SIH,"Silgadi Doti",NP,"Nepal","Asia",29.2622,80.936,573,204788,2497,89,"humid subtropical","regional city",November,77,59,76,88,84,81,70,66,66,70,90,92,76
SIS,"Sishen",ZA,"South Africa","Asia",-27.6486,22.9993,1172,30089,3548,42,"semi-arid","small town",August,88,69,88,90,89,98,82,83,99,98,95,93,72
SIT,"Sitka",US,"United States","North America",57.0471,-135.362,4,8863,1854,231,"oceanic / maritime","seaside town",August,6,0,0,0,0,0,12,21,26,15,0,0,0
SJE,"San José Del Guaviare",CO,"Colombia","South America",2.5797,-72.6394,188,52815,1621,224,"tropical monsoon","small town",January,63,80,76,60,60,60,60,60,60,60,60,60,63
SJK,"São José Dos Campos",BR,"Brazil","South America",-23.2292,-45.8615,634,753769,1796,176,"humid subtropical","city break",August,71,62,62,62,74,78,81,80,83,78,69,62,62
SJL,"São Gabriel da Cachoeira",BR,"Brazil","South America",-0.1484,-66.9855,74,56406,1971,252,"tropical rainforest","small town",January,63,63,63,63,63,63,63,63,63,63,63,63,63
SJT,"San Angelo",US,"United States","North America",31.3577,-100.496,581,99893,2891,62,"humid subtropical","small town",April,72,46,61,88,89,82,68,61,67,83,84,83,46
SJZ,"Velas",PT,"Portugal","Europe",38.6655,-28.1758,100,1980,1708,189,"Mediterranean","beach resort",July,51,30,31,31,32,45,60,83,82,76,60,44,34
SKH,"Surkhet",NP,"Nepal","Asia",28.586,81.636,680,426576,2497,74,"humid subtropical","city break",November,77,74,87,89,89,65,59,66,66,66,88,93,84
SKK,"Shaktoolik",US,"United States","North America",64.3711,-161.224,3,212,2701,117,"subarctic","seaside town",July,7,0,0,0,0,0,22,34,26,0,0,0,0
SKN,"Hadsel",NO,"Norway","Europe",68.5788,15.0334,3,20953,1431,263,"subarctic","seaside town",July,6,0,0,0,0,0,12,29,23,5,0,0,0
SKO,"Sokoto",NG,"Nigeria","Africa",12.9157,5.2075,305,1040000,3238,49,"semi-arid","city break",January,61,98,59,29,10,28,49,64,71,76,75,79,98
SKU,"Skiros",GR,"Greece","Europe",38.9676,24.4872,8,59125,2803,74,"Mediterranean","beach resort",August,57,20,20,28,44,68,90,92,93,87,70,47,25
SKX,"Saransk",RU,"Russia","Europe",54.1251,45.2123,203,318841,2077,166,"continental","regional city",August,32,0,0,0,14,74,77,79,80,61,0,0,0
SKZ,"Sukkur",PK,"Pakistan","Asia",27.722,68.7917,59,563851,3329,7,"hot desert","city break",January,51,98,98,87,29,0,0,0,19,29,59,98,98
SLD,"Sliač",SK,"Slovakia","Europe",48.6378,19.1341,313,4786,1533,152,"continental","small town",September,36,0,0,0,39,66,71,71,74,76,32,0,0
SLE,"Salem",US,"United States","North America",44.9095,-123.003,60,229010,2234,146,"Mediterranean","regional city",July,45,0,6,16,36,66,83,90,89,82,52,16,0
SLH,"Sola",VU,"Vanuatu","Asia",-13.8517,167.537,7,1171,2321,226,"tropical rainforest","beach resort",January,65,65,65,65,65,65,65,65,65,65,65,65,65
SLI,"Solwesi",ZM,"Zambia","Asia",-12.1737,26.3651,1390,301370,2716,120,"humid subtropical","regional city",June,82,67,67,67,82,94,95,95,95,94,88,68,67
SLK,"Saranac Lake",US,"United States","North America",44.3869,-74.2046,503,5274,1927,172,"continental","small town",August,28,0,0,0,0,48,68,71,72,61,11,0,0
SLM,"Salamanca",ES,"Spain","Europe",40.9521,-5.502,788,162353,2497,129,"Mediterranean","regional city",July,54,0,7,36,57,87,89,92,91,89,76,21,0
SLN,"Salina",US,"United States","North America",38.791,-97.6522,383,47813,2891,87,"humid subtropical","small town",October,51,0,0,44,83,74,76,63,76,83,85,30,0
SLQ,"Sleetmute",US,"United States","North America",61.7005,-157.166,57,,2755,139,"subarctic","small town",June,16,0,0,0,0,21,60,58,45,13,0,0,0
SLW,"Saltillo",MX,"Mexico","North America",25.5379,-100.9283,1437,754000,2059,38,"semi-arid","city break",February,82,80,88,87,87,83,81,75,80,67,83,87,81
SLX,"Salt Cay",TC,"Turks & Caicos Islands","Asia",21.333,-71.2,5,3720,2540,161,"semi-arid","beach resort",February,85,88,90,89,89,82,86,87,84,80,79,82,87
SMA,"Vila do Porto",PT,"Portugal","Europe",36.9714,-25.1706,92,20056,1840,158,"Mediterranean","beach resort",July,62,45,46,45,47,55,71,86,85,81,76,59,49
SMK,"St Michael",US,"United States","North America",63.4901,-162.11,20,,2740,125,"subarctic","seaside town",July,7,0,0,0,0,0,22,34,26,0,0,0,0
SML,"Stella Maris",BS,"Bahamas","Asia",23.5823,-75.2686,3,7314,2628,160,"semi-arid","beach resort",February,86,90,91,91,88,82,83,85,84,81,79,84,89
SMN,"Salmon",US,"United States","North America",45.1222,-113.882,1230,3036,2584,117,"continental","alpine / mountain town",July,38,0,0,0,14,62,83,90,89,88,29,0,0
SMS,"Vohilava",MG,"Madagascar","Africa",-17.0939,49.8158,3,44199,2497,218,"tropical monsoon","beach resort",September,74,66,66,66,66,71,78,77,84,86,85,81,66
SMT,"Sorriso",BR,"Brazil","South America",-12.4792,-55.6723,383,120985,2059,145,"tropical — wet & dry seasons","regional city",June,66,63,63,63,70,85,89,81,54,49,51,63,63
SMX,"Santa Maria",US,"United States","North America",34.8989,-120.457,67,110705,3022,45,"Mediterranean","seaside town",June,72,41,42,50,61,79,96,96,96,96,93,68,42
SNB,"Milikapiti",AU,"Australia","Asia",-11.4177,130.6485,48,1567,3066,97,"tropical — wet & dry seasons","beach resort",July,83,70,70,70,75,92,96,97,97,94,89,76,70
SNC,"Salinas/La Libertad",EC,"Ecuador","South America",-2.2101,-80.9851,3,75881,1577,67,"semi-arid","beach resort",June,81,76,63,62,77,84,87,87,87,87,87,87,85
SNE,"Preguiça",CV,"Cape Verde","Africa",16.5889,-24.2841,180,69013,920,31,"hot desert","beach resort",April,79,77,78,81,82,82,82,82,77,74,78,77,76
SNP,"St Paul",US,"United States","North America",57.1663,-170.2226,12,,2868,216,"subpolar / tundra","seaside town",January,0,0,0,0,0,0,0,0,0,0,0,0,0
SNR,"Saint-Nazaire/Montoir",FR,"France","Europe",47.3114,-2.1526,2,438537,1796,176,"oceanic / maritime","city break",September,48,6,6,26,53,72,80,80,80,81,56,25,6
SNU,"Santa Clara",CU,"Cuba","Asia",22.4922,-79.9431,101,250512,2540,122,"semi-arid","regional city",January,86,91,91,91,89,80,82,83,81,79,81,89,91
SNV,"Santa Elena de Uairén",VE,"Venezuela","Asia",4.5547,-61.1452,898,29795,2409,201,"tropical — wet & dry seasons","small town",February,75,86,87,86,71,65,65,65,65,74,79,78,83
SNW,"Thandwe",MM,"Myanmar (Burma)","Asia",18.4607,94.3001,4,50680,2497,139,"tropical — wet & dry seasons","beach resort",February,79,92,93,92,80,72,66,66,66,66,70,90,92
SNX,"Semnan",IR,"Iran","Asia",35.5911,53.4951,1118,124826,2891,53,"cold desert","regional city",September,59,8,23,77,92,94,57,38,57,95,94,62,15
SOB,"Sármellék",HU,"Hungary","Europe",46.6864,17.1591,121,1836,1840,138,"humid subtropical","small town",May,40,0,0,7,54,76,75,76,76,74,45,0,0
SOD,"Sorocaba",BR,"Brazil","South America",-23.478,-47.49,625,687357,2146,192,"humid subtropical","city break",August,73,64,64,67,77,80,80,81,84,79,72,66,64
SOG,"Sogndal",NO,"Norway","Europe",61.1561,7.1378,497,3995,1517,224,"subarctic","small town",July,9,0,0,0,0,0,27,40,35,10,0,0,0
SOJ,"Sørkjosen",NO,"Norway","Europe",69.7868,20.9594,3,41915,1320,224,"subpolar / tundra","seaside town",July,3,0,0,0,0,0,0,23,12,0,0,0,0
SOM,"El Tigre",VE,"Venezuela","Asia",8.9451,-64.1511,255,222450,2628,116,"tropical — wet & dry seasons","regional city",January,74,89,73,64,62,65,70,69,72,79,80,82,84
SOV,"Seldovia",US,"United States","North America",59.443,-151.7052,3,5515,2642,158,"subpolar / tundra","seaside town",August,3,0,0,0,0,0,0,13,19,0,0,0,0
SOW,"Show Low",US,"United States","North America",34.2641,-110.0071,1954,10860,3504,68,"semi-arid","small town",June,57,0,0,40,73,98,99,88,90,94,80,24,0
SOY,"Stronsay",GB,"United Kingdom","Asia",59.1553,-2.6414,7,7390,1375,245,"oceanic / maritime","seaside town",August,8,0,0,0,0,0,12,24,29,23,11,0,0
SPP,"Menongue",AO,"Angola","Asia",-14.6576,17.7198,1410,251178,3110,82,"humid subtropical","regional city",May,85,70,70,70,91,97,97,97,97,97,90,72,70
SPR,"San Pedro",BZ,"Belize","Asia",17.9139,-87.9711,0,17429,2453,134,"tropical — wet & dry seasons","beach resort",April,73,76,84,86,87,69,66,69,66,66,66,66,73
SPS,"Wichita Falls",US,"United States","North America",33.9888,-98.4919,302,104710,3022,72,"humid subtropical","regional city",April,62,23,37,80,84,76,72,59,59,82,83,67,23
SQG,"Sintang",ID,"Indonesia","Asia",-0.0452,111.458,33,85000,2146,224,"tropical rainforest","small town",January,64,64,64,64,64,64,64,64,64,64,64,64,64
SQJ,"Sanming (Sha)",CN,"China","Asia",26.4263,117.8336,271,602166,1752,164,"humid subtropical","city break",October,60,44,60,61,61,61,61,49,49,69,79,73,53
SQL,"San Carlos",US,"United States","North America",37.5131,-122.2508,0,29931,3066,61,"oceanic / maritime","seaside town",September,64,41,41,49,53,63,72,81,89,96,85,65,38
SRE,"Sucre",BO,"Bolivia","Asia",-19.2468,-65.1496,3109,224838,2672,85,"semi-arid","highland city",May,86,73,75,82,89,93,92,93,93,92,87,86,77
SRL,"Mulegé",MX,"Mexico","Asia",27.0927,-112.0985,35,3851,2891,13,"hot desert","beach resort",April,92,87,93,95,96,96,92,94,88,85,92,94,96
SRP,"Leirvik",NO,"Norway","Europe",59.7919,5.3408,48,14126,1498,267,"oceanic / maritime","seaside town",July,16,0,0,0,0,22,37,50,45,30,10,0,0
SRT,"Soroti",UG,"Uganda","Asia",1.7277,33.6228,1120,60900,2759,152,"tropical — wet & dry seasons","small town",December,75,81,71,73,68,68,79,80,74,71,71,78,86
SRV,"Stony River",US,"United States","North America",61.7897,-156.589,73,,2757,138,"subarctic","small town",June,16,0,0,0,0,21,59,56,44,13,0,0,0
SSJ,"Alstahaug",NO,"Norway","Europe",65.9568,12.4689,14,18866,1400,274,"oceanic / maritime","seaside town",July,10,0,0,0,0,6,22,44,38,15,0,0,0
SSR,"Pentecost Island",VU,"Vanuatu","Asia",-15.4708,168.152,134,2998,2234,228,"tropical rainforest","beach resort",August,67,64,64,64,64,64,66,74,76,75,66,64,64
SST,"Santa Teresita",AR,"Argentina","Asia",-36.5423,-56.7218,3,15213,2540,100,"humid subtropical","beach resort",December,59,75,75,75,77,54,34,20,33,47,64,78,79
SSY,"Mbanza Congo",AO,"Angola","Asia",-6.2699,14.247,572,148000,1708,75,"tropical — wet & dry seasons","regional city",June,72,67,67,61,61,73,88,88,87,82,69,61,61
STC,"Saint Cloud",US,"United States","North America",45.5466,-94.0599,309,65842,2497,110,"continental","small town",September,35,0,0,0,20,63,74,77,76,79,27,0,0
SUG,"Surigao",PH,"Philippines","Asia",9.7558,125.4809,8,87832,2278,206,"tropical rainforest","beach resort",January,65,65,65,65,65,65,65,65,65,65,65,65,65
SUI,"Sukhumi",GE,"Georgia","Asia",42.8582,41.1281,12,65439,2059,160,"humid subtropical","beach resort",August,45,0,0,12,44,77,77,77,79,72,68,29,6
SUJ,"Satu Mare",RO,"Romania","Europe",47.7033,22.8857,124,112490,1883,138,"hot-summer continental","regional city",August,42,0,0,7,54,75,74,74,79,79,53,7,0
SUK,"Batagay-Alyta",RU,"Russia","Europe",67.792,130.394,493,1666,2226,144,"subpolar / tundra","small town",July,2,0,0,0,0,0,0,19,0,0,0,0,0
SUN,"Hailey",US,"United States","North America",43.5044,-114.296,1614,8134,2716,113,"continental","alpine / mountain town",July,37,0,0,0,0,51,90,93,92,91,22,0,0
SUR,"Summer Beaver",CA,"Canada","Asia",52.7086,-88.5419,253,,1966,152,"subarctic","small town",July,22,0,0,0,0,25,66,71,66,36,0,0,0
SUX,"Sioux City",US,"United States","North America",42.3976,-96.3822,333,82821,2628,98,"hot-summer continental","small town",July,41,0,0,0,53,75,74,80,77,79,49,0,0
SUY,"Suntar",RU,"Russia","Asia",62.185,117.635,129,8639,2355,157,"subarctic","small town",June,21,0,0,0,0,14,80,79,76,7,0,0,0
SVA,"Savoonga",US,"United States","North America",63.6864,-170.493,14,835,1909,181,"subpolar / tundra","seaside town",January,0,0,0,0,0,0,0,0,0,0,0,0,0
SVB,"Sambava",MG,"Madagascar","Africa",-14.2786,50.1747,5,89003,2584,209,"tropical rainforest","beach resort",September,69,67,67,67,67,67,67,69,72,76,75,70,67
SVC,"Silver City",US,"United States","North America",32.6367,-108.1547,1645,10004,3504,53,"semi-arid","small town",April,70,16,32,74,99,99,88,88,90,93,97,56,8
SVI,"San Vicente Del Caguán",CO,"Colombia","South America",2.1522,-74.7663,264,357392,1577,200,"tropical — wet & dry seasons","regional city",August,69,74,71,61,60,63,74,78,81,78,62,60,63
SVJ,"Svolvær",NO,"Norway","Europe",68.2433,14.6692,4,4720,1427,258,"subarctic","seaside town",July,5,0,0,0,0,0,6,23,23,5,0,0,0
SVL,"Savonlinna",FI,"Finland","Europe",61.9431,28.9451,89,31283,1645,209,"continental","small town",July,21,0,0,0,0,31,57,68,64,31,0,0,0
SVS,"Stevens Village",US,"United States","North America",66.0167,-149.0568,94,,2618,107,"subarctic","small town",June,24,0,0,0,0,37,85,84,70,14,0,0,0
SVU,"Savusavu",FJ,"Fiji","Asia",-16.8034,179.3406,8,6833,2102,231,"tropical rainforest","beach resort",July,68,64,64,64,64,66,73,79,78,74,65,64,64
SVZ,"San Antonio del Tachira",VE,"Venezuela","Asia",7.8408,-72.4399,384,66392,2015,134,"tropical — wet & dry seasons","small town",January,77,83,83,79,71,72,77,78,80,76,72,70,77
SWF,"Newburgh",US,"United States","North America",41.5042,-74.1089,140,28290,2365,129,"hot-summer continental","small town",May,37,0,0,0,37,74,70,72,70,72,47,6,0
SWL,"San Vicente",PH,"Philippines","Asia",10.5243,119.2729,13,16116,2453,131,"tropical monsoon","beach resort",February,73,84,88,88,85,66,66,66,66,66,66,66,70
SWO,"Stillwater",US,"United States","North America",36.1621,-97.0856,293,48967,2891,84,"humid subtropical","small town",September,55,0,22,63,78,71,75,56,62,81,81,59,7
SWQ,"Sumbawa Besar",ID,"Indonesia","Asia",-8.489,117.412,8,62753,3066,128,"tropical — wet & dry seasons","beach resort",August,80,70,70,70,77,87,92,94,96,93,72,66,70
SWX,"Shakawe",BW,"Botswana","Asia",-18.3739,21.8326,1008,10589,3154,63,"semi-arid","small town",June,83,70,79,80,92,97,98,98,98,78,58,70,76
SXK,"Saumlaki-Yamdena Island",ID,"Indonesia","Asia",-7.8484,131.3371,135,12916,2891,145,"tropical — wet & dry seasons","beach resort",August,77,69,69,69,69,69,69,83,92,92,90,87,69
SXP,"Nunam Iqua",US,"United States","North America",62.5206,-164.848,3,217,2776,144,"subarctic","seaside town",July,8,0,0,0,0,0,21,33,33,7,0,0,0
SYM,"Pu'er",CN,"China","Asia",22.7933,100.959,1298,296565,2146,161,"humid subtropical","regional city",February,72,70,88,85,79,64,64,64,64,64,70,83,72
SYS,"Saskylakh",RU,"Russia","Europe",71.9279,114.08,14,1920,1701,163,"subarctic","small town",July,6,0,0,0,0,0,19,37,19,0,0,0,0
SYU,"Sue Islet",AU,"Australia","Asia",-10.2083,142.825,6,2805,2453,137,"tropical — wet & dry seasons","beach resort",August,77,66,66,66,66,71,84,87,90,90,87,81,66
SYY,"Stornoway, Western Isles",GB,"United Kingdom","Europe",58.2156,-6.3311,2,18500,1420,266,"oceanic / maritime","seaside town",July,10,0,0,0,0,6,23,28,27,22,10,0,0
SZA,"Soyo",AO,"Angola","Asia",-6.1411,12.3718,8,221555,1752,52,"tropical — wet & dry seasons","beach resort",July,75,68,68,63,65,74,88,89,88,87,75,65,68
SZE,"Semera",ET,"Ethiopia","Asia",11.7875,40.9915,422,50000,3154,32,"hot desert","small town",January,65,97,96,74,53,37,19,43,57,53,67,87,96
SZH,"Shuozhou",CN,"China","Asia",39.2732,112.6916,1043,570000,2759,84,"hot-summer continental","alpine / mountain city",May,43,0,0,0,61,88,84,75,77,83,45,0,0
SZI,"Zaysan",KZ,"Kazakhstan","Asia",47.4875,84.8877,574,17600,2584,103,"continental","small town",August,38,0,0,0,30,74,89,88,90,75,7,0,0
SZK,"Skukuza",ZA,"South Africa","Asia",-24.9609,31.5886,308,348138,3066,68,"semi-arid","regional city",June,88,75,82,82,88,95,96,96,96,94,89,82,77
SZY,"Olsztyn",PL,"Poland","Europe",53.4819,20.9377,139,186670,1672,174,"continental","regional city",June,33,0,0,0,27,63,75,73,75,65,19,0,0
TAB,"Scarborough",TT,"Trinidad & Tobago","North America",11.1496,-60.8313,10,17000,2759,200,"tropical — wet & dry seasons","beach resort",March,75,80,87,88,88,79,68,68,68,70,68,68,68
TAH,"Tanna Island",VU,"Vanuatu","Asia",-19.4551,169.224,7,1437,2321,212,"tropical monsoon","beach resort",August,73,65,65,65,65,73,77,80,82,82,77,77,71
TAI,"Taiz",YE,"Yemen","Asia",13.686,44.1391,1455,940600,2978,35,"hot desert","city break",January,94,96,96,95,93,93,92,92,90,90,94,96,95
TAL,"Tanana",US,"United States","North America",65.1744,-152.109,69,246,2599,123,"subarctic","small town",July,18,0,0,0,0,29,68,74,46,0,0,0,0
TAT,"Poprad",SK,"Slovakia","Europe",49.071,20.2414,704,49091,1664,167,"continental","small town",August,24,0,0,0,13,39,60,63,69,42,6,0,0
TAY,"Tartu",EE,"Estonia","Europe",58.3074,26.6865,66,91407,1933,170,"continental","small town",July,26,0,0,0,0,46,66,75,73,46,0,0,0
TAZ,"Daşoguz",TM,"Turkmenistan","Asia",41.7599,59.8361,83,201424,2759,44,"cold desert","regional city",September,46,0,0,38,92,93,57,38,57,95,78,0,0
TBG,"Tabubil",PG,"Papua New Guinea","Asia",-5.2805,141.2276,474,10270,1533,248,"tropical rainforest","small town",January,60,60,60,60,60,60,60,60,60,60,60,60,60
TBH,"Tablas Island",PH,"Philippines","Asia",12.311,122.085,7,185236,2365,160,"tropical rainforest","beach resort",March,70,75,80,82,82,65,65,65,65,65,65,65,65
TBI,"Cat Island",BS,"Bahamas","Asia",24.3153,-75.4523,1,7314,2672,169,"tropical — wet & dry seasons","beach resort",February,83,89,90,90,87,78,76,80,78,75,78,84,89
TBJ,"Tabarka",TN,"Tunisia","Asia",36.98,8.8769,63,19770,2628,98,"Mediterranean","beach resort",July,67,31,32,46,69,87,92,93,91,84,82,64,37
TBM,"Tumbang Samba-Borneo Island",ID,"Indonesia","Asia",-1.469,113.081,46,,2234,188,"tropical rainforest","small town",August,65,64,64,64,64,64,64,67,73,67,64,64,64
TBN,"Fort Leonard Wood",US,"United States","North America",37.7416,-92.1407,350,15061,2628,110,"humid subtropical","small town",September,48,0,0,31,65,68,76,75,73,77,76,32,0
TBO,"Tabora",TZ,"Tanzania","Africa",-5.0764,32.8333,1181,308741,3143,132,"tropical — wet & dry seasons","regional city",July,83,70,73,70,77,92,97,98,97,96,81,70,70
TBT,"Tabatinga",BR,"Brazil","South America",-4.2557,-69.9358,78,72283,1840,251,"tropical rainforest","small town",August,63,62,62,62,62,62,62,66,68,62,62,62,62
TBU,"Nuku'alofa",TO,"Tonga","Oceania",-21.2414,-175.1492,31,22400,,,"tropical rainforest","beach resort",July,70,63,63,63,63,70,72,78,76,75,74,70,69
TCA,"Tennant Creek",AU,"Australia","Oceania",-19.6344,134.183,372,3080,3566,50,"semi-arid","small town",June,67,37,48,63,88,98,99,99,99,79,39,28,25
TCB,"Treasure Cay",BS,"Bahamas","Asia",26.7453,-77.3913,2,1187,2847,170,"tropical — wet & dry seasons","beach resort",January,79,88,88,86,83,75,69,70,69,68,77,86,88
TCD,"Tarapacá",CO,"Colombia","South America",-2.8958,-69.7498,76,3100,1796,265,"tropical rainforest","small town",August,63,62,62,62,62,62,62,63,67,62,62,62,62
TCO,"Tumaco",CO,"Colombia","South America",1.8144,-78.7492,4,86713,1007,198,"tropical — wet & dry seasons","beach resort",August,68,65,67,64,59,63,70,76,79,76,68,65,67
TCP,"Taba",EG,"Egypt","Asia",29.5945,34.7758,730,5000,3592,16,"hot desert","beach resort",May,86,57,82,99,99,100,80,70,70,100,99,99,74
TCR,"Vagaikulam",IN,"India","Asia",8.7242,78.0258,24,1435844,2453,34,"tropical — wet & dry seasons","coastal city break",January,79,91,91,86,72,76,80,82,84,76,66,66,80
TCT,"Takotna",US,"United States","North America",62.9932,-156.029,128,,2669,137,"subarctic","small town",June,13,0,0,0,0,14,53,51,38,0,0,0,0
TDK,"Taldykorgan",KZ,"Kazakhstan","Asia",45.1225,78.4428,589,116558,2628,97,"semi-arid","regional city",August,45,0,0,0,52,89,89,90,92,92,37,0,0
TDS,"Sasereme",PG,"Papua New Guinea","Asia",-7.6217,142.868,30,,2015,212,"tropical rainforest","small town",August,67,63,63,63,63,63,70,74,77,74,68,62,63
TDX,"Laem Ngop",TH,"Thailand","Asia",12.2746,102.319,26,17198,2453,166,"tropical monsoon","beach resort",December,73,86,85,76,69,66,66,66,66,66,66,79,89
TEB,"Teterboro",US,"United States","North America",40.8501,-74.0608,0,19040000,2453,120,"humid subtropical","major city break",May,42,0,0,6,43,75,72,73,72,74,65,26,0
TEE,"Tébessi",DZ,"Algeria","Africa",35.4316,8.1207,807,194461,2891,82,"Mediterranean","regional city",June,63,7,22,50,80,87,91,84,90,86,88,51,14
TEK,"Tatitlek",US,"United States","North America",60.8714,-146.6903,13,3870,2560,121,"subarctic","seaside town",July,8,0,0,0,0,0,24,33,28,6,0,0,0
TEQ,"Çorlu",TR,"Türkiye","Europe",41.1382,27.9191,165,202578,2759,118,"Mediterranean","beach resort",August,51,0,0,14,44,81,88,91,92,85,68,42,7
TET,"Tete",MZ,"Mozambique","Africa",-16.1048,33.6402,146,357000,3022,67,"tropical — wet & dry seasons","regional city",August,74,69,69,76,92,95,95,94,96,67,38,34,62
TEX,"Telluride",US,"United States","North America",37.9538,-107.908,2752,2399,3110,91,"subarctic","alpine / mountain town",July,29,0,0,0,0,30,86,88,88,58,0,0,0
TFF,"Tefé",BR,"Brazil","South America",-3.3829,-64.7241,52,79278,1840,249,"tropical rainforest","small town",August,64,62,62,62,62,62,62,65,70,69,62,62,62
TFI,"Tufi",PG,"Papua New Guinea","Asia",-9.076,149.3198,26,,2190,194,"tropical rainforest","beach resort",August,69,64,64,64,64,65,65,79,80,75,76,73,64
TGG,"Kuala Terengganu",MY,"Malaysia","Asia",5.3826,103.103,5,426500,2278,180,"tropical rainforest","coastal city break",February,67,65,77,69,72,65,65,65,65,65,65,65,65
TGH,"Tongoa",VU,"Vanuatu","Asia",-16.8911,168.551,149,2300,2409,207,"tropical rainforest","beach resort",August,71,65,65,65,65,68,73,79,81,79,73,70,67
TGJ,"Tiga",NC,"New Caledonia","Oceania",-21.0964,167.8038,34,10375,2409,186,"tropical — wet & dry seasons","beach resort",September,76,67,70,65,67,75,77,81,82,84,81,81,77
TGK,"Taganrog",RU,"Russia","Europe",47.1983,38.8492,26,279056,1927,135,"hot-summer continental","beach resort",August,41,0,0,0,35,82,81,82,84,84,42,0,0
TGQ,"Tangará da Serra",BR,"Brazil","South America",-14.662,-57.4437,437,112547,2102,122,"tropical — wet & dry seasons","regional city",June,69,64,64,64,72,85,89,89,71,50,53,64,64
TGR,"Touggourt",DZ,"Algeria","Asia",33.0678,6.0887,83,143270,3285,14,"hot desert","regional city",May,68,56,73,97,97,98,49,10,20,68,97,97,57
TGT,"Tanga",TZ,"Tanzania","Africa",-5.0924,39.0712,36,393429,2935,147,"tropical — wet & dry seasons","beach resort",August,83,88,90,79,69,69,88,92,93,91,81,77,81
THG,"Biloela",AU,"Australia","Asia",-24.4949,150.578,194,6108,2891,105,"humid subtropical","small town",May,84,74,70,78,90,92,89,92,90,91,85,84,74
THL,"Tachileik",MM,"Myanmar (Burma)","Asia",20.4838,99.9354,390,51553,2453,136,"tropical — wet & dry seasons","small town",February,74,90,92,80,58,53,64,66,66,66,77,87,91
THN,"Trollhättan",SE,"Sweden","Europe",58.3181,12.345,40,48573,1705,166,"continental","small town",July,24,0,0,0,7,38,59,70,64,44,6,0,0
THO,"Þórshöfn",IS,"Iceland","Europe",66.2185,-15.3347,18,352,1098,208,"oceanic / maritime","seaside town",July,6,0,0,0,0,0,17,27,21,5,0,0,0
THQ,"Tianshui (Maiji)",CN,"China","Asia",34.5601,105.8603,1088,2984659,2015,116,"hot-summer continental","major city break",May,45,0,0,29,77,79,75,71,72,73,54,7,0
THU,"Pituffik",GL,"Greenland","Asia",76.5306,-68.7005,70,,1701,62,"subpolar / tundra","seaside town",January,0,0,0,0,0,0,0,0,0,0,0,0,0
THX,"Turukhansk",RU,"Russia","Asia",65.7972,87.9353,39,4774,1823,230,"subarctic","small town",July,15,0,0,0,0,0,54,75,46,0,0,0,0
TIE,"Tippi",ET,"Ethiopia","Asia",7.2024,35.415,1250,66700,2891,92,"tropical — wet & dry seasons","small town",January,75,90,87,79,69,69,69,70,69,69,69,77,85
TIH,"Tuherahera",PF,"French Polynesia","Oceania",-15.1196,-148.231,1,,,,"tropical — wet & dry seasons","beach resort",August,74,63,63,67,76,73,79,83,85,84,77,71,63
TIM,"Timika",ID,"Indonesia","Asia",-4.5298,136.8874,30,142909,1708,212,"tropical rainforest","regional city",January,61,61,61,61,61,61,61,61,61,61,61,61,61
TIN,"Tindouf",DZ,"Algeria","Asia",27.7004,-8.1671,443,45610,3197,9,"hot desert","small town",April,68,97,97,96,98,68,29,0,0,48,95,96,97
TIQ,"Tinian",MP,"Northern Mariana Islands","Oceania",15.0005,145.619,77,48220,2102,244,"tropical — wet & dry seasons","beach resort",March,75,79,84,85,83,82,77,64,64,64,64,72,80
TIR,"Tirupati",IN,"India","Asia",13.632,79.5399,105,295323,2628,52,"tropical — wet & dry seasons","regional city",January,58,93,84,37,18,25,49,53,59,63,67,67,81
TIW,"Tacoma",US,"United States","North America",47.2674,-122.5773,88,719868,2015,155,"Mediterranean","city break",July,42,0,0,16,37,65,81,87,85,80,39,10,0
TIZ,"Tari",PG,"Papua New Guinea","Asia",-5.845,142.948,1671,8186,1533,280,"tropical rainforest","highland town",January,60,60,60,60,60,60,60,60,60,60,60,60,60
TJA,"Tarija",BO,"Bolivia","Asia",-21.5557,-64.7013,1851,159269,2935,80,"semi-arid","highland city",June,88,73,77,82,92,95,96,96,96,95,89,86,76
TJG,"Tanta-Tabalong",ID,"Indonesia","Asia",-2.2166,115.436,58,55956,2321,156,"tropical rainforest","small town",September,66,65,65,65,65,65,65,65,70,71,65,65,65
TJH,"Toyooka",JP,"Japan","Asia",35.5128,134.787,175,78348,1577,248,"humid subtropical","beach resort",May,38,0,0,11,44,64,60,60,61,60,60,32,5
TJK,"Tokat",TR,"Türkiye","Asia",40.3247,36.3906,562,129702,2716,118,"Mediterranean","regional city",August,50,0,0,14,50,84,86,92,93,90,73,21,0
TJL,"Três Lagoas",BR,"Brazil","South America",-20.7526,-51.682,322,78712,2453,111,"tropical — wet & dry seasons","small town",July,74,66,66,71,83,82,88,89,88,74,59,60,66
TJS,"Tanjung Selor-Borneo Island",ID,"Indonesia","Asia",2.8358,117.3736,3,255310,2059,202,"tropical rainforest","regional city",January,63,63,63,63,63,63,63,63,63,63,63,63,63
TJU,"Kulob",TJ,"Tajikistan","Asia",37.9881,69.805,678,214700,2540,73,"semi-arid","regional city",September,59,0,14,56,85,88,83,56,75,94,92,51,15
TKD,"Sekondi-Takoradi",GH,"Ghana","Asia",4.8961,-1.7748,6,286248,2015,174,"tropical — wet & dry seasons","beach resort",January,71,84,79,68,63,63,63,68,81,70,63,72,82
TKF,"Truckee",US,"United States","North America",39.3186,-120.1406,1797,16299,3329,69,"continental","alpine / mountain town",July,42,0,0,0,8,54,97,98,98,97,46,0,0
TKJ,"Tok",US,"United States","North America",63.3295,-142.954,499,1258,2379,108,"subarctic","small town",July,17,0,0,0,0,28,58,65,48,7,0,0,0
TKK,"Weno Island",FM,"Micronesia","Asia",7.4619,151.843,0,13856,,,"tropical rainforest","beach resort",January,63,63,63,63,63,63,63,63,63,63,63,63,63
TKM,"Taksimo",RU,"Russia","Asia",56.3617,114.93,499,10359,2400,157,"subarctic","small town",July,16,0,0,0,0,0,66,74,57,0,0,0,0
TKN,"Amagi",JP,"Japan","Asia",27.8364,128.8814,4,42312,1621,246,"humid subtropical","beach resort",November,59,48,55,54,60,60,60,60,60,60,62,70,59
TKQ,"Kigoma",TZ,"Tanzania","Africa",-4.8862,29.6709,821,232388,2584,144,"tropical — wet & dry seasons","regional city",July,78,67,70,67,67,86,93,94,92,88,77,67,67
TKU,"Turku",FI,"Finland","Europe",60.5141,22.2628,47,206655,1914,199,"continental","seaside town",July,26,0,0,0,0,41,65,78,77,46,0,0,0
TKV,"Tatakoto",PF,"French Polynesia","Oceania",-17.3552,-138.4473,6,180,,,"tropical — wet & dry seasons","beach resort",August,75,66,68,73,73,73,79,83,84,83,78,72,67
TLA,"Teller",US,"United States","North America",65.2404,-166.339,85,3806,2359,139,"subpolar / tundra","seaside town",July,4,0,0,0,0,0,7,19,19,0,0,0,0
TLE,"Toliara",MG,"Madagascar","Africa",-23.3834,43.7285,6,178725,3610,44,"semi-arid","beach resort",July,91,73,79,86,95,97,98,99,99,98,95,92,82
TLI,"Toli Toli-Celebes Island",ID,"Indonesia","Asia",1.1234,120.7937,3,,2234,168,"tropical rainforest","beach resort",August,65,64,64,66,66,64,64,64,71,69,64,64,64
TLM,"Zenata",DZ,"Algeria","Africa",35.0127,-1.4571,246,803329,2847,63,"Mediterranean","coastal city break",June,75,49,58,79,85,89,94,76,74,90,86,75,50
TLT,"Tuluksak",US,"United States","North America",61.087,-160.9228,9,6450,2798,138,"subarctic","small town",June,15,0,0,0,0,14,57,53,45,7,0,0,0
TLU,"Santiago de Tolú",CO,"Colombia","South America",9.5094,-75.5854,3,27390,2102,86,"tropical — wet & dry seasons","beach resort",January,68,80,72,70,66,64,64,64,64,64,64,64,80
TLY,"Plastun",RU,"Russia","Asia",44.815,136.292,15,6082,2190,122,"continental","seaside town",September,31,0,0,0,7,50,73,68,68,76,26,0,0
TMC,"Radamata",ID,"Indonesia","Asia",-9.4092,119.2426,56,35790,2803,116,"tropical — wet & dry seasons","beach resort",August,81,68,68,68,75,86,92,93,94,91,89,76,68
TME,"Tame",CO,"Colombia","South America",6.4511,-71.7603,361,29099,1796,188,"tropical — wet & dry seasons","small town",January,70,84,83,75,67,62,62,62,66,67,65,70,80
TMF,"Thimarafushi",MV,"Maldives","Asia",2.211,73.1533,4,2077,,,"tropical monsoon","beach resort",February,68,76,80,80,68,63,66,63,63,63,63,63,63
TMG,"Tomanggong",MY,"Malaysia","Asia",5.4026,118.6576,13,439050,2321,208,"tropical rainforest","city break",April,66,65,65,65,69,68,65,65,65,65,65,65,65
TMH,"Tanah Merah",ID,"Indonesia","Asia",-6.0967,140.3035,22,941,1577,214,"tropical rainforest","small town",January,60,60,60,60,60,60,60,60,60,60,60,60,60
TMI,"Tumling Tar",NP,"Nepal","Asia",27.315,87.1933,400,173096,2190,68,"humid subtropical","regional city",November,78,76,90,88,85,75,68,64,64,67,85,91,83
TMJ,"Termez",UZ,"Uzbekistan","Asia",37.2873,67.3119,312,182800,2803,49,"semi-arid","regional city",September,54,0,22,83,91,94,38,19,48,96,95,53,8
TML,"Tamale",GH,"Ghana","Africa",9.5539,-0.8661,165,464316,2719,131,"tropical — wet & dry seasons","city break",December,63,66,46,44,48,59,70,67,67,67,73,73,76
TMM,"Toamasina",MG,"Madagascar","Africa",-18.1135,49.3923,6,345107,2410,238,"tropical rainforest","beach resort",September,71,65,65,65,65,68,70,70,78,82,80,75,65
TMP,"Tampere / Pirkkala",FI,"Finland","Europe",61.4141,23.6044,116,260646,1637,201,"continental","regional city",July,23,0,0,0,0,39,60,72,68,38,0,0,0
TMS,"São Tomé",ST,"São Tomé & Príncipe","Africa",0.3782,6.7122,9,53300,1270,154,"tropical — wet & dry seasons","beach resort",July,67,62,64,58,58,62,78,82,82,78,65,58,61
TMT,"Oriximiná",BR,"Brazil","South America",-1.4896,-56.3968,48,68294,2102,211,"tropical monsoon","small town",August,67,64,64,64,64,64,71,77,81,65,61,59,64
TMW,"Tamworth",AU,"Australia","Oceania",-31.0779,150.8455,394,43874,2628,131,"humid subtropical","small town",April,72,80,80,82,88,74,42,37,51,87,84,80,77
TMX,"Timimoun",DZ,"Algeria","Asia",29.2371,0.276,312,22086,3679,10,"hot desert","small town",February,64,75,100,99,99,60,10,0,0,40,99,100,83
TNC,"Tin City",US,"United States","North America",65.5631,-167.922,80,,2002,154,"subpolar / tundra","seaside town",January,0,0,0,0,0,0,0,0,0,0,0,0,0
TNE,"Tanegashima",JP,"Japan","Asia",30.6051,130.991,234,101096,1752,230,"humid subtropical","beach resort",May,50,27,31,36,51,61,61,61,61,61,61,56,36
TNH,"Tonghua",CN,"China","Asia",42.0484,125.734,409,510000,2497,127,"continental","city break",September,36,0,0,0,29,81,74,66,66,83,28,0,0
TNK,"Tununak",US,"United States","North America",60.5696,-165.2466,10,411,2785,168,"subarctic","seaside town",August,7,0,0,0,0,0,14,26,32,6,0,0,0
TNM,"Villa Las Estrellas",AQ,"Antarctica","Antarctica",-62.191,-58.9867,44,,,,"subpolar / tundra","seaside town",January,0,0,0,0,0,0,0,0,0,0,0,0,0
TNN,"Tainan (Rende)",TW,"Taiwan","Asia",22.9504,120.206,17,2769072,2195,171,"tropical monsoon","major coastal city",February,75,84,86,83,77,64,64,64,64,64,78,83,86
TOB,"Tobruk",LY,"Libya","Asia",31.861,23.907,154,141499,3154,32,"semi-arid","regional city",June,87,52,62,96,97,96,98,98,98,97,94,93,66
TOD,"Tioman",MY,"Malaysia","Asia",2.8182,104.16,5,31826,2190,204,"tropical rainforest","beach resort",February,66,64,75,69,67,64,64,64,64,64,64,64,64
TOE,"Tozeur",TN,"Tunisia","Asia",33.9397,8.1106,85,37370,3197,27,"hot desert","small town",October,68,64,80,95,95,87,39,10,19,67,96,95,71
TOG,"Togiak Village",US,"United States","North America",59.0528,-160.397,4,,2862,162,"subarctic","seaside town",July,10,0,0,0,0,0,27,39,37,12,0,0,0
TOL,"Toledo",US,"United States","North America",41.5868,-83.8078,204,469924,2278,135,"hot-summer continental","city break",September,39,0,0,0,38,73,76,76,76,78,53,0,0
TOM,"Timbuktu",ML,"Mali","Asia",16.7305,-3.0076,263,84208,3106,26,"hot desert","small town",January,52,97,97,58,19,0,9,34,46,45,39,78,97
TOU,"Touho",NC,"New Caledonia","Oceania",-20.7901,165.2595,2,2283,2453,132,"tropical — wet & dry seasons","beach resort",September,75,66,66,66,69,74,77,83,83,85,84,80,71
TPI,"Tapini",PG,"Papua New Guinea","Asia",-8.3567,146.9892,938,6199,1927,234,"tropical — wet & dry seasons","small town",July,74,62,63,62,66,78,78,85,81,82,80,78,70
TPJ,"Taplejung",NP,"Nepal","Asia",27.3509,87.6953,2422,173096,2234,87,"highland","highland city",April,59,23,38,66,85,76,68,64,64,67,71,53,30
TPQ,"Tepic",MX,"Mexico","North America",21.4198,-104.8425,919,332863,2628,85,"Mediterranean","regional city",April,83,92,90,93,94,93,71,67,67,67,76,90,91
TRA,"Tarama",JP,"Japan","Asia",24.6538,124.6755,9,1194,1708,269,"tropical rainforest","beach resort",February,68,75,76,74,69,61,61,66,61,61,66,70,73
TRE,"Balemartine, Argyll and Bute",GB,"United Kingdom","Europe",56.4992,-6.8692,6,8140,1509,241,"oceanic / maritime","seaside town",August,12,0,0,0,0,12,24,29,32,28,15,5,0
TRR,"Trincomalee",LK,"Sri Lanka","Asia",8.5392,81.1813,4,108420,2540,87,"tropical — wet & dry seasons","beach resort",March,73,71,77,81,74,67,80,79,75,71,66,66,66
TRT,"Toraja",ID,"Indonesia","Asia",-3.1858,119.9177,901,184961,2278,173,"tropical rainforest","regional city",January,65,65,65,65,65,65,65,65,65,65,65,65,65
TSJ,"Tsushima",JP,"Japan","Asia",34.2849,129.331,62,67658,1971,185,"humid subtropical","beach resort",October,40,0,0,18,31,52,63,63,63,63,73,45,13
TSM,"Taos",US,"United States","North America",36.4525,-105.6775,2147,5740,3285,69,"continental","alpine / mountain town",June,49,0,0,16,54,93,94,86,88,90,62,0,0
TTA,"Tan Tan",MA,"Morocco","Africa",28.4476,-11.1617,198,79942,2672,24,"hot desert","beach resort",April,93,92,91,92,94,94,94,94,94,94,92,90,92
TTS,"Tsaratanana",MG,"Madagascar","Asia",-16.7511,47.619,327,26446,2891,138,"tropical — wet & dry seasons","small town",August,80,69,69,69,83,91,93,92,94,93,79,57,69
TUA,"Tulcán",EC,"Ecuador","Asia",0.8095,-77.7081,2936,86498,1402,179,"highland","highland town",September,41,42,42,39,37,40,36,39,47,52,45,37,39
TUC,"San Miguel de Tucumán",AR,"Argentina","South America",-26.8374,-65.1042,446,830000,2409,74,"humid subtropical","city break",July,79,65,65,70,79,89,82,92,92,90,83,74,65
TUF,"Tours",FR,"France","Europe",47.4322,0.7276,105,236096,1708,165,"oceanic / maritime","regional city",September,44,0,0,19,46,70,78,79,79,81,57,19,0
TUG,"Tuguegarao",PH,"Philippines","Asia",17.6434,121.7332,21,167297,2497,137,"tropical monsoon","regional city",March,69,83,84,85,58,53,66,66,66,66,66,66,66
TUI,"Turaif",SA,"Saudi Arabia","Asia",31.6922,38.7315,853,40819,3548,14,"hot desert","small town",May,73,41,66,99,99,100,60,40,40,70,100,99,58
TUK,"Turbat",PK,"Pakistan","Asia",25.9848,63.0289,147,75694,3416,6,"hot desert","small town",November,66,97,98,98,59,20,19,39,49,50,69,99,98
TUO,"Taupo",NZ,"New Zealand","Asia",-38.7397,176.084,400,27000,1927,143,"oceanic / maritime","small town",February,48,77,78,77,55,31,18,6,18,32,44,66,74
TUP,"Tupelo",US,"United States","North America",34.2681,-88.7699,104,35680,2584,108,"humid subtropical","small town",September,53,6,17,53,69,69,74,66,67,75,73,50,17
TUR,"Tucuruí",BR,"Brazil","South America",-3.786,-49.7203,249,91306,1971,265,"tropical monsoon","small town",August,68,63,63,63,63,63,79,84,85,60,57,68,63
TVF,"Thief River Falls",US,"United States","North America",48.0657,-96.185,338,8752,2278,100,"continental","small town",August,34,0,0,0,21,65,73,79,80,80,14,0,0
TVU,"Matei",FJ,"Fiji","Asia",-16.6906,-179.877,13,,,,"tropical monsoon","beach resort",July,68,63,63,63,63,66,73,80,78,74,64,63,63
TVY,"Dawei",MM,"Myanmar (Burma)","Asia",14.1039,98.2036,21,146212,2628,168,"tropical — wet & dry seasons","beach resort",February,78,92,93,86,81,67,67,67,67,67,67,88,93
TWA,"Twin Hills",US,"United States","North America",59.0747,-160.275,22,103,2862,162,"subarctic","seaside town",July,11,0,0,0,0,0,34,45,37,12,0,0,0
TWF,"Twin Falls",US,"United States","North America",42.4818,-114.488,1259,47468,2891,94,"hot-summer continental","alpine / mountain town",August,46,0,0,7,37,88,92,85,94,93,53,0,0
TWT,"Bongao",PH,"Philippines","Asia",5.0482,119.7433,6,26518,2278,183,"tropical rainforest","beach resort",April,67,65,68,70,75,68,65,65,65,66,65,65,65
TXE,"Takengon",ID,"Indonesia","Asia",4.7211,96.8519,1412,200876,1883,166,"tropical rainforest","regional city",January,62,62,62,62,62,62,62,62,62,62,62,62,62
TXK,"Texarkana",US,"United States","North America",33.4537,-93.991,112,37280,2759,97,"humid subtropical","small town",September,57,13,31,60,72,70,77,61,63,78,73,59,24
TYF,"Torsby",SE,"Sweden","Europe",60.1576,12.9913,111,4419,1677,177,"continental","small town",July,21,0,0,0,0,30,59,68,56,37,0,0,0
TYL,"Talara",PE,"Peru","South America",-4.5766,-81.2541,83,99074,2321,19,"hot desert","beach resort",May,91,90,86,85,90,92,92,92,92,92,92,92,92
TYR,"Tyler",US,"United States","North America",32.3541,-95.4024,162,112245,2672,92,"humid subtropical","regional city",September,62,27,39,69,77,73,76,65,58,80,73,74,32
TZN,"Andros",BS,"Bahamas","Asia",24.1587,-77.5898,5,2455,2803,166,"tropical — wet & dry seasons","beach resort",February,81,90,91,90,86,73,70,75,72,71,75,85,90
UAH,"Ua Huka",PF,"French Polynesia","Oceania",-8.9362,-139.5541,45,1224,,,"semi-arid","beach resort",September,85,84,84,79,80,82,86,85,87,88,88,85,87
UAI,"Suai",TL,"Timor-Leste","Asia",-9.3019,125.2863,26,21539,2935,96,"tropical — wet & dry seasons","beach resort",August,83,69,69,69,84,88,91,93,95,95,93,83,69
UAP,"Ua Pou",PF,"French Polynesia","Oceania",-9.3517,-140.078,36,1224,,,"semi-arid","beach resort",August,84,82,84,80,81,83,86,85,87,87,87,84,86
UBA,"Uberaba",BR,"Brazil","South America",-19.765,-47.9648,805,337836,2672,118,"tropical — wet & dry seasons","regional city",July,78,67,67,67,80,86,91,93,93,86,75,67,67
UBB,"Mabuiag",AU,"Australia","Asia",-9.9502,142.1952,5,2805,2453,137,"tropical — wet & dry seasons","beach resort",August,77,66,66,66,66,73,86,88,91,91,87,79,66
UCB,"Ulanqab",CN,"China","Asia",41.1303,113.1073,1408,550231,2935,82,"continental","alpine / mountain city",May,40,0,0,0,39,90,86,78,83,79,23,0,0
UCT,"Ukhta",RU,"Russia","Asia",63.5669,53.8047,141,102187,1669,214,"subarctic","regional city",July,17,0,0,0,0,12,52,71,53,18,0,0,0
UDJ,"Uzhhorod",UA,"Ukraine","Europe",48.6343,22.2634,114,115449,1796,155,"hot-summer continental","regional city",September,41,0,0,7,61,74,74,73,77,78,46,0,0
UDR,"Udaipur",IN,"India","Asia",24.6177,73.8961,509,469737,3022,33,"semi-arid","city break",January,72,97,97,77,38,10,34,69,69,79,96,96,97
UEL,"Quelimane",MZ,"Mozambique","Africa",-17.8555,36.8691,4,349842,2847,126,"tropical — wet & dry seasons","beach resort",August,82,68,68,68,81,89,89,88,94,93,91,84,68
UEO,"Kumejima",JP,"Japan","Asia",26.3634,126.7138,6,7192,1796,244,"humid subtropical","beach resort",November,66,64,66,67,64,62,62,65,62,62,67,74,71
UET,"Quetta",PK,"Pakistan","Asia",30.2514,66.9378,1588,1565546,3341,33,"cold desert","city break",May,70,8,23,70,96,98,88,78,97,98,98,65,24
UGA,"Bulgan",MN,"Mongolia","Asia",48.855,103.476,1304,17348,2759,98,"subarctic","alpine / mountain town",June,28,0,0,0,0,52,84,79,80,45,0,0,0
UGU,"Bilogai",ID,"Indonesia","Asia",-3.7395,137.0312,2236,3582,1402,270,"highland","highland town",January,52,54,54,54,54,54,49,49,49,49,54,54,54
UII,"Utila",HN,"Honduras","Asia",16.1131,-86.8803,5,222055,2584,173,"tropical monsoon","beach resort",April,71,67,72,78,85,76,67,67,67,67,67,67,67
UIN,"Quincy",US,"United States","North America",39.9427,-91.1946,231,93618,2497,112,"hot-summer continental","small town",September,44,0,0,14,63,71,70,75,75,78,65,14,0
UIT,"Jabor Jaluit Atoll",MH,"Marshall Islands","Asia",5.9092,169.6373,1,1200,,,"tropical rainforest","beach resort",January,63,63,63,63,63,63,63,63,63,63,63,63,63
UJE,"Ujae Atoll",MH,"Marshall Islands","Asia",8.9281,165.762,5,448,,,"tropical rainforest","beach resort",February,68,78,79,74,67,63,65,63,63,63,63,63,69
UKE,"Bhawanipatna",IN,"India","Asia",20.0978,83.1833,203,69045,2584,55,"tropical — wet & dry seasons","small town",January,62,92,92,45,9,0,47,67,67,67,77,91,92
UKG,"Ust-Kuyga",RU,"Russia","Europe",70.011,135.645,99,1517,1953,133,"subpolar / tundra","small town",July,5,0,0,0,0,0,13,31,13,0,0,0,0
UKX,"Ust-Kut",RU,"Russia","Asia",56.8567,105.73,668,48202,2299,170,"subarctic","small town",July,20,0,0,0,0,14,73,77,66,14,0,0,0
ULG,"Ölgii",MN,"Mongolia","Asia",48.9933,89.9225,1733,28400,2716,100,"semi-arid","small town",June,29,0,0,0,0,46,90,88,89,39,0,0,0
ULH,"Al-Ula",SA,"Saudi Arabia","Asia",26.4836,38.117,616,32413,3723,6,"hot desert","small town",February,69,91,100,99,100,60,30,20,10,30,90,99,99
ULK,"Lensk",RU,"Russia","Asia",60.7206,114.826,239,23694,2092,188,"subarctic","small town",July,15,0,0,0,0,0,63,71,51,0,0,0,0
ULO,"Ulaangom",MN,"Mongolia","Asia",50.0666,91.9383,918,30092,2416,88,"semi-arid","small town",June,26,0,0,0,0,37,86,82,78,30,0,0,0
ULU,"Gulu",UG,"Uganda","Asia",2.8056,32.2718,1041,177400,2584,142,"tropical — wet & dry seasons","regional city",January,75,92,73,76,72,69,76,75,69,69,67,79,86
ULY,"Ulyanovsk",RU,"Russia","Asia",54.401,48.8027,66,640680,2099,163,"hot-summer continental","city break",August,34,0,0,0,14,75,79,80,81,68,7,0,0
ULZ,"Uliastai",MN,"Mongolia","Asia",47.7093,96.5258,1748,16265,2891,83,"semi-arid","small town",July,27,0,0,0,0,39,82,87,81,31,0,0,0
UMS,"Ust-Maya",RU,"Russia","Europe",60.357,134.435,172,3062,2490,158,"subarctic","small town",June,25,0,0,0,0,35,83,80,82,21,0,0,0
UMU,"Umuarama",BR,"Brazil","South America",-23.7987,-53.3138,468,117095,2059,111,"humid subtropical","regional city",July,69,63,63,70,74,65,74,77,77,74,63,63,63
UNA,"Una",BR,"Brazil","South America",-15.3544,-38.9987,5,18131,2278,261,"tropical rainforest","beach resort",September,73,74,74,67,69,71,71,74,77,80,75,68,74
UNG,"Kiunga",PG,"Papua New Guinea","Asia",-6.1257,141.282,28,11536,1708,218,"tropical rainforest","small town",January,61,61,61,61,61,61,61,61,61,61,61,61,61
UNI,"Union",VC,"St. Vincent & Grenadines","Asia",12.6001,-61.4119,7,24518,2803,181,"tropical — wet & dry seasons","beach resort",February,81,87,91,90,90,85,77,75,73,75,69,72,82
UNK,"Unalakleet",US,"United States","North America",63.8884,-160.799,5,765,2690,121,"subarctic","seaside town",July,10,0,0,0,0,0,42,44,36,0,0,0,0
UNN,"Ranong",TH,"Thailand","Asia",9.7776,98.5855,11,24561,2453,192,"tropical monsoon","beach resort",February,71,78,88,76,72,66,66,66,66,66,66,66,70
UOL,"Buol",ID,"Indonesia","Asia",1.1023,121.4134,4,,2234,167,"tropical rainforest","beach resort",August,66,64,64,68,67,64,64,64,71,69,64,64,64
UPN,"Uruapan",MX,"Mexico","North America",19.3967,-102.039,1597,299523,2365,106,"Mediterranean","highland city",April,82,91,90,91,92,87,71,65,65,66,82,90,92
URA,"Uralsk",KZ,"Kazakhstan","Asia",51.152,51.5437,36,330000,2257,116,"hot-summer continental","regional city",August,42,0,0,0,43,86,86,87,89,87,21,0,0
URE,"Kuressaare",EE,"Estonia","Europe",58.2299,22.5095,2,12698,2045,168,"continental","seaside town",July,19,0,0,0,0,14,40,66,65,40,7,0,0
URG,"Uruguaiana",BR,"Brazil","South America",-29.7822,-57.0382,77,123480,2540,96,"humid subtropical","regional city",August,69,55,64,73,67,72,74,69,81,76,66,67,60
URJ,"Uray",RU,"Russia","Asia",60.1033,64.8267,56,39878,2254,152,"subarctic","small town",July,26,0,0,0,0,46,74,78,75,33,0,0,0
URS,"Kursk",RU,"Russia","Europe",51.7506,36.2956,204,448733,1796,171,"continental","city break",August,35,0,0,0,27,77,77,74,80,73,13,0,0
URY,"Gurayat",SA,"Saudi Arabia","Asia",31.4124,37.2789,509,102903,3504,16,"hot desert","regional city",October,70,49,73,99,99,90,50,30,30,60,100,99,66
USH,"Ushuaia",AR,"Argentina","South America",-54.8433,-68.2958,27,56825,1281,114,"subpolar / tundra","seaside town",January,8,24,24,18,0,0,0,0,0,0,0,12,18
USJ,"Usharal",KZ,"Kazakhstan","Asia",46.1908,80.8309,389,15991,2628,95,"hot-summer continental","small town",September,45,0,0,0,52,89,89,90,91,92,37,0,0
USK,"Usinsk",RU,"Russia","Asia",66.0047,57.3672,77,44078,1644,226,"subarctic","small town",July,12,0,0,0,0,0,35,66,41,6,0,0,0
USR,"Ust-Nera",RU,"Russia","Asia",64.55,143.115,523,9148,2405,150,"subpolar / tundra","small town",July,4,0,0,0,0,0,13,31,7,0,0,0,0
UST,"St Augustine",US,"United States","North America",29.9592,-81.3398,1,1009833,2847,116,"humid subtropical","coastal city break",November,73,61,67,80,83,76,68,68,68,68,78,85,74
UTK,"Utirik",MH,"Marshall Islands","Asia",11.2222,169.8514,10,409,,,"tropical — wet & dry seasons","beach resort",January,75,85,85,82,79,78,76,70,66,65,63,68,81
UTN,"Upington",ZA,"South Africa","Africa",-28.4002,21.2636,840,71373,3732,34,"hot desert","small town",July,83,47,56,75,96,98,99,100,100,99,98,78,48
UTO,"Utopia Creek",US,"United States","North America",65.9928,-153.704,332,,2557,120,"subarctic","small town",July,13,0,0,0,0,0,55,60,39,0,0,0,0
UTT,"Mthatha",ZA,"South Africa","Asia",-31.5464,28.6734,732,164848,2628,116,"oceanic / maritime","regional city",May,76,67,70,69,79,89,83,80,86,82,72,70,68
UUA,"Bugulma",RU,"Russia","Asia",54.6412,52.8002,302,91900,2224,170,"continental","small town",August,31,0,0,0,0,68,78,81,83,62,0,0,0
UVE,"Ouvéa",NC,"New Caledonia","Oceania",-20.6409,166.573,6,3401,2453,181,"tropical monsoon","beach resort",August,75,66,67,66,66,74,78,82,83,83,82,80,74
UVI,"União da Vitória",BR,"Brazil","South America",-26.2332,-51.0668,748,55033,1489,196,"oceanic / maritime","small town",August,62,60,60,64,67,63,53,58,70,65,60,61,60
UYL,"Nyala",SD,"Sudan","Asia",12.0535,24.9562,640,565734,2978,35,"semi-arid","city break",January,64,97,77,48,29,28,45,65,70,74,65,77,97
UYU,"Quijarro",BO,"Bolivia","Asia",-20.4413,-66.8576,3665,11988,2978,68,"semi-arid","highland town",November,67,80,82,87,71,48,32,24,48,72,85,93,85
UZR,"Urzhar",KZ,"Kazakhstan","Asia",47.0918,81.6682,507,14826,2584,106,"continental","small town",August,43,0,0,0,44,89,89,89,91,91,22,0,0
VAA,"Vaasa",FI,"Finland","Europe",63.0502,21.7625,4,69819,1483,186,"subarctic","seaside town",July,19,0,0,0,0,25,50,66,61,31,0,0,0
VAI,"Vanimo",PG,"Papua New Guinea","Asia",-2.6926,141.3028,6,11204,1708,200,"tropical rainforest","beach resort",October,61,61,61,61,61,61,61,61,61,61,62,61,61
VAK,"Chevak",US,"United States","North America",61.5409,-165.6005,15,1018,2751,159,"subarctic","seaside town",July,6,0,0,0,0,0,14,26,26,0,0,0,0
VAL,"Valença",BR,"Brazil","South America",-13.2965,-38.9924,4,85655,2278,231,"tropical rainforest","beach resort",September,73,75,74,71,65,65,67,69,73,79,78,76,79
VAM,"Maamigili",MV,"Maldives","Asia",3.4718,72.8326,4,112927,,,"tropical monsoon","beach resort",February,69,80,83,81,73,63,65,63,63,63,63,63,63
VAO,"Suavanao",SB,"Solomon Islands","Asia",-7.5856,158.731,3,,2015,234,"tropical rainforest","beach resort",January,63,63,63,63,63,63,63,63,63,63,63,63,63
VAQ,"Vanavara",RU,"Russia","Asia",60.3562,102.3096,272,3090,2259,194,"subarctic","small town",July,20,0,0,0,0,7,79,80,67,7,0,0,0
VAV,"Vava'u",TO,"Tonga","Asia",-18.5853,-173.962,68,3825,,,"tropical monsoon","beach resort",July,68,63,63,63,63,69,71,80,79,74,68,65,63
VAW,"Vardø",NO,"Norway","Europe",70.3554,31.0449,12,1875,1260,215,"subpolar / tundra","seaside town",July,1,0,0,0,0,0,0,6,6,0,0,0,0
VBS,"Brescia",IT,"Italy","Europe",45.4289,10.3306,104,347459,2015,124,"humid subtropical","regional city",June,43,0,0,20,51,74,77,77,76,77,56,12,0
VBV,"Vanua Balavu",FJ,"Fiji","Asia",-17.269,-178.976,32,1000,,,"tropical monsoon","beach resort",July,69,63,63,63,63,71,72,80,79,77,69,65,63
VBY,"Visby",SE,"Sweden","Europe",57.6628,18.3462,40,23402,1751,165,"oceanic / maritime","seaside town",July,20,0,0,0,0,14,46,64,63,46,6,0,0
VDE,"El Hierro",ES,"Spain","Africa",27.8148,-17.8871,29,8964,2584,37,"semi-arid","beach resort",August,73,60,52,53,61,70,78,86,93,92,89,72,65
VDM,"Viedma / Carmen de Patagones",AR,"Argentina","South America",-40.8692,-63.0004,5,48940,2497,62,"semi-arid","seaside town",December,64,88,85,84,80,51,22,15,30,52,80,89,90
VDO,"Van Don",VN,"Vietnam","Asia",21.1207,107.4154,5,2625200,1752,148,"humid subtropical","major coastal city",March,69,67,76,79,77,61,61,61,61,61,69,79,76
VDS,"Vadsø",NO,"Norway","Europe",70.0653,29.8447,32,4654,1323,204,"subarctic","seaside town",July,5,0,0,0,0,0,6,28,23,0,0,0,0
VDZ,"Valdez",US,"United States","North America",61.1327,-146.2466,22,3870,2508,120,"subarctic","small town",July,6,0,0,0,0,0,19,28,28,0,0,0,0
VEE,"Venetie",US,"United States","North America",67.0087,-146.366,173,205,2518,89,"subarctic","small town",July,17,0,0,0,0,7,73,77,49,0,0,0,0
VEL,"Vernal",US,"United States","North America",40.4362,-109.5117,1602,11200,3022,82,"semi-arid","small town",June,45,0,0,0,38,84,94,94,93,91,46,0,0
VEO,"Severo-Yeniseysk",RU,"Russia","Asia",60.3733,93.0117,519,6649,2027,214,"subarctic","small town",July,14,0,0,0,0,0,56,65,43,0,0,0,0
VFA,"Victoria Falls",ZW,"Zimbabwe","Asia",-18.0974,25.8369,1063,35215,3154,66,"semi-arid","small town",July,85,72,75,81,92,97,97,98,98,97,67,78,73
VHM,"Vilhelmina",SE,"Sweden","Europe",64.5791,16.8336,347,3572,1503,188,"subarctic","small town",July,11,0,0,0,0,6,35,48,38,6,0,0,0
VHV,"Verkhnevilyuisk",RU,"Russia","Asia",63.4581,120.2692,116,9948,2322,150,"subarctic","small town",June,22,0,0,0,0,14,83,81,76,7,0,0,0
VIG,"El Vigía",VE,"Venezuela","Asia",8.6241,-71.6727,71,162289,2234,124,"tropical — wet & dry seasons","regional city",January,67,84,75,70,62,62,61,61,54,59,69,66,76
VIJ,"Spanish Town",VG,"British Virgin Islands","Asia",18.4466,-64.4279,12,3800,2935,209,"semi-arid","beach resort",February,87,92,94,93,91,85,88,86,83,80,77,80,89
VJB,"Xai-Xai",MZ,"Mozambique","Asia",-24.8929,33.753,91,154356,2716,109,"tropical — wet & dry seasons","beach resort",August,83,68,78,78,82,91,90,91,92,91,87,80,71
VKG,"Rach Gia",VN,"Vietnam","Asia",9.958,105.1324,2,459860,2190,152,"tropical — wet & dry seasons","coastal city break",January,68,88,72,61,57,66,64,64,64,64,64,70,84
VKT,"Vorkuta",RU,"Russia","Asia",67.4886,63.9931,178,80039,1665,196,"subarctic","small town",July,6,0,0,0,0,0,12,42,17,0,0,0,0
VLD,"Valdosta",US,"United States","North America",30.7825,-83.2767,60,55724,2891,113,"humid subtropical","small town",October,72,54,64,77,79,82,69,63,62,76,84,84,64
VLL,"Valladolid",ES,"Spain","Europe",41.7061,-4.8519,843,322304,2453,129,"Mediterranean","regional city",July,52,0,7,29,56,86,88,91,91,89,69,21,0
VLS,"Epi Island",VU,"Vanuatu","Asia",-16.7961,168.177,10,2998,2365,209,"tropical rainforest","beach resort",August,71,65,65,65,65,70,74,80,81,80,74,71,66
VLV,"Valera",VE,"Venezuela","Asia",9.3405,-70.5841,571,244708,2453,119,"tropical — wet & dry seasons","regional city",January,74,89,72,68,74,70,71,72,70,69,69,77,86
VMU,"Baimuru",PG,"Papua New Guinea","Asia",-7.497,144.8218,5,712,2102,222,"tropical rainforest","small town",August,71,64,64,64,64,71,76,79,80,77,76,73,67
VNX,"Vilanculo",MZ,"Mozambique","Asia",-22.0184,35.3133,13,43183,3110,76,"tropical — wet & dry seasons","beach resort",August,86,77,75,77,88,94,91,90,95,95,92,87,70
VOL,"Nea Anchialos",GR,"Greece","Europe",39.2196,22.7943,11,5881,2628,94,"Mediterranean","beach resort",June,60,7,14,42,73,89,90,80,90,86,84,49,14
VPE,"Ngiva",AO,"Angola","Asia",-17.0435,15.6838,1114,142047,3066,54,"semi-arid","regional city",May,82,76,78,74,91,97,97,97,97,77,57,70,77
VPN,"Vopnafjörður",IS,"Iceland","Europe",65.7206,-14.8506,1,2572,1154,186,"subarctic","seaside town",July,5,0,0,0,0,0,18,28,17,0,0,0,0
VPY,"Chimoio",MZ,"Mozambique","Asia",-19.1513,33.429,694,422046,2803,94,"humid subtropical","city break",August,80,68,68,68,79,90,91,90,94,91,78,73,68
VQS,"Vieques",PR,"Puerto Rico","North America",18.1348,-65.4936,11,4325,2935,209,"tropical — wet & dry seasons","beach resort",February,79,86,89,87,82,76,81,78,74,71,72,71,82
VRA,"Matanzas",CU,"Cuba","Asia",23.0344,-81.4353,60,146733,2935,111,"semi-arid","beach resort",March,88,93,93,94,92,84,82,84,82,82,84,90,93
VRC,"Virac",PH,"Philippines","Asia",13.5764,124.206,37,75135,2278,209,"tropical rainforest","beach resort",April,65,65,65,65,69,65,65,65,65,65,65,65,65
VRL,"Vila Real",PT,"Portugal","Europe",41.2743,-7.7205,553,17001,2321,149,"Mediterranean","small town",July,53,6,13,30,51,82,86,89,88,84,68,29,6
VSE,"Viseu",PT,"Portugal","Europe",40.7255,-7.889,624,103502,2409,147,"Mediterranean","regional city",July,56,11,19,36,56,82,87,91,89,84,68,28,18
VST,"Stockholm / Västerås",SE,"Sweden","Europe",59.5894,16.6336,5,1515017,1725,158,"continental","city break",August,24,0,0,0,0,39,60,72,74,46,0,0,0
VSV,"Shravasti",IN,"India","Asia",27.4997,82.0329,111,182218,2540,49,"Mediterranean","regional city",November,64,90,89,82,27,8,13,53,66,66,88,93,93
VTU,"Las Tunas",CU,"Cuba","Asia",20.9876,-76.9358,99,203684,2584,114,"tropical — wet & dry seasons","regional city",January,82,90,90,89,86,74,73,83,77,76,72,84,89
VUS,"Velikiy Ustyug",RU,"Russia","Asia",60.7883,46.26,96,32642,1861,204,"continental","small town",July,23,0,0,0,0,43,65,70,65,31,0,0,0
VVC,"Villavicencio",CO,"Colombia","South America",4.1679,-73.6138,416,374763,1402,234,"tropical monsoon","regional city",January,62,78,74,59,59,59,59,59,59,59,59,59,62
VVZ,"Illizi",DZ,"Algeria","Asia",26.7235,8.6227,538,13029,3592,4,"hot desert","small town",February,63,91,100,100,90,40,10,0,10,30,90,100,100
VXC,"Lichinga",MZ,"Mozambique","Asia",-13.274,35.2663,1362,281341,2497,125,"Mediterranean","regional city",June,82,66,66,66,85,91,93,92,92,93,91,85,66
VXO,"Växjö",SE,"Sweden","Europe",56.9291,14.728,177,71282,1740,176,"continental","small town",July,26,0,0,0,14,45,67,69,66,45,6,0,0
VYI,"Vilyuisk",RU,"Russia","Asia",63.7567,121.6933,109,9948,2328,144,"subarctic","small town",June,23,0,0,0,0,14,82,80,82,14,0,0,0
WAA,"Wales",US,"United States","North America",65.6226,-168.095,5,2573,1942,157,"subpolar / tundra","seaside town",January,0,0,0,0,0,0,0,0,0,0,0,0,0
WAE,"Wadi Al Dawasir",SA,"Saudi Arabia","Asia",20.5043,45.1996,627,24097,3197,12,"hot desert","small town",January,56,98,98,98,58,20,0,0,0,20,78,98,98
WAG,"Wanganui",NZ,"New Zealand","Asia",-39.9635,175.0244,7,90500,1971,157,"oceanic / maritime","seaside town",January,49,80,79,79,56,43,24,18,25,31,36,52,62
WBB,"Stebbins",US,"United States","North America",63.516,-162.278,2,634,2741,125,"subarctic","seaside town",July,5,0,0,0,0,0,7,27,26,0,0,0,0
WBM,"Wapenamanda",PG,"Papua New Guinea","Asia",-5.6353,143.8922,1794,33623,1533,281,"tropical rainforest","highland town",August,61,60,60,60,60,60,60,66,67,60,60,60,60
WEI,"Weipa",AU,"Australia","Oceania",-12.6775,141.9226,18,2830,2716,103,"tropical — wet & dry seasons","beach resort",July,77,67,67,67,74,90,93,94,94,85,73,56,61
WGA,"Forest Hill",AU,"Australia","Oceania",-35.1635,147.4683,216,10780,2672,112,"humid subtropical","small town",April,69,70,84,86,89,66,35,29,43,73,86,84,85
WGN,"Shaoyang (Wugang)",CN,"China","Asia",26.8061,110.641,452,753194,1445,183,"humid subtropical","city break",October,51,6,31,54,59,59,59,60,64,72,74,59,19
WGP,"Waingapu-Sumba Island",ID,"Indonesia","Asia",-9.6692,120.302,5,35932,2847,109,"tropical — wet & dry seasons","beach resort",August,81,68,68,68,73,85,90,93,94,92,89,78,68
WHK,"Whakatāne",NZ,"New Zealand","Asia",-37.9222,176.917,6,18602,2234,128,"oceanic / maritime","seaside town",January,55,79,79,77,61,43,29,23,30,38,51,74,76
WIC,"Wick",GB,"United Kingdom","Europe",58.4589,-3.0931,37,7140,1480,242,"oceanic / maritime","seaside town",July,14,0,0,0,0,12,31,42,41,30,16,0,0
WJR,"Wajir",KE,"Kenya","Asia",1.7332,40.0916,254,90116,2935,50,"semi-arid","small town",July,71,66,48,45,59,80,95,96,86,66,67,69,70
WJU,"Wonju",KR,"South Korea","Asia",37.4371,127.9601,98,332849,2453,108,"hot-summer continental","regional city",May,41,0,0,7,59,79,70,66,66,66,68,14,0
WKA,"Wanaka",NZ,"New Zealand","Asia",-44.7221,169.2463,349,13200,1883,95,"oceanic / maritime","small town",February,36,65,71,65,41,17,0,0,6,22,34,51,59
WKJ,"Wakkanai",JP,"Japan","Asia",45.4042,141.801,6,33869,1533,258,"continental","seaside town",August,20,0,0,0,0,6,36,57,63,54,22,0,0
WKK,"Aleknagik",US,"United States","Asia",59.2826,-158.618,21,2404,2810,156,"subarctic","small town",July,15,0,0,0,0,7,53,56,49,18,0,0,0
WLH,"Walaha",VU,"Vanuatu","Asia",-15.412,167.691,42,13397,2278,222,"tropical rainforest","beach resort",August,66,65,65,65,65,65,65,69,72,69,65,65,65
WLK,"Selawik",US,"United States","North America",66.6001,-159.986,0,809,2570,107,"subarctic","small town",July,12,0,0,0,0,0,51,54,40,0,0,0,0
WLS,"Wallis Island",WF,"Wallis & Futuna","Oceania",-13.2394,-176.1986,17,1200,,,"tropical rainforest","beach resort",August,65,63,63,63,63,63,66,71,74,70,63,63,63
WMN,"Maroantsetra",MG,"Madagascar","Asia",-15.4377,49.6891,4,45041,2540,212,"tropical rainforest","beach resort",September,68,66,66,66,66,66,66,66,72,76,75,70,66
WMO,"White Mountain",US,"United States","North America",64.6892,-163.413,72,185,2709,120,"subarctic","seaside town",July,7,0,0,0,0,0,22,33,25,0,0,0,0
WNA,"Napakiak",US,"United States","North America",60.6903,-161.979,3,6450,2846,141,"subarctic","small town",July,12,0,0,0,0,7,42,46,38,7,0,0,0
WNH,"Wenshan",CN,"China","Asia",23.5583,104.3255,1590,771948,1621,168,"humid subtropical","highland city",March,68,55,78,82,76,66,60,60,60,66,76,75,56
WNI,"Wangi-wangi Island",ID,"Indonesia","Asia",-5.2921,123.6362,18,,2628,139,"tropical — wet & dry seasons","beach resort",September,75,67,67,67,67,67,67,80,89,90,88,78,67
WNN,"Wunnumin Lake",CA,"Canada","Asia",52.8939,-89.2892,249,,1980,140,"subarctic","small town",July,23,0,0,0,0,25,67,73,73,36,0,0,0
WNP,"Naga",PH,"Philippines","Asia",13.5849,123.27,46,741635,2278,201,"tropical rainforest","coastal city break",April,66,65,65,65,73,65,65,65,65,65,65,65,65
WNR,"Windorah",AU,"Australia","Asia",-25.4106,142.6684,135,104,3635,40,"hot desert","small town",April,76,27,46,64,99,98,97,98,99,98,88,57,38
WNS,"Nawabashah",PK,"Pakistan","Asia",26.2194,68.3901,29,421923,3329,7,"hot desert","city break",November,53,98,98,79,20,0,0,19,36,38,49,99,98
WOL,"Wollongong",AU,"Australia","Oceania",-34.5611,150.789,7,280153,2453,134,"humid subtropical","beach resort",October,67,79,67,74,80,62,38,42,48,71,81,78,80
WOS,"Wonsan",KP,"North Korea","Asia",39.1652,127.4879,1,329207,2321,111,"hot-summer continental","beach resort",May,38,0,0,0,40,77,72,65,65,65,60,7,0
WRE,"Whangarei",NZ,"New Zealand","Asia",-35.7693,174.3637,36,50900,1927,183,"oceanic / maritime","seaside town",February,53,78,79,77,64,42,30,23,24,38,46,61,71
WRG,"Wrangell",US,"United States","North America",56.4843,-132.37,10,2382,1621,193,"oceanic / maritime","seaside town",July,14,0,0,0,0,16,36,45,45,30,0,0,0
WRY,"Westray, Orkney Islands",GB,"United Kingdom","Asia",59.3505,-2.9501,8,7390,1377,249,"oceanic / maritime","seaside town",July,5,0,0,0,0,0,6,18,17,17,5,0,0
WSK,"Wushan",CN,"China","Asia",31.069,109.709,1768,117873,1489,179,"humid subtropical","alpine / mountain city",April,47,0,20,51,67,60,60,60,62,61,67,45,7
WSN,"South Naknek",US,"United States","North America",58.7024,-157.0054,47,2404,2795,156,"subarctic","seaside town",July,13,0,0,0,0,7,35,46,45,19,0,0,0
WST,"Westerly",US,"United States","North America",41.3496,-71.8034,19,17936,2584,122,"humid subtropical","seaside town",July,39,0,0,0,25,65,75,78,78,76,54,19,0
WSZ,"Westport",NZ,"New Zealand","Asia",-41.7371,171.579,3,4600,1796,201,"oceanic / maritime","seaside town",February,32,55,59,51,37,26,15,10,16,21,26,32,41
WTA,"Tambohorano",MG,"Madagascar","Asia",-17.4761,43.9728,8,23609,3373,74,"tropical — wet & dry seasons","beach resort",July,87,72,72,72,86,97,97,98,98,98,96,89,74
WTB,"Toowoomba",AU,"Australia","Oceania",-27.5583,151.7933,439,142163,2759,128,"humid subtropical","regional city",April,82,78,79,81,90,90,73,69,90,90,84,82,77
WTE,"Wotje",MH,"Marshall Islands","Asia",9.4583,170.2386,4,880,,,"tropical monsoon","beach resort",February,70,80,82,76,72,70,67,63,63,63,63,63,73
WTK,"Noatak",US,"United States","North America",67.5612,-162.9805,22,3277,2406,107,"subarctic","small town",July,8,0,0,0,0,0,36,39,26,0,0,0,0
WTL,"Tuntutuliak",US,"United States","North America",60.3512,-162.6545,4,6450,2838,150,"subarctic","small town",July,15,0,0,0,0,14,50,54,45,20,0,0,0
WTO,"Wotho",MH,"Marshall Islands","Asia",10.1733,166.003,3,160,,,"tropical — wet & dry seasons","beach resort",January,71,83,83,80,73,71,70,63,63,63,63,63,78
WUS,"Wuyishan",CN,"China","Asia",27.7019,118.001,194,137133,1796,170,"humid subtropical","regional city",October,55,25,35,51,62,62,62,62,62,70,80,59,32
WUU,"Wau",SS,"South Sudan","Asia",7.7258,27.975,467,127384,2929,99,"tropical — wet & dry seasons","regional city",November,56,48,29,19,34,57,70,69,69,69,73,75,57
WUZ,"Wuzhou",CN,"China","Asia",23.4032,111.0933,117,936931,1796,163,"humid subtropical","city break",December,69,71,80,67,62,62,62,62,62,64,79,77,82
WVB,"Walvis Bay(Rooikop)",NA,"Namibia","Africa",-22.9793,14.6471,85,73598,2321,13,"cold desert","seaside town",May,87,91,90,90,89,92,92,92,77,77,76,84,91
WWK,"Wewak",PG,"Papua New Guinea","Asia",-3.5838,143.669,5,18230,1840,212,"tropical rainforest","beach resort",January,62,62,62,62,62,62,62,62,62,62,62,62,62
WWT,"Mertarvik",US,"United States","North America",60.8104,-164.4995,100,1187,2791,160,"subarctic","small town",July,12,0,0,0,0,0,43,47,46,13,0,0,0
WYA,"Whyalla",AU,"Australia","Oceania",-33.0589,137.514,11,20880,2978,73,"semi-arid","beach resort",January,85,94,94,94,93,84,61,54,69,91,94,93,93
WYS,"West Yellowstone",US,"United States","North America",44.6884,-111.118,2022,1339,2672,108,"continental","alpine / mountain town",July,31,0,0,0,0,34,75,88,88,79,7,0,0
XAI,"Xinyang",CN,"China","Asia",32.5408,114.0791,96,1541000,2059,117,"humid subtropical","city break",October,50,0,7,55,77,73,65,63,65,75,80,41,0
XBE,"Bearskin Lake",CA,"Canada","Asia",53.9656,-91.0272,243,,2116,146,"subarctic","small town",July,22,0,0,0,0,20,68,73,68,32,0,0,0
XBJ,"Birjand",IR,"Iran","Asia",32.8965,59.2813,1509,324703,3110,51,"cold desert","regional city",August,72,16,31,78,94,96,78,78,97,97,97,72,32
XCH,"Flying Fish Cove",CX,"Christmas Island","Asia",-10.4504,105.6911,265,500,,,"tropical — wet & dry seasons","beach resort",August,74,63,63,63,63,72,76,81,87,87,83,77,67
XCR,"Chalons en Champagne",FR,"France","Europe",48.7733,4.2061,177,196565,1621,173,"oceanic / maritime","regional city",September,39,0,0,13,40,62,76,76,76,79,44,6,0
XGR,"Kangiqsualujjuaq",CA,"Canada","Asia",58.7114,-65.9928,55,956,1826,160,"subarctic","seaside town",July,8,0,0,0,0,0,12,41,37,0,0,0,0
XKH,"Xieng Khouang",LA,"Laos","Asia",19.45,103.158,1087,37507,2102,160,"humid subtropical","small town",February,78,89,90,86,80,67,69,64,64,66,79,87,89
XKS,"Kasabonika",CA,"Canada","Asia",53.5247,-88.6428,198,,2030,154,"subarctic","small town",July,21,0,0,0,0,19,61,74,68,31,0,0,0
XLB,"Lac Brochet",CA,"Canada","Asia",58.6143,-101.469,365,,2337,129,"subarctic","small town",July,17,0,0,0,0,0,58,74,56,13,0,0,0
XMS,"Macas",EC,"Ecuador","Asia",-2.2992,-78.1208,1040,23687,1183,212,"tropical rainforest","small town",September,61,62,61,58,58,58,58,64,66,68,61,61,61
XMY,"Yam",AU,"Australia","Asia",-9.8992,142.7743,4,2805,2321,158,"tropical — wet & dry seasons","beach resort",August,76,65,65,65,65,72,85,87,90,90,86,78,65
XPK,"Pukatawagan",CA,"Canada","Asia",55.7492,-101.266,291,,2426,130,"subarctic","small town",August,25,0,0,0,0,34,76,73,78,40,0,0,0
XPL,"Palmerola",HN,"Honduras","Asia",14.3824,-87.6212,625,946000,2759,168,"tropical — wet & dry seasons","city break",February,78,90,92,92,79,70,68,73,70,68,68,83,87
XQP,"Quepos",CR,"Costa Rica","North America",9.4432,-84.1298,22,7810,2234,188,"tropical monsoon","beach resort",February,71,83,87,85,72,64,64,64,64,64,64,64,73
XQU,"Qualicum Beach",CA,"Canada","Asia",49.3375,-124.3931,54,9303,1489,160,"oceanic / maritime","seaside town",August,26,0,0,0,6,40,53,75,81,50,11,0,0
XSC,"South Caicos",TC,"Turks & Caicos Islands","Asia",21.5157,-71.5285,1,23769,2540,161,"semi-arid","beach resort",February,85,88,90,89,89,82,86,87,84,80,79,82,87
XSI,"South Indian Lake",CA,"Canada","Asia",56.7928,-98.9072,286,,2354,121,"subarctic","small town",August,22,0,0,0,0,20,71,71,74,33,0,0,0
XSP,"Seletar",SG,"Singapore","Asia",1.4156,103.8667,10,5638700,2059,175,"tropical rainforest","major coastal city",February,64,63,72,63,63,63,63,63,63,63,63,63,63
XTG,"Thargomindah",AU,"Australia","Asia",-27.9864,143.8121,131,,3635,45,"hot desert","small town",April,77,28,46,75,98,97,89,89,98,98,97,66,48
XTL,"Tadoule Lake",CA,"Canada","Asia",58.7063,-98.5111,271,,2282,128,"subarctic","small town",July,17,0,0,0,0,0,58,73,54,13,0,0,0
XWA,"Williston",US,"United States","North America",48.2609,-103.7512,707,26977,2628,93,"hot-summer continental","small town",August,38,0,0,0,30,69,80,85,87,87,22,0,0
XYA,"Yandina",SB,"Solomon Islands","Asia",-9.0928,159.2184,15,56298,2102,203,"tropical rainforest","beach resort",January,64,64,64,64,64,64,64,64,64,64,64,64,64
YAA,"Anahim Lake",CA,"Canada","Asia",52.4515,-125.3038,1107,1500,1848,107,"subarctic","alpine / mountain town",August,22,0,0,0,0,27,52,73,74,40,0,0,0
YAB,"Arctic Bay",CA,"Canada","Asia",73.0061,-85.0462,17,,2204,82,"subpolar / tundra","seaside town",January,0,0,0,0,0,0,0,0,0,0,0,0,0
YAC,"Cat Lake",CA,"Canada","Asia",51.7272,-91.8244,408,,1983,145,"continental","small town",August,25,0,0,0,0,37,71,72,74,43,0,0,0
YAG,"Fort Frances",CA,"Canada","Asia",48.6557,-93.4435,341,7739,1971,131,"continental","small town",August,30,0,0,0,7,57,71,75,77,70,7,0,0
YAK,"Yakutat",US,"United States","North America",59.5087,-139.6604,9,657,2241,211,"subarctic","seaside town",July,7,0,0,0,0,0,16,27,27,11,0,0,0
YAL,"Alert Bay",CA,"Canada","Asia",50.5822,-126.916,68,3902,1528,207,"oceanic / maritime","seaside town",July,24,0,0,0,12,37,48,68,67,46,15,0,0
YAM,"Sault Ste Marie",CA,"Canada","North America",46.4832,-84.5085,186,72051,1883,172,"continental","small town",July,26,0,0,0,0,32,62,75,74,60,11,0,0
YAP,"Yap",FM,"Micronesia","Asia",9.4989,138.083,25,7371,,,"tropical rainforest","beach resort",February,64,63,68,65,65,63,63,63,63,63,63,63,63
YAS,"Yasawa",FJ,"Fiji","Asia",-16.7589,177.545,9,14596,2365,223,"tropical monsoon","beach resort",July,71,65,65,65,65,71,77,82,81,80,70,68,65
YAT,"Attawapiskat",CA,"Canada","Asia",52.9275,-82.4319,8,1501,1785,108,"continental","small town",July,18,0,0,0,0,13,50,64,59,35,0,0,0
YAX,"Angling Lake",CA,"Canada","Asia",53.8492,-89.5794,212,,2055,159,"subarctic","small town",August,22,0,0,0,0,20,68,74,75,31,0,0,0
YAY,"St. Anthony",CA,"Canada","Asia",51.3919,-56.0832,28,2049,1676,172,"subarctic","seaside town",July,13,0,0,0,0,0,24,53,52,29,0,0,0
YAZ,"Tofino",CA,"Canada","Asia",49.0798,-125.7756,24,2516,1577,200,"oceanic / maritime","seaside town",July,21,0,0,0,5,31,37,59,58,40,20,0,0
YBB,"Kugaaruk",CA,"Canada","Asia",68.5357,-89.8055,8,933,2302,71,"subpolar / tundra","seaside town",July,1,0,0,0,0,0,0,14,0,0,0,0,0
YBC,"Baie-Comeau",CA,"Canada","North America",49.1325,-68.2044,20,21536,1796,157,"continental","seaside town",July,18,0,0,0,0,12,42,67,61,35,0,0,0
YBE,"Uranium City",CA,"Canada","Asia",59.5614,-108.481,311,,2415,129,"subarctic","small town",July,21,0,0,0,0,21,68,78,65,21,0,0,0
YBG,"Saguenay",CA,"Canada","North America",48.3301,-70.992,158,148886,1664,182,"continental","regional city",June,26,0,0,0,0,43,71,68,69,58,6,0,0
YBI,"Black Tickle",CA,"Canada","Asia",53.4698,-55.7875,13,150,1823,175,"subarctic","seaside town",August,5,0,0,0,0,0,0,24,30,6,0,0,0
YBK,"Baker Lake",CA,"Canada","North America",64.2989,-96.0778,11,2061,2100,108,"subarctic","small town",July,8,0,0,0,0,0,13,51,32,0,0,0,0
YBL,"Campbell River",CA,"Canada","Asia",49.9508,-125.271,100,33430,1664,172,"oceanic / maritime","seaside town",July,32,0,0,0,18,51,70,79,79,61,20,0,0
YBR,"Brandon",CA,"Canada","North America",49.91,-99.9519,408,48859,2102,101,"continental","small town",August,30,0,0,0,7,58,72,79,80,68,0,0,0
YBT,"Brochet",CA,"Canada","Asia",57.8894,-101.679,345,,2321,128,"subarctic","small town",July,17,0,0,0,0,7,58,74,56,13,0,0,0
YBV,"Berens River",CA,"Canada","North America",52.3589,-97.0183,222,,2326,111,"continental","small town",July,28,0,0,0,0,42,80,81,81,55,0,0,0
YBX,"Blanc-Sablon",CA,"Canada","Asia",51.4436,-57.1853,31,1113,1539,199,"subarctic","seaside town",August,12,0,0,0,0,0,18,46,50,28,0,0,0
YBY,"Bonnyville",CA,"Canada","Asia",54.3042,-110.744,559,5975,2405,104,"continental","small town",August,29,0,0,0,0,55,76,77,84,57,0,0,0
YCB,"Cambridge Bay",CA,"Canada","Asia",69.1081,-105.138,24,1760,2313,97,"subpolar / tundra","seaside town",January,0,0,0,0,0,0,0,0,0,0,0,0,0
YCG,"Castlegar",CA,"Canada","Asia",49.2964,-117.632,495,8338,1664,148,"continental","small town",August,34,0,0,0,6,62,73,82,83,79,19,0,0
YCK,"Colville Lake",CA,"Canada","Asia",67.0202,-126.1284,272,,2211,113,"subarctic","small town",July,14,0,0,0,0,0,55,67,40,0,0,0,0
YCL,"Charlo",CA,"Canada","Asia",47.9908,-66.3303,36,1323,1796,150,"continental","seaside town",August,26,0,0,0,0,36,66,72,73,54,12,0,0
YCM,"Niagara-on-the-Lake",CA,"Canada","North America",43.1916,-79.1717,97,17511,1927,137,"hot-summer continental","small town",August,34,0,0,0,13,56,75,74,77,75,43,0,0
YCO,"Kugluktuk",CA,"Canada","Asia",67.8164,-115.1431,20,1382,2473,111,"subpolar / tundra","small town",July,1,0,0,0,0,0,0,14,0,0,0,0,0
YCR,"Cross Lake",CA,"Canada","Asia",54.6098,-97.7624,213,5753,2380,110,"continental","small town",June,27,0,0,0,0,41,79,77,78,48,0,0,0
YCS,"Chesterfield Inlet",CA,"Canada","North America",63.3469,-90.7311,7,2975,2320,98,"subpolar / tundra","seaside town",July,1,0,0,0,0,0,0,14,0,0,0,0,0
YCY,"Clyde River",CA,"Canada","Asia",70.4861,-68.5167,25,1181,1953,108,"subpolar / tundra","seaside town",January,0,0,0,0,0,0,0,0,0,0,0,0,0
YDA,"Dawson City",CA,"Canada","Asia",64.0431,-139.128,367,1375,2155,120,"subarctic","small town",July,16,0,0,0,0,21,60,65,47,0,0,0,0
YDF,"Deer Lake",CA,"Canada","North America",49.2082,-57.3961,16,5319,1402,186,"continental","small town",July,21,0,0,0,0,18,53,68,67,44,6,0,0
YDL,"Dease Lake",CA,"Canada","Asia",58.4222,-130.032,802,,1878,149,"subarctic","small town",July,12,0,0,0,0,0,42,51,41,12,0,0,0
YDN,"Dauphin",CA,"Canada","Asia",51.1008,-100.052,303,8457,2298,116,"continental","small town",July,31,0,0,0,7,53,75,81,81,70,0,0,0
YDP,"Nain",CA,"Canada","Asia",56.5508,-61.6822,6,1204,1901,142,"subarctic","small town",August,7,0,0,0,0,0,12,33,36,6,0,0,0
YDV,"Bloodvein River",CA,"Canada","Asia",51.7846,-96.6923,221,,2271,108,"continental","small town",July,28,0,0,0,0,47,78,81,80,55,0,0,0
YEI,"Yenişehir",TR,"Türkiye","Asia",40.2552,29.5626,229,28656,2672,120,"Mediterranean","small town",July,55,0,7,28,57,87,87,91,91,86,75,42,7
YEK,"Arviat",CA,"Canada","North America",61.0942,-94.0708,7,2864,2216,95,"subpolar / tundra","seaside town",July,5,0,0,0,0,0,0,33,26,0,0,0,0
YER,"Fort Severn",CA,"Canada","Asia",56.0189,-87.6761,15,,2114,144,"subarctic","seaside town",August,9,0,0,0,0,0,13,37,43,13,0,0,0
YEV,"Inuvik",CA,"Canada","North America",68.3042,-133.483,60,3243,2173,125,"subarctic","small town",July,13,0,0,0,0,0,49,61,40,0,0,0,0
YFA,"Fort Albany",CA,"Canada","Asia",52.2035,-81.6952,14,1501,1733,102,"continental","small town",August,22,0,0,0,0,25,61,68,72,40,0,0,0
YFH,"Fort Hope",CA,"Canada","North America",51.5619,-87.9078,270,1014,1922,164,"continental","small town",August,24,0,0,0,0,30,65,72,75,41,0,0,0
YFJ,"Wekweètì",CA,"Canada","Asia",64.1908,-114.077,367,129,2457,108,"subarctic","small town",July,16,0,0,0,0,0,56,75,55,0,0,0,0
YFO,"Flin Flon",CA,"Canada","Asia",54.6781,-101.682,298,5865,2386,116,"continental","small town",August,28,0,0,0,0,48,75,75,79,54,0,0,0
YFS,"Fort Simpson",CA,"Canada","Asia",61.7602,-121.237,168,1100,2287,123,"subarctic","small town",June,25,0,0,0,0,41,78,76,72,28,0,0,0
YFX,"St. Lewis",CA,"Canada","Asia",52.3728,-55.6739,27,194,1794,173,"subarctic","seaside town",August,9,0,0,0,0,0,6,36,43,18,0,0,0
YGH,"Fort Good Hope",CA,"Canada","Asia",66.2407,-128.6478,80,507,2135,102,"subarctic","small town",July,15,0,0,0,0,0,61,73,46,0,0,0,0
YGL,"La Grande Rivière",CA,"Canada","North America",53.6253,-77.7042,185,5397,1681,185,"subarctic","small town",July,15,0,0,0,0,6,49,57,50,22,0,0,0
YGO,"Gods Lake Narrows",CA,"Canada","North America",54.5577,-94.4901,184,1950,2217,155,"continental","small town",August,24,0,0,0,0,27,69,73,74,39,0,0,0
YGP,"Gaspé",CA,"Canada","Asia",48.7749,-64.4819,31,14819,1840,144,"continental","seaside town",August,17,0,0,0,0,6,36,60,61,36,0,0,0
YGR,"Les Îles-de-la-Madeleine",CA,"Canada","Asia",47.4252,-61.7786,4,12190,1664,144,"continental","seaside town",August,15,0,0,0,0,0,17,53,59,40,11,0,0
YGT,"Igloolik",CA,"Canada","Asia",69.3647,-81.8161,49,2049,2381,104,"subpolar / tundra","seaside town",January,0,0,0,0,0,0,0,0,0,0,0,0,0
YGV,"Havre-Saint-Pierre",CA,"Canada","North America",50.2819,-63.6114,36,3460,1863,147,"continental","seaside town",August,22,0,0,0,0,24,54,70,73,41,0,0,0
YGW,"Kuujjuarapik",CA,"Canada","Asia",55.2819,-77.7653,9,792,1681,181,"subpolar / tundra","seaside town",August,4,0,0,0,0,0,0,18,24,0,0,0,0
YGX,"Gillam",CA,"Canada","Asia",56.3571,-94.7115,144,1007,2288,151,"subarctic","small town",June,22,0,0,0,0,14,72,72,67,33,0,0,0
YGZ,"Grise Fiord",CA,"Canada","Asia",76.4258,-82.9086,38,129,2016,88,"subpolar / tundra","seaside town",January,0,0,0,0,0,0,0,0,0,0,0,0,0
YHA,"Port Hope Simpson",CA,"Canada","Asia",52.5281,-56.2861,106,,1707,183,"subarctic","small town",August,18,0,0,0,0,6,36,65,66,37,0,0,0
YHI,"Ulukhaktok",CA,"Canada","Asia",70.7628,-117.806,34,,2393,78,"subpolar / tundra","seaside town",July,1,0,0,0,0,0,0,14,0,0,0,0,0
YHK,"Gjoa Haven",CA,"Canada","Asia",68.6356,-95.8497,41,1349,2179,68,"subpolar / tundra","seaside town",January,0,0,0,0,0,0,0,0,0,0,0,0,0
YHO,"Hopedale",CA,"Canada","Asia",55.4488,-60.2281,5,,1909,175,"subarctic","seaside town",July,6,0,0,0,0,0,0,30,30,12,0,0,0
YHP,"Poplar Hill",CA,"Canada","North America",52.1133,-94.2556,330,,2110,149,"continental","small town",August,27,0,0,0,0,45,73,75,77,51,0,0,0
YHR,"Chevery",CA,"Canada","Asia",50.4683,-59.6378,9,3961,1521,160,"subarctic","seaside town",August,10,0,0,0,0,0,12,40,45,22,0,0,0
YHY,"Hay River",CA,"Canada","North America",60.8397,-115.783,162,3528,2501,120,"subarctic","small town",July,21,0,0,0,0,21,68,80,67,21,0,0,0
YIE,"Arxan",CN,"China","Asia",47.3106,119.9117,892,32301,2847,154,"subarctic","small town",June,27,0,0,0,0,44,81,73,79,44,0,0,0
YIF,"St-Augustin",CA,"Canada","Asia",51.2117,-58.6583,3,3961,1478,138,"subarctic","seaside town",July,13,0,0,0,0,0,23,51,50,27,0,0,0
YIK,"Ivujivik",CA,"Canada","Asia",62.4173,-77.9253,37,412,1711,143,"subpolar / tundra","seaside town",January,0,0,0,0,0,0,0,0,0,0,0,0,0
YIO,"Pond Inlet",CA,"Canada","North America",72.6895,-77.9689,58,1555,2016,106,"subpolar / tundra","seaside town",January,0,0,0,0,0,0,0,0,0,0,0,0,0
YIV,"Island Lake",CA,"Canada","North America",53.8572,-94.6536,232,,2210,157,"continental","small town",June,25,0,0,0,0,33,75,73,74,45,0,0,0
YJT,"Stephenville",CA,"Canada","North America",48.5434,-58.5529,8,6540,1314,215,"continental","seaside town",August,16,0,0,0,0,0,29,57,61,38,5,0,0
YKA,"Kamloops",CA,"Canada","North America",50.703,-120.4486,344,104460,1853,102,"continental","regional city",August,39,0,0,0,28,75,80,84,85,83,27,0,0
YKG,"Kangirsuk",CA,"Canada","Asia",60.0272,-69.9992,110,561,1732,146,"subpolar / tundra","seaside town",July,4,0,0,0,0,0,0,24,19,0,0,0,0
YKH,"Yingkou (Laobian)",CN,"China","Asia",40.5425,122.3586,3,1639000,2628,87,"hot-summer continental","coastal city break",September,41,0,0,0,51,83,78,67,67,84,57,0,0
YKL,"Schefferville",CA,"Canada","Asia",54.8053,-66.8053,520,259,1758,201,"subarctic","small town",July,12,0,0,0,0,0,35,49,45,12,0,0,0
YKM,"Yakima",US,"United States","North America",46.5682,-120.544,325,93701,2102,75,"Mediterranean","small town",July,44,0,0,7,42,85,87,90,89,88,41,0,0
YKO,"Hakkari",TR,"Türkiye","Asia",37.5497,44.2381,1854,77699,2891,106,"continental","alpine / mountain town",July,43,0,0,0,14,67,94,95,95,95,53,0,0
YKQ,"Waskaganish",CA,"Canada","Asia",51.4733,-78.7583,22,1839,1541,173,"continental","seaside town",July,18,0,0,0,0,12,48,63,58,35,0,0,0
YKU,"Chisasibi",CA,"Canada","Asia",53.8056,-78.9169,13,5397,1590,169,"subarctic","seaside town",July,11,0,0,0,0,0,31,47,39,17,0,0,0
YLC,"Kimmirut",CA,"Canada","Asia",62.8483,-69.8779,44,426,1777,142,"subpolar / tundra","seaside town",July,1,0,0,0,0,0,0,6,0,0,0,0,0
YLE,"Whatì",CA,"Canada","Asia",63.1317,-117.246,267,1746,2434,92,"subarctic","small town",July,22,0,0,0,0,21,75,82,67,21,0,0,0
YLH,"Lansdowne House",CA,"Canada","Asia",52.1956,-87.9342,251,,1925,165,"subarctic","small town",August,23,0,0,0,0,25,66,71,73,35,0,0,0
YLK,"Barrie",CA,"Canada","Asia",44.4851,-79.5547,288,182041,1840,170,"continental","regional city",July,33,0,0,0,0,46,79,80,80,80,26,0,0
YLL,"Lloydminster",CA,"Canada","Asia",53.3092,-110.073,664,31582,2315,93,"continental","small town",August,31,0,0,0,7,62,76,77,82,64,0,0,0
YMH,"Mary's Harbour",CA,"Canada","Asia",52.3028,-55.8474,8,,1789,177,"subarctic","seaside town",August,9,0,0,0,0,0,6,36,43,18,0,0,0
YMN,"Makkovik",CA,"Canada","Asia",55.0773,-59.1879,67,,1829,180,"subarctic","seaside town",August,11,0,0,0,0,0,18,46,47,18,0,0,0
YMO,"Moosonee",CA,"Canada","Asia",51.2911,-80.6078,8,1405,1761,165,"continental","seaside town",July,17,0,0,0,0,6,43,64,60,35,0,0,0
YMP,"Port McNeill",CA,"Canada","Asia",50.5735,-127.0277,56,2234,1483,210,"oceanic / maritime","seaside town",July,24,0,0,0,12,37,48,68,67,46,15,0,0
YMS,"Yurimaguas",PE,"Peru","South America",-5.8938,-76.1182,146,41827,1752,171,"tropical — wet & dry seasons","small town",July,66,65,67,61,61,69,73,77,72,59,62,63,66
YMT,"Chibougamau",CA,"Canada","Asia",49.7719,-74.5281,385,7563,1577,175,"continental","small town",July,23,0,0,0,0,37,65,69,69,41,0,0,0
YNA,"Natashquan",CA,"Canada","Asia",50.1901,-61.789,9,,1811,172,"subarctic","seaside town",August,10,0,0,0,0,0,12,42,47,23,0,0,0
YNB,"Yanbu",SA,"Saudi Arabia","Asia",24.1442,38.0634,9,267590,3723,2,"hot desert","beach resort",February,84,99,100,100,100,80,60,60,60,60,90,99,99
YNC,"Wemindji",CA,"Canada","Asia",53.0106,-78.8311,14,5397,1542,173,"subarctic","seaside town",July,9,0,0,0,0,0,18,34,34,17,0,0,0
YND,"Gatineau",CA,"Canada","Asia",45.5217,-75.5636,58,300045,1840,148,"continental","regional city",August,32,0,0,0,12,61,70,71,73,73,24,0,0
YNE,"Norway House",CA,"Canada","Asia",53.9583,-97.8442,221,5753,2425,129,"continental","small town",June,26,0,0,0,0,34,78,78,78,41,0,0,0
YNL,"Points North Landing",CA,"Canada","North America",58.2767,-104.082,477,,2330,149,"subarctic","small town",July,20,0,0,0,0,20,65,75,63,20,0,0,0
YNO,"North Spirit Lake",CA,"Canada","North America",52.49,-92.9711,327,,2046,148,"continental","small town",August,25,0,0,0,0,38,72,72,74,44,0,0,0
YNP,"Natuashish",CA,"Canada","Asia",55.9139,-61.1844,7,1204,1886,159,"subarctic","seaside town",August,9,0,0,0,0,0,12,40,42,12,0,0,0
YNS,"Nemiscau",CA,"Canada","Asia",51.6911,-76.1356,239,,1603,185,"subarctic","small town",July,20,0,0,0,0,19,59,67,57,34,0,0,0
YOC,"Old Crow",CA,"Canada","Asia",67.5706,-139.839,245,,2221,82,"subarctic","small town",July,11,0,0,0,0,0,48,52,26,0,0,0,0
YOG,"Ogoki Post",CA,"Canada","Asia",51.6586,-85.9017,179,,1836,138,"continental","small town",August,23,0,0,0,0,31,65,70,72,41,0,0,0
YOH,"Oxford House",CA,"Canada","Asia",54.9333,-95.2789,193,1950,2302,150,"subarctic","small town",June,24,0,0,0,0,27,77,74,74,39,0,0,0
YOJ,"High Level",CA,"Canada","Asia",58.6214,-117.165,337,3159,2394,122,"subarctic","small town",August,28,0,0,0,0,49,80,79,84,43,0,0,0
YOL,"Yola",NG,"Nigeria","Africa",9.2576,12.4304,179,460000,2803,67,"tropical — wet & dry seasons","city break",October,56,57,29,19,34,54,65,68,68,68,82,66,67
YON,"Yongphulla",BT,"Bhutan","Asia",27.2563,91.5146,2547,13864,2497,88,"highland","highland town",September,54,23,30,52,63,68,66,66,66,71,68,46,31
YPA,"Prince Albert",CA,"Canada","Asia",53.2142,-105.673,427,35102,2356,113,"continental","small town",August,28,0,0,0,0,49,74,79,82,55,0,0,0
YPC,"Paulatuk",CA,"Canada","Asia",69.3608,-124.0755,3,,2381,106,"subpolar / tundra","seaside town",July,1,0,0,0,0,0,0,7,0,0,0,0,0
YPE,"Peace River",CA,"Canada","North America",56.2269,-117.447,568,6842,2286,116,"subarctic","small town",August,29,0,0,0,0,55,79,79,83,49,0,0,0
YPH,"Inukjuak",CA,"Canada","Asia",58.4719,-78.0769,26,1821,1708,151,"subpolar / tundra","seaside town",July,2,0,0,0,0,0,0,12,12,0,0,0,0
YPJ,"Aupaluk",CA,"Canada","Asia",59.2967,-69.5997,28,,1721,156,"subpolar / tundra","seaside town",August,2,0,0,0,0,0,0,6,13,0,0,0,0
YPL,"Pickle Lake",CA,"Canada","Asia",51.4464,-90.2142,378,,1959,163,"continental","small town",August,24,0,0,0,0,31,72,72,75,42,0,0,0
YPM,"Pikangikum",CA,"Canada","North America",51.8197,-93.9733,340,1177,2085,147,"continental","small town",August,26,0,0,0,0,38,72,74,76,50,0,0,0
YPN,"Port-Menier",CA,"Canada","North America",49.8364,-64.2886,50,3460,1796,149,"continental","seaside town",July,12,0,0,0,0,0,24,49,49,24,0,0,0
YPO,"Peawanuck",CA,"Canada","Asia",54.9879,-85.4426,52,,1984,134,"subarctic","small town",July,14,0,0,0,0,0,38,59,53,18,0,0,0
YPQ,"Peterborough",CA,"Canada","Asia",44.2323,-78.3621,191,85807,1883,151,"continental","small town",August,30,0,0,0,0,32,71,77,79,71,25,0,0
YPR,"Prince Rupert",CA,"Canada","Asia",54.2861,-130.445,29,14708,1242,241,"oceanic / maritime","seaside town",August,13,0,0,0,0,16,27,37,39,24,10,0,0
YPW,"Powell River",CA,"Canada","Asia",49.8342,-124.5,117,13157,1664,160,"oceanic / maritime","seaside town",July,30,0,0,0,11,50,69,79,77,58,20,0,0
YPX,"Puvirnituq",CA,"Canada","Asia",60.0506,-77.2869,19,2129,1733,152,"subpolar / tundra","seaside town",July,3,0,0,0,0,0,0,19,18,0,0,0,0
YPY,"Fort Chipewyan",CA,"Canada","North America",58.7672,-111.117,223,,2512,129,"subarctic","small town",June,28,0,0,0,0,43,83,81,82,42,0,0,0
YPZ,"Burns Lake",CA,"Canada","Asia",54.3764,-125.951,713,1779,1940,133,"subarctic","small town",July,23,0,0,0,0,33,58,78,73,39,0,0,0
YQA,"Gravenhurst",CA,"Canada","Asia",44.9754,-79.3065,278,12312,1883,165,"continental","small town",June,34,0,0,0,7,54,81,81,81,81,26,0,0
YQC,"Quaqtaq",CA,"Canada","Asia",61.0464,-69.6178,30,,1748,128,"subpolar / tundra","seaside town",January,0,0,0,0,0,0,0,0,0,0,0,0,0
YQD,"The Pas",CA,"Canada","Asia",53.9714,-101.091,268,5513,2426,118,"continental","small town",August,28,0,0,0,0,48,76,75,79,54,0,0,0
YQG,"Windsor",CA,"Canada","North America",42.2756,-82.9556,187,319246,2015,137,"hot-summer continental","regional city",September,38,0,0,0,32,73,75,75,75,77,52,0,0
YQH,"Watson Lake",CA,"Canada","Asia",60.1168,-128.822,686,1547,2023,145,"subarctic","small town",July,19,0,0,0,0,27,57,64,59,20,0,0,0
YQK,"Kenora",CA,"Canada","Asia",49.7883,-94.3631,408,15096,2015,124,"continental","small town",August,27,0,0,0,0,49,68,72,77,61,0,0,0
YQL,"Lethbridge",CA,"Canada","North America",49.6303,-112.8,918,103197,2190,93,"continental","alpine / mountain city",July,34,0,0,0,14,54,77,86,85,77,14,0,0
YQN,"Nakina",CA,"Canada","Asia",50.1828,-86.6964,317,4636,1811,166,"continental","small town",August,24,0,0,0,0,36,64,71,74,46,0,0,0
YQQ,"Comox",CA,"Canada","North America",49.7108,-124.887,24,14806,1752,165,"oceanic / maritime","seaside town",July,36,0,0,0,25,60,80,83,82,70,28,0,0
YQX,"Gander",CA,"Canada","North America",48.9363,-54.5677,136,11880,1533,198,"continental","small town",August,22,0,0,0,0,18,52,67,68,50,11,0,0
YQZ,"Quesnel",CA,"Canada","Asia",53.0261,-122.51,544,9879,1991,132,"continental","small town",August,33,0,0,0,14,61,79,80,83,67,13,0,0
YRA,"Gamètì",CA,"Canada","Asia",64.1161,-117.31,217,278,2456,95,"subarctic","small town",July,21,0,0,0,0,14,76,81,68,14,0,0,0
YRB,"Resolute Bay",CA,"Canada","North America",74.7169,-94.9694,64,,2078,97,"subpolar / tundra","seaside town",January,0,0,0,0,0,0,0,0,0,0,0,0,0
YRF,"Cartwright",CA,"Canada","Asia",53.6825,-57.0423,10,,1685,187,"subarctic","seaside town",July,15,0,0,0,0,0,35,62,57,30,0,0,0
YRG,"Rigolet",CA,"Canada","Asia",54.1797,-58.4575,57,305,1769,182,"subarctic","small town",July,15,0,0,0,0,0,36,62,58,24,0,0,0
YRJ,"Roberval",CA,"Canada","Asia",48.5197,-72.2657,174,10227,1752,156,"continental","small town",June,26,0,0,0,0,43,72,68,70,53,6,0,0
YRL,"Red Lake",CA,"Canada","Asia",51.0669,-93.7931,379,4366,2020,142,"continental","small town",August,26,0,0,0,0,44,69,72,76,56,0,0,0
YRS,"Red Sucker Lake",CA,"Canada","North America",54.1672,-93.5572,225,,2185,155,"subarctic","small town",August,23,0,0,0,0,26,68,73,74,39,0,0,0
YRT,"Rankin Inlet",CA,"Canada","North America",62.8114,-92.1158,31,2975,2309,99,"subpolar / tundra","seaside town",July,5,0,0,0,0,0,0,34,20,0,0,0,0
YSB,"Sudbury",CA,"Canada","North America",46.625,-80.7989,346,166004,1840,148,"continental","regional city",June,31,0,0,0,6,56,74,74,74,74,18,0,0
YSF,"Stony Rapids",CA,"Canada","Asia",59.2503,-105.841,240,,2351,104,"subarctic","small town",July,20,0,0,0,0,14,66,76,65,20,0,0,0
YSG,"Lutselk'e",CA,"Canada","Asia",62.4178,-110.6828,178,303,2419,124,"subarctic","small town",July,20,0,0,0,0,7,69,81,67,14,0,0,0
YSJ,"Saint John",CA,"Canada","North America",45.3161,-65.8903,104,71808,1796,156,"continental","seaside town",August,26,0,0,0,0,30,57,72,73,59,22,0,0
YSK,"Sanikiluaq",CA,"Canada","North America",56.5369,-79.2502,23,1010,1789,156,"subpolar / tundra","seaside town",January,0,0,0,0,0,0,0,0,0,0,0,0,0
YSL,"Saint-Léonard",CA,"Canada","Asia",47.1571,-67.8362,240,79495,1664,155,"continental","small town",August,26,0,0,0,0,42,67,66,69,59,11,0,0
YSO,"Postville",CA,"Canada","Asia",54.9105,-59.7851,67,177,1872,180,"subarctic","small town",August,13,0,0,0,0,0,30,52,53,25,0,0,0
YSQ,"Songyuan",CN,"China","Asia",44.9311,124.5521,145,763983,2672,82,"hot-summer continental","city break",September,40,0,0,0,46,85,79,75,77,86,30,0,0
YST,"St. Theresa Point",CA,"Canada","North America",53.8453,-94.852,232,,2209,154,"continental","small town",June,25,0,0,0,0,33,75,74,74,46,0,0,0
YSY,"Sachs Harbour",CA,"Canada","Asia",71.9939,-125.243,80,112,2330,85,"subpolar / tundra","seaside town",January,0,0,0,0,0,0,0,0,0,0,0,0,0
YTE,"Kinngait",CA,"Canada","North America",64.23,-76.5267,47,1396,1619,176,"subpolar / tundra","seaside town",January,0,0,0,0,0,0,0,0,0,0,0,0,0
YTH,"Thompson",CA,"Canada","North America",55.8011,-97.8642,221,14955,2375,142,"subarctic","small town",June,24,0,0,0,0,28,77,72,75,33,0,0,0
YTL,"Big Trout Lake",CA,"Canada","Asia",53.8178,-89.8969,221,,2053,157,"subarctic","small town",July,22,0,0,0,0,20,68,74,68,31,0,0,0
YTQ,"Tasiujaq",CA,"Canada","Asia",58.6678,-69.9558,29,420,1711,164,"subarctic","small town",July,10,0,0,0,0,0,25,47,42,0,0,0,0
YTS,"Timmins",CA,"Canada","North America",48.5697,-81.3767,294,41788,1796,172,"continental","small town",August,27,0,0,0,0,44,73,72,75,55,0,0,0
YTW,"Yutian",CN,"China","Asia",36.8085,81.7827,1440,147050,2628,19,"cold desert","regional city",April,57,0,0,47,93,93,92,84,93,93,79,8,0
YUD,"Umiujaq",CA,"Canada","Asia",56.5361,-76.5183,72,541,1733,174,"subpolar / tundra","seaside town",July,6,0,0,0,0,0,13,30,30,0,0,0,0
YUM,"Yuma",US,"United States","North America",32.6509,-114.6094,56,95548,4015,15,"hot desert","small town",March,69,98,98,99,99,70,20,10,10,39,99,98,90
YUS,"Yushu (Batang)",CN,"China","Asia",32.8364,97.0364,3897,141308,2628,140,"subarctic","alpine / mountain city",August,18,0,0,0,0,28,44,56,58,33,0,0,0
YUT,"Repulse Bay",CA,"Canada","North America",66.521,-86.2252,17,1225,2385,76,"subpolar / tundra","seaside town",July,1,0,0,0,0,0,0,14,0,0,0,0,0
YUX,"Sanirajak",CA,"Canada","Asia",68.7761,-81.2425,4,2049,2431,111,"subpolar / tundra","seaside town",January,0,0,0,0,0,0,0,0,0,0,0,0,0
YUY,"Rouyn-Noranda",CA,"Canada","North America",48.2061,-78.8356,297,23504,1708,165,"continental","small town",June,26,0,0,0,0,38,73,71,71,54,0,0,0
YVB,"Bonaventure",CA,"Canada","Asia",48.0711,-65.4603,35,2673,1840,139,"continental","seaside town",August,26,0,0,0,0,30,60,73,74,61,18,0,0
YVC,"La Ronge",CA,"Canada","Asia",55.1514,-105.262,374,5671,2320,124,"continental","small town",August,27,0,0,0,0,47,75,73,80,47,0,0,0
YVM,"Qikiqtarjuaq",CA,"Canada","Asia",67.5466,-64.0314,4,,2221,80,"subpolar / tundra","seaside town",January,0,0,0,0,0,0,0,0,0,0,0,0,0
YVO,"Val-d'Or",CA,"Canada","North America",48.0533,-77.7828,337,25541,1752,188,"continental","small town",June,25,0,0,0,0,37,72,69,70,47,0,0,0
YVP,"Kuujjuaq",CA,"Canada","North America",58.0961,-68.4269,35,2668,1759,176,"subarctic","small town",July,10,0,0,0,0,0,25,48,43,6,0,0,0
YVQ,"Norman Wells",CA,"Canada","North America",65.2816,-126.798,71,1027,2057,130,"subarctic","small town",July,18,0,0,0,0,7,67,78,52,7,0,0,0
YVV,"Wiarton",CA,"Canada","Asia",44.7458,-81.1072,221,1996,1796,170,"continental","small town",July,28,0,0,0,0,32,62,77,76,69,24,0,0
YWB,"Kangiqsujuaq",CA,"Canada","Asia",61.5886,-71.9294,145,837,1698,149,"subpolar / tundra","seaside town",January,0,0,0,0,0,0,0,0,0,0,0,0,0
YWJ,"Déline",CA,"Canada","Asia",65.2111,-123.436,210,,2237,116,"subarctic","small town",July,15,0,0,0,0,0,54,73,47,0,0,0,0
YWK,"Wabush",CA,"Canada","North America",52.9219,-66.8644,547,1964,1685,195,"subarctic","small town",July,12,0,0,0,0,0,34,52,41,17,0,0,0
YWL,"Williams Lake",CA,"Canada","Asia",52.1831,-122.054,936,14168,1972,125,"continental","alpine / mountain town",August,31,0,0,0,7,54,78,81,83,60,7,0,0
YWM,"Williams Harbour",CA,"Canada","Asia",52.5674,-55.7849,17,,1808,173,"subarctic","seaside town",August,9,0,0,0,0,0,6,36,43,18,0,0,0
YWP,"Webequie",CA,"Canada","Asia",52.9594,-87.3749,206,,1936,156,"subarctic","small town",July,22,0,0,0,0,25,66,72,66,35,0,0,0
YXC,"Cranbrook",CA,"Canada","North America",49.6108,-115.782,931,20047,2059,117,"continental","alpine / mountain town",August,37,0,0,0,21,67,77,85,86,83,27,0,0
YXH,"Medicine Hat",CA,"Canada","North America",50.0189,-110.721,716,63138,2280,90,"continental","small town",July,36,0,0,0,22,62,79,86,85,79,15,0,0
YXK,"Rimouski",CA,"Canada","Asia",48.4776,-68.4963,20,42240,1533,153,"continental","seaside town",July,21,0,0,0,0,24,52,71,65,41,0,0,0
YXN,"Whale Cove",CA,"Canada","North America",62.24,-92.5981,11,2975,2297,99,"subpolar / tundra","seaside town",January,0,0,0,0,0,0,0,0,0,0,0,0,0
YXP,"Pangnirtung",CA,"Canada","Asia",66.1449,-65.7136,24,1504,2073,103,"subpolar / tundra","seaside town",January,0,0,0,0,0,0,0,0,0,0,0,0,0
YXS,"Prince George",CA,"Canada","North America",53.8843,-122.6666,673,78943,2058,161,"continental","small town",August,29,0,0,0,0,54,79,77,81,58,0,0,0
YXT,"Terrace",CA,"Canada","North America",54.4685,-128.576,214,19443,1526,197,"continental","small town",July,23,0,0,0,0,36,58,68,66,40,10,0,0
YXU,"London",CA,"Canada","North America",43.0328,-81.149,274,422324,1752,167,"continental","city break",August,35,0,0,0,13,64,76,76,79,76,32,0,0
YYB,"North Bay",CA,"Canada","North America",46.3636,-79.4228,357,50396,1796,169,"continental","small town",August,28,0,0,0,0,44,73,73,75,62,12,0,0
YYD,"Smithers",CA,"Canada","Asia",54.8247,-127.183,523,5351,1759,155,"subarctic","small town",August,22,0,0,0,0,32,56,69,70,37,0,0,0
YYE,"Fort Nelson",CA,"Canada","North America",58.8364,-122.597,379,2611,2342,131,"subarctic","small town",August,28,0,0,0,0,56,77,78,81,43,0,0,0
YYF,"Penticton",CA,"Canada","North America",49.4631,-119.602,340,33761,1840,106,"continental","small town",August,37,0,0,0,20,65,77,84,85,83,27,0,0
YYH,"Taloyoak",CA,"Canada","Asia",69.5467,-93.5767,24,,2259,57,"subpolar / tundra","small town",January,0,0,0,0,0,0,0,0,0,0,0,0,0
YYL,"Lynn Lake",CA,"Canada","Asia",56.8639,-101.076,362,,2355,138,"subarctic","small town",July,22,0,0,0,0,20,71,72,71,27,0,0,0
YYQ,"Churchill",CA,"Canada","North America",58.7392,-94.065,17,,1800,146,"subarctic","seaside town",July,13,0,0,0,0,0,39,62,47,13,0,0,0
YYY,"Mont-Joli",CA,"Canada","North America",48.6086,-68.2081,41,6568,1664,162,"continental","seaside town",August,24,0,0,0,0,30,59,72,73,47,6,0,0
YZG,"Salluit",CA,"Canada","Asia",62.1794,-75.6672,223,1075,1648,162,"subpolar / tundra","seaside town",July,3,0,0,0,0,0,0,24,12,0,0,0,0
YZP,"Sandspit",CA,"Canada","Asia",53.2543,-131.814,5,296,1607,232,"oceanic / maritime","seaside town",July,16,0,0,0,0,18,35,49,46,30,15,0,0
YZS,"Coral Harbour",CA,"Canada","North America",64.1933,-83.3594,59,1035,2277,109,"subpolar / tundra","seaside town",January,0,0,0,0,0,0,0,0,0,0,0,0,0
YZT,"Port Hardy",CA,"Canada","Asia",50.6806,-127.367,15,3902,1445,214,"oceanic / maritime","seaside town",August,24,0,0,0,11,36,47,61,65,42,20,0,0
YZU,"Whitecourt",CA,"Canada","Asia",54.1439,-115.787,781,8763,2235,121,"subarctic","small town",August,27,0,0,0,0,47,70,75,82,49,0,0,0
YZY,"Zhangye (Ganzhou)",CN,"China","Asia",38.8019,100.675,1588,507433,3022,49,"cold desert","city break",May,45,0,0,0,48,93,92,90,91,92,32,0,0
YZZ,"Trail",CA,"Canada","Asia",49.0556,-117.609,433,7920,1664,136,"continental","small town",August,36,0,0,0,19,70,74,83,84,81,25,0,0
ZAL,"Valdivia",CL,"Chile","South America",-39.65,-73.0861,17,159599,1717,74,"oceanic / maritime","seaside town",January,45,82,82,79,50,27,10,10,15,24,36,51,73
ZBF,"South Tetagouche",CA,"Canada","Asia",47.6297,-65.7389,54,17537,1883,142,"continental","seaside town",August,29,0,0,0,0,37,73,73,76,69,18,0,0
ZBR,"Konarak",IR,"Iran","Asia",25.4432,60.3822,7,43258,3197,14,"hot desert","beach resort",February,73,94,97,96,68,29,38,49,59,69,78,97,96
ZDY,"Delma",AE,"United Arab Emirates","Asia",24.51,52.3352,5,25000,3416,12,"hot desert","beach resort",May,88,98,98,97,98,99,79,69,60,69,99,98,97
ZEL,"Bella Bella",CA,"Canada","Asia",52.185,-128.157,35,1193,1395,220,"oceanic / maritime","seaside town",August,16,0,0,0,5,21,31,43,47,34,15,0,0
ZEM,"Eastmain River",CA,"Canada","Asia",52.2264,-78.5225,6,1839,1494,175,"subarctic","seaside town",July,11,0,0,0,0,0,24,40,40,22,0,0,0
ZFD,"Fond-du-Lac",CA,"Canada","Asia",59.3344,-107.182,242,,2353,121,"subarctic","small town",July,23,0,0,0,0,21,74,77,71,27,0,0,0
ZFL,"Zhaosu",CN,"China","Asia",43.0885,81.223,1733,146887,2716,81,"continental","alpine / mountain city",August,36,0,0,0,22,59,87,87,90,69,15,0,0
ZFM,"Fort Mcpherson",CA,"Canada","Asia",67.407,-134.8602,33,,2157,97,"subarctic","small town",July,14,0,0,0,0,0,55,68,40,0,0,0,0
ZFN,"Tulita",CA,"Canada","Asia",64.9095,-125.5703,99,1027,2171,124,"subarctic","small town",July,19,0,0,0,0,14,67,76,58,7,0,0,0
ZGI,"Gods River",CA,"Canada","North America",54.8397,-94.0786,186,1950,2240,155,"subarctic","small town",July,23,0,0,0,0,20,70,74,73,33,0,0,0
ZGS,"Le Golfe-du-Saint-Laurent",CA,"Canada","Asia",50.2596,-60.6744,28,3382,1640,133,"continental","seaside town",July,19,0,0,0,0,12,41,69,69,39,0,0,0
ZIG,"Ziguinchor",SN,"Senegal","Asia",12.5556,-16.2833,21,214874,2891,75,"tropical — wet & dry seasons","regional city",January,68,96,67,47,38,38,61,69,69,69,72,95,96
ZIX,"Zhigansk",RU,"Russia","Asia",66.7965,123.361,87,3237,2207,161,"subarctic","small town",July,16,0,0,0,0,0,60,80,54,0,0,0,0
ZKE,"Kashechewan",CA,"Canada","Asia",52.2825,-81.6778,13,1501,1739,102,"continental","small town",July,18,0,0,0,0,13,49,63,60,34,0,0,0
ZKG,"Côte-Nord-du-Golfe-du-Saint-Laurent",CA,"Canada","Asia",50.1958,-61.2658,9,790,1723,154,"subarctic","seaside town",August,8,0,0,0,0,0,6,35,40,17,0,0,0
ZKP,"Zyryanka",RU,"Russia","Asia",65.7485,150.8889,35,3627,2187,158,"subarctic","small town",July,14,0,0,0,0,0,52,68,45,0,0,0,0
ZLO,"Manzanillo",MX,"Mexico","North America",19.1448,-104.559,8,159853,2453,65,"tropical — wet & dry seasons","beach resort",April,81,91,89,92,93,91,74,66,66,66,70,87,91
ZLT,"La Tabatière",CA,"Canada","Asia",50.8308,-58.9756,29,3961,1454,119,"subarctic","seaside town",July,13,0,0,0,0,0,23,51,50,27,0,0,0
ZMT,"Masset",CA,"Canada","North America",54.0275,-132.125,5,,1552,205,"oceanic / maritime","seaside town",August,9,0,0,0,0,6,18,30,33,20,5,0,0
ZND,"Zinder",NE,"Niger","Africa",13.779,8.9838,455,318874,3066,42,"hot desert","regional city",January,59,97,87,49,19,9,27,53,70,70,57,77,97
ZOS,"Osorno",CL,"Chile","South America",-40.6112,-73.061,57,154131,2409,80,"oceanic / maritime","regional city",January,45,85,85,82,45,23,5,5,11,26,39,54,76
ZPB,"Sachigo Lake",CA,"Canada","North America",53.8909,-92.1959,268,,2110,150,"subarctic","small town",August,23,0,0,0,0,26,68,72,73,38,0,0,0
ZPC,"Pucon",CL,"Chile","South America",-39.2928,-71.9159,260,26953,2584,82,"oceanic / maritime","small town",January,46,88,88,85,47,24,0,0,6,26,39,62,85
ZQN,"Queenstown",NZ,"New Zealand","Oceania",-45.0192,168.7464,355,10442,1708,127,"oceanic / maritime","alpine / mountain town",January,27,61,58,47,29,6,0,0,0,11,22,40,50
ZRJ,"Round Lake",CA,"Canada","North America",52.9436,-91.3128,293,,2034,134,"subarctic","small town",August,23,0,0,0,0,26,67,72,74,37,0,0,0
ZSJ,"Sandy Lake",CA,"Canada","North America",53.0642,-93.3444,292,,2093,152,"continental","small town",August,25,0,0,0,0,32,73,72,74,44,0,0,0
ZTB,"Tête-à-la-Baleine",CA,"Canada","Asia",50.6744,-59.3836,33,3961,1489,128,"subarctic","seaside town",August,10,0,0,0,0,0,12,40,45,22,0,0,0
ZTM,"Shamattawa",CA,"Canada","Asia",55.8636,-92.0811,85,1019,2214,153,"subarctic","small town",July,20,0,0,0,0,7,64,72,67,26,0,0,0
ZUM,"Churchill Falls",CA,"Canada","Asia",53.5619,-64.1064,436,,1830,202,"subarctic","small town",July,15,0,0,0,0,0,41,61,56,24,0,0,0
ZWL,"Wollaston Lake",CA,"Canada","Asia",58.1069,-103.172,408,,2326,150,"subarctic","small town",July,19,0,0,0,0,14,63,74,61,20,0,0,0